material_id,formula,nsites,volume_per_site,crystal_system,Ef,Ehull,Eg,is_stable,is_metal
mp-2468835,Li7B18O,26,9.175029616817788,Monoclinic,-0.41602970897435926,0.029330214096150442,0.0,False,True
mp-769287,Li2TiS2O,24,17.221301521590647,Monoclinic,-2.0103958154166666,0.027613073564816126,2.2463,False,False
mp-772290,LiAgO,12,13.105605649785014,Tetragonal,-1.2544819891666645,0.0,1.0898999999999999,True,False
mp-775901,LiV3OF11,32,13.60791147002437,Triclinic,-2.9698529045833335,0.040301110039060006,1.4560000000000002,False,False
mp-775902,LiV3OF11,32,13.72478369404421,Triclinic,-2.965329519583333,0.04482449503906061,1.2935999999999999,False,False
mp-776414,LiV4OF11,17,12.839717010754493,Triclinic,-3.118484364313726,0.044406640588232626,1.0343,False,False
mp-776488,LiMnOF2,20,11.423285204007477,Monoclinic,-2.6744702702528746,0.02799144766666295,0.9907999999999999,False,False
mp-776904,LiFe2OF3,28,12.106556106969714,Orthorhombic,-2.403235781190476,0.034207641428569247,2.9055,False,False
mp-777269,LiV3OF11,32,13.649778920745911,Monoclinic,-2.979403870520833,0.030750144101560295,1.4645000000000001,False,False
mp-777831,LiV4OF11,34,12.931739295598815,Triclinic,-3.121612117254902,0.04127888764705556,0.9877000000000001,False,False
mp-778107,LiV4OF11,34,12.933813756370402,Triclinic,-3.1193711825490205,0.04351982235293761,1.1080999999999999,False,False
mp-778119,LiFe2OF3,28,11.906247851997053,Orthorhombic,-2.3933914365476183,0.044051986071426796,2.7818,False,False
mp-779753,LiV4OF11,34,12.909366208172576,Monoclinic,-3.1219372404901966,0.04095376441176146,1.3346999999999998,False,False
mp-780857,Li2VOF4,16,12.022872863033092,Orthorhombic,-3.031692705208333,0.003700841250010356,1.6283,False,False
mp-849274,LiFeOF2,20,11.49722397319078,Monoclinic,-2.518478076666667,0.03950447755555331,2.4912,False,False
mp-850188,LiVOF4,14,13.536502969777757,Orthorhombic,-2.8218241261904766,0.040682309047614496,2.1572,False,False
mp-850198,Li4Co2OF7,28,10.707169961795582,Monoclinic,-2.6304690516666676,0.04518957785714228,1.2875,False,False
mp-850339,Li5CoOF5,48,11.06380971373905,Trigonal,-2.812136761388889,0.036831308124998685,1.0417999999999998,False,False
mp-850394,LiV3OF11,16,14.07660330396865,Triclinic,-2.9650069064583335,0.04514710816405998,1.7972,False,False
mp-850913,LiVOF3,48,12.504778838580862,Triclinic,-2.9492691630555563,0.04312374750000991,1.6564999999999999,False,False
mp-861557,Li4Mn3OF11,19,11.179897740708492,Triclinic,-2.855495353532971,0.04577794333333607,1.0928,False,False
mp-1147554,LiLaSO,8,17.73251879857536,Tetragonal,-2.779311240208334,0.008456593750000074,3.1807,False,False
mp-1176561,LiV4OF11,34,12.73237811464098,Triclinic,-3.114112720784314,0.04877828411764451,0.8691,False,False
mp-1176736,LiFe2OF3,28,12.107707715114339,Trigonal,-2.3921305447619043,0.045312877857140776,3.2135,False,False
mp-1177748,Li2VOF4,32,10.780560265230939,Monoclinic,-3.020372528958333,0.01502101750001028,2.1068000000000002,False,False
mp-1177857,Li2Ti2Sb2O,7,17.742593122757537,Tetragonal,-1.2458521911904756,0.03996464714285963,0.0,False,True
mp-1197533,LiMnH2OF4,36,10.398560214273038,Orthorhombic,-2.374387805696041,0.007979997777800563,1.9510999999999998,False,False
mp-1275794,LiFe2OF3,14,12.113314540529313,Trigonal,-2.4029077826190472,0.03453563999999787,2.9945,False,False
mp-1290585,LiVOF2,20,11.526486282037329,Triclinic,-2.9628412556666683,0.02281401574999009,1.9785000000000001,False,False
mp-1298606,Li2VOF4,32,11.801766950801015,Monoclinic,-3.027189654270833,0.008203892187510498,2.0491,False,False
mp-1299574,Li4Co2OF7,14,10.763743941835077,Triclinic,-2.639666785952382,0.03599184357142793,1.3216999999999999,False,False
mp-1307265,LiV3OF11,32,14.298348487218414,Triclinic,-2.975146463958333,0.03500755066406036,1.8749,False,False
mp-1307846,Li2VOF4,16,11.795450083569161,Monoclinic,-3.0270190039583333,0.00837454250001013,2.0317,False,False
mp-1308000,Li4Co2OF7,28,10.836903692663338,Monoclinic,-2.6400962680952387,0.035562361428571165,1.3944,False,False
mp-1311086,Li4Co2OF7,28,10.809055634916287,Monoclinic,-2.6401018041666666,0.03555682535714233,1.3677000000000001,False,False
mp-1311449,Li4Co2OF7,28,10.793863338743638,Monoclinic,-2.640258741309524,0.03539988821428519,1.4085999999999999,False,False
mp-1312877,Li2VOF4,32,11.817670979277715,Triclinic,-3.027129437395833,0.008264109062510627,2.0690999999999997,False,False
mp-1960,Li2O,3,8.398782930867444,Cubic,-2.0615979138888885,0.0,4.8986,True,False
mp-5127,LiCuO,12,11.160200253307563,Tetragonal,-1.432946590277778,0.0,1.4376000000000002,True,False
mp-23856,LiHO,6,8.674295442587992,Tetragonal,-1.7789127198611105,0.0,4.0344999999999995,True,False
mp-28545,RbLiO,12,16.883750984636325,Orthorhombic,-1.5961131244444442,0.0012700191666663585,2.2542999999999997,False,False
mp-559612,KLiO,12,14.548781393988873,Orthorhombic,-1.6354417968611106,0.012296178333333074,2.3803,False,False
mp-560581,LiBeH8CNOF4,68,9.139750833182445,Monoclinic,-1.5862568859313722,0.0385046026715683,5.5732,False,False
mp-625998,LiHO,6,9.630244821727354,Orthorhombic,-1.7747260898611106,0.004186630000000413,4.022,False,False
mp-675734,Li7B18O,26,9.184586748187037,Monoclinic,-0.4124928716666672,0.032867051403842495,0.0,False,True
mp-685320,Li20B54O,75,9.73466155491251,Triclinic,-0.2653166134222215,0.044718160533332885,0.0,False,True
mp-697263,LiAsH2OF6,22,11.660985717943907,Orthorhombic,-2.305963577575758,0.0012611415909118406,4.1762,False,False
mp-730585,LiBH2OF4,72,10.01097276356954,Orthorhombic,-2.583052676805555,0.01171426865740699,7.129,False,False
mp-752498,Li2VOF5,9,13.979641418136746,Orthorhombic,-2.9076886974074077,0.029861655000000376,3.2968,False,False
mp-752550,Li3NiOF3,32,8.801238222215298,Tetragonal,-2.6304766649999998,0.047341250624999276,1.9121000000000001,False,False
mp-752723,LiVH2OF5,20,11.792957047239286,Monoclinic,-2.5295829895833335,0.0317818761875035,1.9578,False,False
mp-752884,Li5CoOF5,24,8.301507140041249,Tetragonal,-2.814739888888889,0.034228180624999105,0.06909999999999972,False,False
mp-752885,LiVOF3,24,11.151662956837713,Triclinic,-2.949711009305556,0.0426819012500097,1.2543,False,False
mp-753143,Li4NiOF4,40,8.811112321257077,Tetragonal,-2.7350091913333334,0.04012423200000104,1.8989000000000003,False,False
mp-753282,Li2MnOF3,28,10.857948809355985,Monoclinic,-2.7976394974425287,0.0368032879761957,1.5105,False,False
mp-753283,Li6NiOF6,28,8.701060032659331,Tetragonal,-2.8593866417857146,0.026964504642856824,1.8946,False,False
mp-753329,Li3Ni3OF7,28,10.90308590305223,Trigonal,-2.4916036789285707,0.03750143303571285,3.5292999999999997,False,False
mp-753377,Li5NiOF5,24,8.728042048398715,Tetragonal,-2.8085573872222223,0.0314530412500007,1.8952,False,False
mp-753392,Li2NiOF2,12,8.917198825336966,Tetragonal,-2.477552437777778,0.03807296499999957,2.1820999999999997,False,False
mp-753559,LiNiOF,16,9.102237965567761,Tetragonal,-2.1516805202083344,0.039559856875000854,2.243,False,False
mp-753701,Li6V2OF11,20,10.367078984333604,Monoclinic,-3.108878457,0.0273230372499933,1.1776,False,False
mp-753723,Li2Mn2OF6,22,11.421970801050872,Triclinic,-2.8105938875026126,0.021574763484845327,1.631,False,False
mp-753753,Li2MnOF3,28,10.896981007969599,Tetragonal,-2.7945563688711,0.039886416547624925,1.8858,False,False
mp-754082,Li6Mn2OF11,20,10.355840979872221,Triclinic,-2.892310824793104,0.040182482486111226,1.0769,False,False
mp-754564,Li2CoOF3,28,10.658341909321104,Tetragonal,-2.490693154880952,0.04902592178571563,1.0344,False,False
mp-754749,Li2CoOF3,28,10.595721205978396,Monoclinic,-2.4941435309523814,0.04557554571428568,0.6847,False,False
mp-754813,LiFe2OF3,28,12.124128260414865,Orthorhombic,-2.3915995565476185,0.04584386607142665,2.3114999999999997,False,False
mp-755474,Li2Fe2OF6,22,11.25469613163111,Triclinic,-2.6650758219696966,0.04370741151514945,2.3334,False,False
mp-755505,Li2NbOF5,9,11.34989136696419,Monoclinic,-3.259803304074074,0.008421649027776645,0.00020000000000020002,False,False
mp-755843,LiFe2OF5,18,11.535372852870545,Monoclinic,-2.5668030875925925,0.03128871160493496,2.2705,False,False
mp-756639,Li2NbOF5,27,11.340266003267743,Trigonal,-3.2584553259259255,0.009769627175925777,3.6859,False,False
mp-757198,Li2VOF5,27,10.516442856967277,Trigonal,-2.9341118685185186,0.00343848388888901,2.8337000000000003,False,False
mp-757620,LiVOF3,24,10.665354411296542,Monoclinic,-2.9647348572222234,0.027658053333342814,1.8346999999999998,False,False
mp-758755,Li3Co3OF7,28,11.344832782212714,Trigonal,-2.498783595357143,0.04244825732142843,2.6365,False,False
mp-759150,LiVOF2,20,11.542098981394783,Monoclinic,-2.9647295831666676,0.020925688249990415,1.6095,False,False
mp-759179,LiNiOF,12,9.183713067530944,Tetragonal,-2.1455821983333334,0.04565817875000189,2.1881999999999997,False,False
mp-759438,Li6CoOF6,28,8.805974345318466,Tetragonal,-2.864843297857143,0.02918582660714275,0.0,False,True
mp-759652,Li4CoOF4,40,8.972267898872452,Tetragonal,-2.736479714583333,0.04940287799999865,0.017400000000000304,False,False
mp-760048,Li2CoOF2,24,9.163678552656892,Tetragonal,-2.4916046969444445,0.041935987916666306,0.1825000000000001,False,False
mp-760189,LiVOF4,28,13.314645695397301,Triclinic,-2.8444057729761907,0.01810066226189999,3.0138,False,False
mp-760197,Li5V2OF11,38,11.269087675424723,Triclinic,-3.05319460745614,0.04960800710526847,1.479,False,False
mp-760242,LiVOF4,14,13.50301599548978,Triclinic,-2.8263256076190477,0.03618082761904251,2.1252,False,False
mp-760282,Li2VOF4,16,10.894269734810372,Monoclinic,-3.0266917445833332,0.00870180187501024,2.1898999999999997,False,False
mp-760326,Li2VOF5,18,11.366476359653934,Monoclinic,-2.912346617407408,0.02520373499999984,2.5852,False,False
mp-760816,Li3VOF5,40,10.701330950348003,Triclinic,-3.04163386225,0.019560065750006572,2.1558,False,False
mp-761096,Li3Co3OF7,28,11.274952612106754,Monoclinic,-2.501300988928573,0.03993086374999866,2.6661,False,False
mp-761120,LiMn2OF5,36,11.341506895050102,Monoclinic,-2.7083511593550447,0.045517610925918994,0.8545999999999999,False,False
mp-761267,Li2VOF4,16,11.789812813301495,Orthorhombic,-3.022909838333333,0.01248370812501065,1.5987,False,False
mp-761271,Li2VOF4,32,11.14138866343807,Triclinic,-3.0144653264583336,0.020928220000009823,2.0956,False,False
mp-764593,Li3Fe3OF7,28,11.829855983760252,Monoclinic,-2.633140507142857,0.04471378214285604,3.1024000000000003,False,False
mp-764685,LiVOF3,24,13.446642849338204,Monoclinic,-2.9586070105555557,0.03378590000001047,2.2221,False,False
mp-764721,LiVOF3,12,11.550043826208224,Monoclinic,-2.9575576405555566,0.03483527000000919,1.9123,False,False
mp-764760,LiVOF3,24,11.255390981584418,Orthorhombic,-2.963911693055556,0.028481217500010203,2.1361,False,False
mp-764842,LiVOF3,24,11.919140181864934,Monoclinic,-2.950569155972223,0.04182375458334331,2.1513,False,False
mp-764845,LiVOF3,24,11.432039058186403,Monoclinic,-2.97235874138889,0.020034169166676108,1.8467,False,False
mp-765230,LiVOF3,12,12.580440457224471,Monoclinic,-2.977491400555556,0.014901510000010276,1.5224,False,False
mp-765238,Li4V3OF11,19,11.100282339693875,Triclinic,-3.124997817017544,0.039391552368415184,2.1408,False,False
mp-765358,Li3VOF5,40,10.314137927458834,Monoclinic,-3.032076414,0.029117514000006395,2.7786,False,False
mp-765507,Li2VOF3,28,11.048249336278001,Tetragonal,-2.9876033888095246,0.04912050624998887,2.3625000000000003,False,False
mp-765521,LiVOF3,24,12.93132305483177,Tetragonal,-2.9446259993055564,0.04776691125000987,2.1107,False,False
mp-765544,Li4V3OF11,19,11.035195624788912,Triclinic,-3.1154962559649126,0.04889311342104641,2.2344999999999997,False,False
mp-765761,Li3Co3OF7,28,11.285018022018976,Monoclinic,-2.4995482817857146,0.04168357089285735,2.8048,False,False
mp-765834,Li6V2OF11,40,10.49203885645537,Triclinic,-3.119667119,0.016534375249992905,1.7513,False,False
mp-1539853,LiV(OF)2,12,10.88449894816336,Monoclinic,-2.717074635555562,0.0,2.216,True,False
mp-1540429,LiBiO2,16,14.31071526588038,Monoclinic,-1.842064596458333,0.0,2.9495,True,False
mp-1574529,Li2MnO2F,24,9.488801085426445,Orthorhombic,-2.4584269407662833,0.036284853333335754,2.0922,False,False
mp-1639002,LiCo3(OF3)2,24,10.789808775696455,Monoclinic,-2.091311776111111,0.0333926862500018,0.8473999999999999,False,False
mp-1643079,Li2MnO2F,24,9.514389917316135,Orthorhombic,-2.4582293778496163,0.036482416250002814,2.1220999999999997,False,False
mp-1643372,LiCo3(OF3)2,24,10.769984067019054,Monoclinic,-2.077750684861112,0.046953777500000626,0.8745999999999999,False,False
mp-2348641,LiNiO2,12,8.743687741994716,Triclinic,-1.4979912991666673,0.0,0.018000000000000238,True,False
mp-2506805,LiMnO2,16,9.885568260613994,Monoclinic,-2.1305990378160935,0.029270926249999718,1.6644999999999999,False,False
mp-2861076,LiMnO2,16,9.500046423764132,Orthorhombic,-2.119882682816092,0.03998728125000106,1.9855000000000005,False,False
mp-769319,LiNb(OF)2,24,12.23959917029132,Monoclinic,-3.170102649305557,0.0,3.1688,True,False
mp-770635,LiNiO2,8,8.09307521830657,Tetragonal,-1.4828055370833333,0.015185762083333998,0.0,False,True
mp-770699,KLiMnO2,20,14.284196261053788,Orthorhombic,-1.823669557702874,0.02701469550000013,1.0669999999999997,False,False
mp-772030,LiTiO2,16,8.710728757437844,Orthorhombic,-2.967983604791667,0.01137334312499938,0.0,False,True
mp-772395,LiV(OF)2,12,11.716824783677474,Monoclinic,-2.713161117222222,0.003913518333340527,2.2105,False,False
mp-772400,Li2W(OF2)2,36,11.743197749777936,Orthorhombic,-2.7839873087962967,0.00343760923611125,4.1690000000000005,False,False
mp-773044,LiCuO2,8,10.932497554187428,Monoclinic,-1.425870712083333,0.02471069874999987,0.33030000000000004,False,False
mp-775331,LiVO2,16,9.379380150611633,Orthorhombic,-2.4670045070833337,0.026776534999999768,1.4973000000000005,False,False
mp-777412,Li2VO2F,24,9.281332912691404,Monoclinic,-2.6692054356944444,0.04811374375000188,1.4806999999999997,False,False
mp-777497,Li2VO2F,12,9.282561731858756,Monoclinic,-2.669844458611111,0.047474720833334594,1.0852,False,False
mp-779788,LiMnO2,48,9.428715343665386,Triclinic,-2.116618136357759,0.04325182770833358,0.0,False,True
mp-780155,Li9Fe3(OF7)2,28,10.75566238732444,Triclinic,-2.8353538403571434,0.04783439978174453,1.8077999999999999,False,False
mp-780202,Li2FeO2F,24,8.926708300551782,Orthorhombic,-2.3166791448611104,0.03474383833333494,1.6583999999999999,False,False
mp-849241,LiNiO2,20,8.666113210757933,Trigonal,-1.482013294833333,0.015978004333333296,0.0,False,True
mp-849273,LiCoO2,16,7.8929692424307705,Cubic,-1.7450637045833348,0.0005960662499990832,0.0,False,True
mp-850062,LiNiO2,20,8.293378098153653,Triclinic,-1.4888760878333336,0.009115211333333484,0.0,False,True
mp-850982,LiCo3(OF3)2,24,10.701486124236352,Monoclinic,-2.100362096111111,0.024342366250001746,0.18589999999999995,False,False
mp-853240,LiCoO2,16,8.662097920932453,Orthorhombic,-1.7087600945833339,0.03689967625000001,1.8839000000000001,False,False
mp-865631,LiNiO2,8,8.289932869422655,Monoclinic,-1.4978774833333333,0.00011381583333403,0.0,False,True
mp-866271,LiNiO2,12,8.723662149613107,Monoclinic,-1.489747370833334,0.008243928333333095,0.0,False,True
mp-867665,LiV3(OF3)2,24,11.433306052575439,Monoclinic,-3.0513614031944436,0.0,1.4935000000000003,True,False
mp-976726,LiDyO2,16,12.299998884599441,Orthorhombic,-3.288713784999998,0.0,4.5644,True,False
mp-996959,LiAuO2,8,11.75341416743396,Tetragonal,-1.2371192295833326,0.0,1.5375,True,False
mp-996961,LiAuO2,8,13.756755846377832,Monoclinic,-1.2030508220833331,0.03406840749999951,1.4041000000000001,False,False
mp-996962,LiAgO2,8,11.193029744381814,Monoclinic,-1.1042049549999993,0.0,0.6091000000000001,True,False
mp-996986,LiCuO2,8,11.064411027539418,Orthorhombic,-1.405479454583333,0.04510195624999991,0.15580000000000016,False,False
mp-996987,LiCuO2,8,9.470192034107084,Orthorhombic,-1.428987384583333,0.021594026249999843,0.5072000000000001,False,False
mp-996988,LiAgO2,4,12.876999500852301,Orthorhombic,-1.0579341062499994,0.04627084874999987,0.0945999999999999,False,False
mp-996992,LiAgO2,4,11.484570014420353,Monoclinic,-1.0817056962499993,0.022499258749999917,0.4686999999999999,False,False
mp-996997,LiAgO2,8,11.453736192166472,Orthorhombic,-1.099839199999999,0.004365755000000249,0.5004000000000001,False,False
mp-1002572,LiMnO2,16,9.521033387597432,Orthorhombic,-2.1173139321910934,0.04255603187499979,0.8561000000000001,False,False
mp-1004373,LiMnO2,16,9.048037334299792,Orthorhombic,-2.1422410059410932,0.017628958124999983,1.0352999999999999,False,False
mp-1020057,LiLaO2,16,13.281189080627033,Monoclinic,-3.1725252102083337,0.023029582187499287,3.7336,False,False
mp-1097885,LiCoO2,16,8.686102179334014,Monoclinic,-1.702223190833334,0.043436579999999836,2.0128000000000004,False,False
mp-1176519,LiVO2,16,9.608667183790438,Hexagonal,-2.4438503802083344,0.04993066187499906,1.6624999999999996,False,False
mp-1176523,LiVO2,16,8.787646839715011,Cubic,-2.481679115833333,0.012101926250000616,0.0,False,True
mp-1176564,LiTmO2,16,12.158639645303937,Monoclinic,-3.3492641639583347,0.0,5.0674,True,False
mp-1176588,LiNiO2,16,8.368474458232505,Orthorhombic,-1.479704844583333,0.018286454583334333,0.12910000000000021,False,False
mp-1176658,LiMn2O2F3,16,11.258236226430665,Monoclinic,-2.553960374274425,0.03301790958333495,1.9852999999999998,False,False
mp-1176675,LiLuO2,16,11.58805607723186,Monoclinic,-3.383788604374999,0.0019842293750009787,5.687200000000001,False,False
mp-1177757,Li2VO2F,12,9.250767189623966,Orthorhombic,-2.6924838877777777,0.02483529166666809,1.6205000000000003,False,False
mp-1177862,Li2PtO2,5,10.935806696113604,Orthorhombic,-1.6009197853333326,0.02905620822222499,1.5326,False,False
mp-1177943,Li2FeO2,20,9.306532016241125,Monoclinic,-1.8362572503333332,0.0437430455000003,3.1331,False,False
mp-1178001,Li2CrO2,20,10.635936144464116,Orthorhombic,-2.0891893708333327,0.020048116500000823,2.6563,False,False
mp-1178085,Li11Fe5(OF11)2,40,10.817117015390949,Triclinic,-2.843001090666666,0.03406566401388744,2.3187,False,False
mp-1178142,KLiSnO2,10,18.719496570783786,Monoclinic,-1.8079560371166656,0.030246993000004885,2.0401,False,False
mp-1196541,K10LiZr6H4O2F35,116,15.34027990430655,Monoclinic,-3.4335075879454027,0.0,5.3659,True,False
mp-1198780,LiSbO2,32,15.177064103232947,Monoclinic,-1.9928202583333325,0.0,3.6306,True,False
mp-1205315,LiBiO2,8,13.762311373059722,Tetragonal,-1.7991739720833335,0.042890624374999575,0.7694504254901569,False,False
mp-1206880,Li2HgO2,5,11.537500639781014,Tetragonal,-1.5024593958333345,0.0,1.3777000000000001,True,False
mp-1222301,LiTiO2,4,8.810092098593016,Tetragonal,-2.9497324066666666,0.02962454124999958,0.0,False,True
mp-1222354,LiInO2,8,10.891252123011702,Tetragonal,-2.060948398749999,0.00040365999999991686,2.5774,False,False
mp-1222355,LiNdO2,16,12.303046739293842,Monoclinic,-3.128230150833333,0.008336155312497873,4.212199999999999,False,False
mp-1239022,Li2CuO2,5,9.616358165363328,Monoclinic,-1.629481453333333,0.047375311249996166,0.0,False,True
mp-1272313,Li2NiO2F,24,8.633666546594783,Monoclinic,-2.0526149852777773,0.0008443655555581131,0.5939000000000001,False,False
mp-1272606,Li2CrO2,20,10.69038422822146,Monoclinic,-2.080675432333334,0.028562055000000086,2.08,False,False
mp-1272755,Li2FeO2,20,9.228127259742267,Monoclinic,-1.835668415833333,0.044331880000000545,3.0405999999999995,False,False
mp-1273426,Li2VO2F,24,9.228840981674425,Monoclinic,-2.6926081873611114,0.024710992083334382,1.673,False,False
mp-1273466,LiNiO2,32,8.549117033091242,Orthorhombic,-1.4583306314583337,0.03966066770833354,0.0,False,True
mp-1273482,LiNiO2,32,8.549700334119352,Monoclinic,-1.4606319411458335,0.03735935802083379,0.0,False,True
mp-1275135,Li2MnO2F,24,9.421845333922949,Monoclinic,-2.467149280349616,0.02756251375000307,2.7138,False,False
mp-1275540,LiMnO2,32,9.367281425734356,Triclinic,-2.113506532191092,0.04636343187500103,0.0,False,True
mp-1275690,Li2MnO2F,12,9.297733130628135,Monoclinic,-2.4698799190996166,0.024831875000002057,1.0471999999999997,False,False
mp-1276026,LiVO2,16,9.391516982343292,Monoclinic,-2.483221481458334,0.01055956062499952,1.6942999999999997,False,False
mp-1277330,Li2CoO2,10,8.890935593956712,Monoclinic,-1.7237998413333329,0.04078594262500079,2.3336,False,False
mp-1280554,Li2MnO2F,24,9.301137479330444,Monoclinic,-2.487756336182949,0.006955457916669516,1.7682000000000002,False,False
mp-1281748,LiNiO2,16,8.598712504992728,Orthorhombic,-1.4758337708333338,0.02215752833333351,0.0,False,True
mp-1281785,LiNiO2,16,8.627192115901595,Monoclinic,-1.4743685658333332,0.02362273333333409,0.0,False,True
mp-1283454,Li2NiO2F,24,8.618241042857937,Triclinic,-2.048519626944444,0.004939723888890413,0.055299999999999905,False,False
mp-1283531,LiVO2,8,9.314859917024188,Tetragonal,-2.4701892433333343,0.02359179874999917,0.6681999999999997,False,False
mp-1284778,LiMnO2,32,9.390083025157717,Triclinic,-2.115988743128593,0.04388122093750013,0.0,False,True
mp-1287495,LiNiO2,16,8.507703002186233,Monoclinic,-1.4633222364583336,0.0346690627083337,0.0,False,True
mp-1288099,LiMnO2,16,9.340026239704917,Orthorhombic,-2.1389714221910925,0.02089854187500073,0.4942000000000002,False,False
mp-1291459,Li2CrO2,20,10.70211164344242,Monoclinic,-2.076850024833334,0.03238746249999913,1.7027999999999999,False,False
mp-1295085,Li2MnO2F,24,9.502008381816792,Monoclinic,-2.4612760178496162,0.033435776250002824,2.6207,False,False
mp-1299546,LiNiO2,32,8.546263648483757,Monoclinic,-1.4580042552083334,0.03998704395833386,0.0,False,True
mp-1303262,LiMnO2,32,9.348249309231075,Triclinic,-2.1133385362535932,0.04653142781249997,0.0,False,True
mp-1305321,Li2MnO2F,24,9.337754504273313,Triclinic,-2.4877261557662824,0.006985638333336652,1.7081000000000002,False,False
mp-1311873,LiMnO2,32,9.406696387516867,Triclinic,-2.1099045650035926,0.04996539906250064,0.8029999999999999,False,False
mp-1404711,LiCoO2,16,8.68668611323527,Trigonal,-1.7000694295833343,0.04559034124999961,1.9959999999999996,False,False
mp-841,Li2O2,8,7.888486931403914,Hexagonal,-1.6501702366666664,0.0,1.9742999999999997,True,False
mp-3427,LiAlO2,16,10.354529035363859,Tetragonal,-3.082882981458333,0.01406045374999998,4.5899,False,False
mp-3635,LiBO2,16,9.186233049547194,Monoclinic,-2.7379905412500003,0.01816399749999409,5.226,False,False
mp-3924,LiNbO2,8,9.658204808979935,Hexagonal,-2.686382930833336,0.0,1.5794999999999995,True,False
mp-4711,Li2CuO2,5,9.636543906424846,Orthorhombic,-1.6624233733333333,0.014433391249995431,0.0,False,True
mp-5488,LiInO2,8,10.890276224892373,Tetragonal,-2.061352058749999,0.0,1.8142999999999998,True,False
mp-5840,LiScO2,8,10.15180683103843,Tetragonal,-3.3446211433333337,0.0,3.904,True,False
mp-5854,LiGaO2,16,10.732636701311426,Orthorhombic,-2.3788747770833334,0.0,3.1981,True,False
mp-6944,LiTiO2,16,8.927835511372425,Cubic,-2.951234965416666,0.028121982500000087,0.0,False,True
mp-7020,LiYO2,16,12.933541744063701,Monoclinic,-3.2474562477083326,0.0,4.108199999999999,True,False
mp-7137,LiTbO2,16,12.505898119211201,Orthorhombic,-3.270821998749999,0.0,4.5467,True,False
mp-7608,Li2PdO2,5,10.265393161423862,Orthorhombic,-1.6323327853333354,0.0,1.1973000000000003,True,False
mp-7800,LiSmO2,16,11.790152489198391,Monoclinic,-3.178103438958333,0.008716070781249918,3.7006,False,False
mp-8001,LiAlO2,4,7.948881521479306,Trigonal,-3.096943435208333,0.0,6.1183000000000005,True,False
mp-8179,LiTlO2,8,12.498080053793837,Tetragonal,-1.4590466741666681,0.023439265562498868,0.40200000000000014,False,False
mp-8390,LiYbO2,8,11.703378984431428,Tetragonal,-3.3144376160416673,0.0,0.0,True,True
mp-8412,LiCeO2,16,12.613491030790884,Monoclinic,-3.0893887602083323,0.038867507656254574,0.0,False,True
mp-9158,LiCuO2,4,9.23460373238698,Monoclinic,-1.4505814108333328,0.0,0.37780000000000014,True,False
mp-10251,LiDyO2,16,12.902385795084442,Monoclinic,-3.2739008149999984,0.014812969999999481,3.9642999999999997,False,False
mp-10620,LiPrO2,16,12.637597943328153,Monoclinic,-3.0946278637499995,0.009265334843748363,3.5331999999999995,False,False
mp-10970,LiErO2,16,12.406059776367412,Monoclinic,-3.3216714470833324,0.0,4.1087,True,False
mp-10971,LiErO2,8,12.242899636844072,Tetragonal,-3.3162502102083327,0.005421236874999735,4.171,False,False
mp-12645,LiHoO2,16,12.659708007899187,Monoclinic,-3.2993611233333313,0.0,4.0322000000000005,True,False
mp-14115,LiRhO2,4,9.366579855172233,Trigonal,-1.5558249283333323,0.0,1.4076999999999993,True,False
mp-14232,LiBO2,8,7.1162651731224535,Tetragonal,-2.7561545387500006,0.0,7.2810999999999995,True,False
mp-14476,LiRhO2,16,9.49538683632974,Cubic,-1.5470609633333323,0.008763964999999985,1.3800000000000003,False,False
mp-18162,Li(CuO)2,20,9.970821922278834,Orthorhombic,-1.2321970916666665,0.004688839499999986,0.0,False,True
mp-18767,LiMnO2,8,9.208197689200254,Orthorhombic,-2.1445897290660927,0.01528023500000053,0.3500000000000001,False,False
mp-18782,LiFeO2,8,9.29848894171385,Tetragonal,-1.924714834583333,0.02022191312499988,0.0,False,True
mp-18793,LiCrO2,4,8.765910429901098,Trigonal,-2.408621853333333,0.0,3.116940080407897,True,False
mp-19279,Li2MnO2,5,9.12921602470928,Trigonal,-2.02211192691954,0.027874728000001348,2.4283515589448887,False,False
mp-19308,Li2NiO2,10,8.250227307579014,Trigonal,-1.721651177333333,0.0025416910000002346,0.9116000000000004,False,False
mp-19338,LiMoO2,4,8.882630318591138,Trigonal,-1.9619308208333335,0.0325070521874995,0.0,False,True
mp-19340,LiVO2,16,8.772216957734628,Trigonal,-2.4937810420833335,0.0,1.7771,True,False
mp-21332,LiGdO2,16,12.891178807977,Orthorhombic,-3.2138417527083334,0.0,3.2803999999999998,True,False
mp-22526,LiCoO2,4,7.933424216932258,Trigonal,-1.745659770833334,0.0,0.6623000000000001,True,False
mp-25411,LiNiO2,4,8.285220786085596,Trigonal,-1.4854022958333335,0.012589003333333793,0.0,False,True
mp-25417,LiTiO2,4,9.2292648202176,Trigonal,-2.957393104166666,0.021963843750000045,0.0,False,True
mp-25542,LiMnO2,8,9.895620162277536,Monoclinic,-2.1379127440660923,0.021957220000000888,1.6207000000000003,False,False
mp-25587,LiNiO2,4,9.416274418100821,Monoclinic,-1.4595396008333337,0.03845169833333362,0.0,False,True
mp-27227,LiAg3O2,12,13.965064618556994,Orthorhombic,-0.8048942663888887,0.0,0.7277999999999998,True,False
mp-27281,LiH3O2,12,7.363278114187086,Monoclinic,-1.5355394361805554,0.0,4.741,True,False
mp-28253,LiBiO2,16,14.162442780102806,Orthorhombic,-1.8402508058333362,0.0018137906249968694,2.0370000000000004,False,False
mp-38280,LiTiO2,8,8.610346583004809,Tetragonal,-2.979356947916666,0.0,0.0,True,True
mp-531604,LiMnO2,80,9.728087851547834,Monoclinic,-2.1435448088160927,0.016325155249999668,1.2916000000000003,False,False
mp-549671,KLiMnO2,20,14.187082324273096,Monoclinic,-1.8506842532028742,0.0,0.3375999999999997,True,False
mp-551092,KLiZnO2,10,13.394125970775026,Monoclinic,-1.8095527191166667,0.0,2.1715,True,False
mp-553966,Li(CuO)2,40,9.958473087589812,Tetragonal,-1.2319827396666674,0.004903191499998627,0.0,False,True
mp-554108,LiRe(OF2)2,16,13.263351950766962,Tetragonal,-2.612908785104167,0.0,3.1439000000000004,True,False
mp-556415,LiMnO2,16,9.18355620260627,Tetragonal,-2.1579251584410937,0.001944805624999546,1.2089000000000003,False,False
mp-625211,LiH3O2,12,7.891264493673152,Triclinic,-1.5347990820138886,0.0007403541666670677,4.7224,False,False
mp-642650,LiP(HO)2,12,13.604597007381983,Monoclinic,-1.6169793359126985,0.03334440962301599,5.3164,False,False
mp-675370,LiMnO2,56,9.687688756165846,Orthorhombic,-2.144524907458949,0.015345056607142915,0.9784999999999999,False,False
mp-698647,LiVO2,32,9.304699922399084,Orthorhombic,-2.458060850520833,0.0357201915625005,0.08089999999999975,False,False
mp-752850,LiNiO2,16,8.311394735642082,Monoclinic,-1.487490075208333,0.010501223958334194,0.0,False,True
mp-753128,Li2VO2F,12,9.279829530914212,Trigonal,-2.7075890486111116,0.009730130833334627,1.7955,False,False
mp-753144,LiMn2O2F3,16,11.512046360357434,Monoclinic,-2.5409742792744243,0.04600400458333542,1.2784,False,False
mp-753201,LiV2H4(OF5)2,19,12.645314800620012,Triclinic,-2.4238104746491236,0.03229301587719213,1.0103000000000002,False,False
mp-753227,LiCrO2,16,9.318656292206477,Hexagonal,-2.374578680208333,0.03404317312500016,2.9621000000000004,False,False
mp-753341,LiMn3(OF3)2,24,11.459082699426828,Monoclinic,-2.641776542677203,0.022251508472223236,0.8258999999999999,False,False
mp-753408,KLiCoO2,10,13.31139233817224,Monoclinic,-1.5843800291166672,0.009855603562498594,1.7016,False,False
mp-753431,LiMn2O2F3,16,11.294071181131539,Monoclinic,-2.548330136149424,0.03864814770833558,0.7375999999999999,False,False
mp-753602,Li3Mn(OF)2,32,9.197634143120421,Orthorhombic,-2.6377073022413797,0.02442540687499939,2.4193,False,False
mp-753612,LiMn2O2F3,16,12.356735042021393,Orthorhombic,-2.558074872399425,0.028903411458334638,0.6333,False,False
mp-753703,Li3Ni2O2F3,20,8.983376698323191,Tetragonal,-2.3515230745,0.034348318000000155,2.2142,False,False
mp-753733,Li2MnO2F,24,9.81748594506966,Orthorhombic,-2.4519608936829496,0.04275090041666907,2.1464,False,False
mp-753845,LiCuO2,16,11.453727803244092,Triclinic,-1.4131226914583332,0.03745871937499956,0.2729999999999999,False,False
mp-754162,LiGdO2,16,13.580352463217205,Monoclinic,-3.201050415833336,0.012791336874997228,3.0625999999999998,False,False
mp-754204,LiGdO2,8,13.59072311832355,Tetragonal,-3.1733347670833343,0.0405069856249991,3.1304999999999996,False,False
mp-754237,LiTmO2,8,11.954584335992648,Tetragonal,-3.3490706883333345,0.00019347562500016124,4.3152,False,False
mp-754427,LiFe3(OF3)2,24,11.348750250719085,Monoclinic,-2.467506870277777,0.01240559541666375,1.9676000000000002,False,False
mp-754605,LiLuO2,8,11.55695016633743,Tetragonal,-3.38577283375,0.0,4.5008,True,False
mp-754656,LiMnO2,4,9.184634511652082,Monoclinic,-2.159869964066093,0.0,1.1872999999999996,True,False
mp-754758,Li2FeO2F,12,9.208817873511903,Trigonal,-2.3486468061111108,0.0027761770833345523,1.8355999999999997,False,False
mp-754977,LiFeO2,8,9.662082792436292,Hexagonal,-1.9061695495833328,0.03876719812499996,1.7748999999999997,False,False
mp-755094,Li2FeO2,20,10.726026344211597,Orthorhombic,-1.8779757583333327,0.002024537500000534,1.7893000000000001,False,False
mp-755243,Li5CuSO2,9,12.852903667427576,Tetragonal,-1.6485596715740745,0.045453221840276115,2.3831999999999995,False,False
mp-755297,Li2CoO2,5,8.823578117122292,Trigonal,-1.7376266233333333,0.026959160625001033,2.5492,False,False
mp-755562,LiMnO2,16,9.77695196661388,Monoclinic,-2.1243801603160932,0.03548980374999999,0.9007000000000001,False,False
mp-755703,LiSbO2,8,15.529537642152338,Monoclinic,-1.9541586061458327,0.03866165218749984,2.0381,False,False
mp-755709,LiFeO2,16,9.018166201815449,Cubic,-1.943657715833333,0.0012790318749997809,1.6166999999999998,False,False
mp-756362,LiCrO2,16,8.7556237861732,Cubic,-2.4070661877083337,0.001555665624999314,3.0591000000000004,False,False
mp-756446,LiNiO2,20,8.613961064758989,Triclinic,-1.4675106808333331,0.03048061833333371,0.0,False,True
mp-756475,LiMnO2,40,9.510036419930199,Triclinic,-2.1100580948160923,0.04981186925000003,0.8066,False,False
mp-756497,LiFeO2,20,9.49607640372589,Triclinic,-1.9175608363333325,0.027375911374999617,1.4355000000000002,False,False
mp-756544,LiLaO2,16,15.304444455382734,Monoclinic,-3.1810686583333334,0.014486134062499545,3.5436000000000005,False,False
mp-756648,LiNdO2,16,14.581800626923364,Monoclinic,-3.1253456564583324,0.011220649687498252,3.611,False,False
mp-756747,LiMnO2,24,9.37652191708768,Triclinic,-2.127784483232759,0.03208548083333351,0.022699999999999942,False,False
mp-757088,Li4Fe7(OF7)2,27,12.548711420141201,Triclinic,-2.5611645860493826,0.03485810129629563,3.0765,False,False
mp-757614,LiFeO2,8,9.012489634994983,Orthorhombic,-1.9449367477083328,0.0,1.6202000000000005,True,False
mp-758524,Li2NiO2F,12,8.683767951439831,Trigonal,-2.0414089244444438,0.012050426388890756,0.0,False,True
mp-758805,Li2VO2F,24,9.278317786134814,Monoclinic,-2.6675367677777775,0.0497824116666683,0.9741,False,False
mp-758901,LiVO2,20,9.503408448282944,Triclinic,-2.445679934833335,0.04810110724999905,1.2487,False,False
mp-759285,Li4Fe7(OF7)2,27,12.666500258195185,Triclinic,-2.547315259382716,0.048707427962962235,3.0404,False,False
mp-759509,Li2MnO2F,24,10.335174476979638,Monoclinic,-2.4522817978496154,0.0424299962500001,2.2011000000000003,False,False
mp-759720,LiCuO2,32,11.470795364882191,Triclinic,-1.4138188233333326,0.036762587500000166,0.4525000000000001,False,False
mp-760112,Li2MnO2F,24,9.001756461755807,Orthorhombic,-2.4465491186829493,0.04816267541666974,0.0,False,True
mp-863362,LiTa3O8,96,12.388292548575118,Orthorhombic,-3.229434113256944,0.024960534270835666,2.4137999999999997,False,False
mp-863368,LiFeSiO4,28,10.28718772663052,Orthorhombic,-2.5272204329761903,0.021255832142858644,2.2996000000000003,False,False
mp-863378,LiCoPO4,112,12.59028242257575,Monoclinic,-2.394457492657313,0.009632455624994485,2.5233,False,False
mp-865631,LiNiO2,8,8.289932869422655,Monoclinic,-1.4978774833333333,0.00011381583333403,0.0,False,True
mp-866271,LiNiO2,12,8.723662149613107,Monoclinic,-1.489747370833334,0.008243928333333095,0.0,False,True
mp-867613,LiTi4O8,39,10.744568820371661,Triclinic,-3.333029768461538,0.034032189743591346,0.0,False,True
mp-867665,LiV3(OF3)2,24,11.433306052575439,Monoclinic,-3.0513614031944436,0.0,1.4935000000000003,True,False
mp-867682,LiVCrP2(O4F)2,30,11.824904268600644,Triclinic,-2.728022109174603,0.005471944833337794,1.7908000000000002,False,False
mp-887746,LiFe(Se2O5)2,64,13.849887356120984,Orthorhombic,-1.4260546254817719,0.0034546978124989636,2.0707,False,False
mp-942700,LiNiSO4F,32,11.295560708692658,Triclinic,-2.0859227357291665,0.001509216406247127,4.1658,False,False
mp-942701,LiCoSO4F,32,11.609296203176896,Triclinic,-2.0952981360416665,0.00727273625000624,2.9190000000000005,False,False
mp-942702,LiMnSO4F,16,12.51402582852928,Triclinic,-2.3263168848455464,0.012443978906232722,3.9043,False,False
mp-942704,LiCoHSO5,36,10.413259190092042,Monoclinic,-1.8307979418981484,0.013146945694447965,2.7223999999999995,False,False
mp-943462,LiFeHSO5,36,10.006815905065343,Monoclinic,-1.9150350907870386,0.0,3.9755000000000003,True,False
mp-943469,LiMnHSO5,36,11.1108395421038,Monoclinic,-2.0263815888904855,0.0034302156944576723,3.3221,False,False
mp-943492,LiFeSO4F,32,12.064682409954017,Triclinic,-2.186967239166667,0.006646499218749824,1.3691,False,False
mp-966801,LiCaBO3,24,10.517737760034464,Orthorhombic,-3.009423259583334,0.0024815487500005062,5.0761,False,False
mp-973966,LiIn(IO3)4,18,15.787837529574217,Triclinic,-1.1476993794444443,0.0,3.0613000000000006,True,False
mp-976726,LiDyO2,16,12.299998884599441,Orthorhombic,-3.288713784999998,0.0,4.5644,True,False
mp-977334,LiTi2O4,28,10.267688424294294,Monoclinic,-3.2139632014285704,0.032247190714286944,0.0,False,True
mp-996959,LiAuO2,8,11.75341416743396,Tetragonal,-1.2371192295833326,0.0,1.5375,True,False
mp-996961,LiAuO2,8,13.756755846377832,Monoclinic,-1.2030508220833331,0.03406840749999951,1.4041000000000001,False,False
mp-996962,LiAgO2,8,11.193029744381814,Monoclinic,-1.1042049549999993,0.0,0.6091000000000001,True,False
mp-996986,LiCuO2,8,11.064411027539418,Orthorhombic,-1.405479454583333,0.04510195624999991,0.15580000000000016,False,False
mp-996987,LiCuO2,8,9.470192034107084,Orthorhombic,-1.428987384583333,0.021594026249999843,0.5072000000000001,False,False
mp-996988,LiAgO2,4,12.876999500852301,Orthorhombic,-1.0579341062499994,0.04627084874999987,0.0945999999999999,False,False
mp-996992,LiAgO2,4,11.484570014420353,Monoclinic,-1.0817056962499993,0.022499258749999917,0.4686999999999999,False,False
mp-996997,LiAgO2,8,11.453736192166472,Orthorhombic,-1.099839199999999,0.004365755000000249,0.5004000000000001,False,False
mp-1002572,LiMnO2,16,9.521033387597432,Orthorhombic,-2.1173139321910934,0.04255603187499979,0.8561000000000001,False,False
mp-1003315,LiMn4O8,52,11.282085611057115,Monoclinic,-1.9231539540428828,0.03424502782692329,0.1379999999999999,False,False
mp-1003549,LiMn16O32,49,11.839048337191448,Monoclinic,-1.836543426127141,0.02176661529081869,0.0,False,True
mp-1003637,LiMn3O6,10,10.220862543874494,Monoclinic,-1.9684813017126443,0.029378997508326954,0.3256999999999999,False,False
mp-1004373,LiMnO2,16,9.048037334299792,Orthorhombic,-2.1422410059410932,0.017628958124999983,1.0352999999999999,False,False
mp-1004762,LiMn4O8,26,10.534473128888095,Orthorhombic,-1.9119031919274987,0.04549578994230785,0.0019000000000000128,False,False
mp-1012668,LiMo2P2O9,56,13.645098520346039,Orthorhombic,-2.441558773937076,0.0209933666071489,1.7713999999999999,False,False
mp-1012789,LiCr3P3O13,40,12.129476389628863,Monoclinic,-2.520575049363096,0.03632112350001293,0.0,False,True
mp-1013762,LiTi2P2O9,56,12.300861652281856,Orthorhombic,-2.9977018776275517,0.04996011350510621,0.042500000000000426,False,False
mp-1013850,LiV2P2O9,56,12.25200763541335,Orthorhombic,-2.6703383759013612,0.010699509821449738,1.4893,False,False
mp-1013878,LiV3P3O13,40,12.476624671972216,Monoclinic,-2.671769407363095,0.01516551537502231,1.2862,False,False
mp-1013898,LiMo3P3O13,40,13.84136592412963,Monoclinic,-2.410802314113096,0.019016679791665325,1.1762000000000001,False,False
mp-1013917,LiMn3P3O13,40,12.18678647525994,Monoclinic,-2.39552577405275,0.021897554083331272,0.0,False,True
mp-1013922,LiCr2P2O9,56,11.941002955007558,Orthorhombic,-2.5177527789370737,0.022310733392867377,0.6364999999999998,False,False
mp-1016165,LiMn8O16,50,11.637756101547877,Monoclinic,-1.8668128986712644,0.025847975436670723,0.0,False,True
mp-1019708,CsBaLiP2O7,48,17.2252512712695,Monoclinic,-2.939747212689518,0.0,4.8877999999999995,True,False
mp-1019715,CsLi(B3O5)2,36,14.151453811200751,Orthorhombic,-2.8415637359993613,0.0,5.0869,True,False
mp-1019782,K2LiB(PO4)2,56,12.819188316886676,Monoclinic,-2.7396110654489796,0.0,5.3944,True,False
mp-1019794,K3LiP2O7,26,15.166260516157234,Orthorhombic,-2.6719741380283883,0.0,4.876,True,False
mp-1020025,LiB3O5,144,7.788949859773349,Orthorhombic,-2.772310767037036,0.045089810277806563,6.1396999999999995,False,False
mp-1020026,LiBeBO3,12,8.780411443391129,Triclinic,-2.8583268912500004,0.013394735416661696,6.0842,False,False
mp-1020030,LiAl(GeO3)2,40,10.909689502649012,Monoclinic,-2.504243655333333,0.04249637650000171,3.3829999999999996,False,False
mp-1020057,LiLaO2,16,13.281189080627033,Monoclinic,-3.1725252102083337,0.023029582187499287,3.7336,False,False
mp-1020060,LiB(S2O7)2,160,14.074408931379505,Orthorhombic,-1.9081729228749993,0.0,5.51,True,False
mp-1020106,LiB(SO4)2,48,13.297997293228184,Monoclinic,-2.120887938541666,0.0,6.3873999999999995,True,False
mp-1020109,LiMg3P3O11,72,11.467406290408919,Orthorhombic,-2.9729691145701045,0.0,5.3095,True,False
mp-1020146,Na2LiB5(PO7)2,48,12.286596057972671,Monoclinic,-2.780659908383791,0.0,5.4471,True,False
mp-1020164,Na3LiP2O7,26,12.276217595141627,Orthorhombic,-2.639629860135152,0.0,4.8511,True,False
mp-1020647,Sr2LiBeB3O8,60,11.460180852658025,Monoclinic,-3.0851977660555425,0.0,4.7198,True,False
mp-1021510,LiGe2(PO4)3,36,11.663517272528914,Trigonal,-2.4778937665145486,0.010175076620362766,3.6307,False,False
mp-1031034,LiMg6CrO8,16,9.465059315381,Tetragonal,-2.8368578020833337,0.04402953874999849,1.2919,False,False
mp-1031142,LiMg6GaO8,16,9.546300663908598,Tetragonal,-2.824346687552083,0.04910388421875034,2.4295,False,False
mp-1031344,LiMg6TiO8,16,9.507199868540209,Tetragonal,-2.980264731666666,0.04330638281250021,0.0,False,True
mp-1032403,LiMg6MnO8,16,9.63079376214789,Tetragonal,-2.794178793204023,0.024520575312499737,0.0,False,True
mp-1032414,LiMg6MnO8,16,9.517323349924352,Tetragonal,-2.789804056954023,0.028895311562499693,0.0,False,True
mp-1032467,LiMg6FeO8,16,9.502406696212244,Tetragonal,-2.7392868420833327,0.025679222343748975,1.5393,False,False
mp-1032500,LiMg6FeO8,16,9.593299588663267,Tetragonal,-2.7305300827083325,0.034435981718749176,0.8732999999999995,False,False
mp-1034182,LiMg14TiO16,32,9.635973867759244,Orthorhombic,-3.0044702258333333,0.02646991640625007,0.0,False,True
mp-1034187,LiMg14TiO16,32,9.65944427680672,Tetragonal,-2.9984240673958333,0.032516074843750076,0.0,False,True
mp-1034976,LiMg14CoO16,32,9.563806839191344,Tetragonal,-2.835909119791667,0.040818875312499614,0.3180999999999994,False,False
mp-1035108,LiMg14GaO16,32,9.591241929676144,Orthorhombic,-2.9374132787760416,0.018466592109374957,3.7045000000000003,False,False
mp-1035113,LiMg14GaO16,32,9.581256760656204,Tetragonal,-2.9282021459635414,0.027677724921875146,3.3593,False,False
mp-1035145,LiMg14CoO16,32,9.524749838995128,Orthorhombic,-2.840807437916667,0.03592055718749965,0.5909,False,False
mp-1035402,LiMg14CrO16,32,9.585719880168275,Orthorhombic,-2.943130446354167,0.016467809062499228,2.0146999999999995,False,False
mp-1035434,LiMg14CrO16,32,9.598632848582438,Tetragonal,-2.935528636041667,0.024069619374999185,1.6420999999999992,False,False
mp-1035435,LiMg14FeO16,32,9.612607617037733,Orthorhombic,-2.8919030347916665,0.009734582421874194,1.9419000000000004,False,False
mp-1035445,LiMg14FeO16,32,9.628796915009257,Tetragonal,-2.8846353847916664,0.017002232421874375,1.79,False,False
mp-1035918,LiYMg14O16,32,10.013164690934438,Orthorhombic,-3.0179719419791664,0.04648061273437509,3.9025000000000003,False,False
mp-1040094,LiMg30CrO32,64,9.620340887749832,Tetragonal,-2.991473222395834,0.007480490312498311,3.5379000000000005,False,False
mp-1045516,Li(NiO2)2,7,9.763857023109649,Monoclinic,-1.182512773333333,0.03388035839285841,0.1426999999999996,False,False
mp-1078188,LiOsO3,10,9.941236306148031,Trigonal,-1.7362223526666667,0.008333421000000563,0.0,False,True
mp-1078209,LiLa2FeO6,20,11.184388944757709,Trigonal,-2.761924758833332,0.0,0.7563840849990893,True,False
mp-1078358,LiOsO3,10,9.851533001061096,Trigonal,-1.7445557736666673,0.0,0.0,True,True
mp-1078377,LiNbO3,10,11.721291827347063,Trigonal,-2.8788107806666674,0.020706871000003346,3.684152136076594,False,False
mp-1080625,Sr2LiReO6,10,12.717159722661064,Tetragonal,-2.7493427235833336,0.0,1.8425022901269674,True,False
mp-1095705,LiMg30TiO32,64,9.645405970375641,Tetragonal,-3.0219111863541666,0.012713469765625263,0.4660000000000002,False,False
mp-1097038,LiAl2H6BrO6,32,10.648531287039745,Hexagonal,-2.018007473489583,0.01789325687500032,4.774900000000001,False,False
mp-1097049,LiMn2P2O9,56,11.778411655905836,Orthorhombic,-2.3814628011415087,0.024691294583327306,0.0044999999999999485,False,False
mp-1097058,LiMn2O4,126,10.645100088456433,Triclinic,-2.048200303535852,0.019906039206349035,0.3479000000000001,False,False
mp-1097867,LiMn2O4,42,10.690136416399259,Triclinic,-2.0630621920279153,0.005044150714285323,0.38670000000000027,False,False
mp-1097885,LiCoO2,16,8.686102179334014,Monoclinic,-1.702223190833334,0.043436579999999836,2.0128000000000004,False,False
mp-1098000,LiEu3O4,32,14.275613554349189,Orthorhombic,-3.0342722429166695,0.0,0.0,True,True
mp-1101431,RbLiMn3O4,9,14.628294413317422,Monoclinic,-1.8714838905140487,0.036079753263891234,0.7229999999999999,False,False
mp-1101492,LiV2(PO4)3,36,12.497266743894532,Monoclinic,-2.653601771514551,0.0013845455555845376,0.1990159331790562,False,False
mp-1101493,LiV2(PO4)3,36,12.254459398112816,Monoclinic,-2.6542201223478847,0.0007661947222512566,1.3169,False,False
mp-1101503,LiV(PO3)4,72,12.650825820202046,Monoclinic,-2.629857796216931,0.04211089277777713,2.0165999999999995,False,False
mp-1101506,LiMoP2O7,44,13.253296555648369,Monoclinic,-2.5710295684199127,0.01179446818181873,3.9292,False,False
mp-1101512,LiFeP2O7,44,12.203618038513678,Monoclinic,-2.5119754809199124,0.013783898409091222,2.6064,False,False
mp-1101513,LiV4P7O24,72,12.748954371994115,Triclinic,-2.6742750133564823,0.015223578611092137,1.8439999999999999,False,False
mp-1101516,LiFeP2O7,44,11.190251762701367,Monoclinic,-2.5070473936471855,0.018711985681818533,2.5628,False,False
mp-1101520,LiCrP2O7,44,11.30386127668023,Monoclinic,-2.6615987241017294,0.012745511136365018,1.7239000000000004,False,False
mp-1101526,LiCo2(PO3)5,46,12.514008627974457,Monoclinic,-2.4391450178933733,0.005959960724642777,3.1948,False,False
mp-1101527,LiCr4P7O24,72,12.415735772287738,Triclinic,-2.5942892628009258,0.03425837180554758,2.1690999999999994,False,False
mp-1101530,LiMnP2O7,44,12.302180406059394,Monoclinic,-2.5597548807318264,0.005569989090909111,1.2990000000000002,False,False
mp-1101532,LiCr2(PO4)3,36,12.229265524428378,Monoclinic,-2.466843056236772,0.03286921444443802,0.1005999999999998,False,False
mp-1101538,LiMn(PO3)5,88,14.219739765303943,Monoclinic,-2.459680678953575,0.03674745840907878,0.0040000000000000036,False,False
mp-1101573,LiMn4P7O24,72,12.931232961065673,Triclinic,-2.489357183265486,0.019995225486110435,0.9861999999999997,False,False
mp-1101597,LiCrP2O7,44,11.19954857154485,Monoclinic,-2.6335959338744597,0.040748301363635164,2.5258000000000003,False,False
mp-1101601,LiV2(PO4)3,72,12.304376753025775,Monoclinic,-2.6549863170701067,0.0,1.3092,True,False
mp-1101602,LiCr2(PO4)3,72,12.259031872230056,Monoclinic,-2.465454747903438,0.0342575227777715,0.0024000000000000687,False,False
mp-1101736,LiFe3O4,8,9.863432471725691,Triclinic,-1.673855534166666,0.03937253343750058,1.0169000000000001,False,False
mp-1102318,LiCdBO3,12,11.56419135991238,Triclinic,-2.303667607916666,0.0003327483333341874,2.4535046189271643,False,False
mp-1105323,LiNdTi2O6,20,11.584287326276712,Monoclinic,-3.4397865912500007,0.034332352375002984,2.6507,False,False
mp-1105411,LiCr(GeO3)2,20,11.070563052745907,Monoclinic,-2.229334882583333,0.02944339800000062,2.8641907725388434,False,False
mp-1105497,LiNdTi2O6,20,11.581403284274558,Orthorhombic,-3.464602147250001,0.009516796375002912,3.0845000000000002,False,False
mp-1105750,LiAu(S2O7)2,20,14.908870592656658,Triclinic,-1.644062793166666,0.0,1.9833021813679452,True,False
mp-1147554,LiLaSO,8,17.73251879857536,Tetragonal,-2.779311240208334,0.008456593750000074,3.1807,False,False
mp-1147633,LiCu2BiO4,16,12.835904895809959,Tetragonal,-1.3875962954166665,0.007127667734372345,0.0,False,True
mp-1172916,LiMnPO4,84,11.592240339090418,Triclinic,-2.590444172867698,0.04298456047618515,2.8914,False,False
mp-1172967,Li(NiO2)2,14,9.504734180995072,Triclinic,-1.2099599840476185,0.006433147678572837,0.0,False,True
mp-1173163,SrLiTi4CrO11,72,11.386369591553127,Orthorhombic,-3.252879392453704,0.029296463749998836,1.9998000000000005,False,False
mp-1173174,SrLiTi4CrO11,72,11.36936512080303,Monoclinic,-3.2745357731481497,0.007640083055553859,2.2734000000000005,False,False
mp-1176343,Na5LiFe2P2(CO7)2,52,11.945039931357663,Triclinic,-2.279115466327523,0.014466703076920773,3.6433,False,False
mp-1176381,Na2LiFePCO7,26,11.695178600413628,Triclinic,-2.290381082748832,0.02098497153845802,3.7638000000000003,False,False
mp-1176392,Na2LiFePCO7,52,11.722475156604478,Triclinic,-2.2904848721719087,0.02088118211538159,1.4357015407613989,False,False
mp-1176393,Na2LiCu(PO3)4,40,13.730801018181376,Monoclinic,-2.461377702233169,0.04313327499999797,2.2133000000000003,False,False
mp-1176400,Na2LiFePCO7,52,11.72420933932916,Triclinic,-2.29041491121037,0.020951143076920253,3.8095,False,False
mp-1176411,Na2LiFePCO7,52,11.72408697260609,Triclinic,-2.290461471402677,0.020904582884613276,3.8533,False,False
mp-1176519,LiVO2,16,9.608667183790438,Hexagonal,-2.4438503802083344,0.04993066187499906,1.6624999999999996,False,False
mp-1176523,LiVO2,16,8.787646839715011,Cubic,-2.481679115833333,0.012101926250000616,0.0,False,True
mp-1176541,LiVCO4,28,10.024105190232715,Orthorhombic,-2.2247901504761907,0.040442046488095684,1.7905000000000002,False,False
mp-1176546,Na2LiMnPCO7,52,11.930115101971714,Triclinic,-2.37529665758968,0.020869196666684964,3.428,False,False
mp-1176547,LiVFe(P2O7)2,84,12.594412174271058,Triclinic,-2.5656238644954654,0.008261548928527596,1.6263,False,False
mp-1176549,LiV3O6,20,10.334742568003957,Triclinic,-2.4836454588333323,0.037589775250005175,1.4505000000000003,False,False
mp-1176561,LiV4OF11,34,12.73237811464098,Triclinic,-3.114112720784314,0.04877828411764451,0.8691,False,False
mp-1176564,LiTmO2,16,12.158639645303937,Monoclinic,-3.3492641639583347,0.0,5.0674,True,False
mp-1176577,LiV(PO3)4,36,12.071287021161101,Monoclinic,-2.653149900939152,0.01881878805555548,2.2645,False,False
mp-1176585,Na5LiFe2P2(CO7)2,52,11.982064008282586,Triclinic,-2.2802715147890606,0.013310654615383832,3.5469,False,False
mp-1176588,LiNiO2,16,8.368474458232505,Orthorhombic,-1.479704844583333,0.018286454583334333,0.12910000000000021,False,False
mp-1176592,LiTi(PO3)4,36,12.210839605514074,Monoclinic,-2.7329245475132273,0.043868713152110494,0.031930619685113903,False,False
mp-1176593,LiSn(PO3)4,36,13.971269634422349,Monoclinic,-2.4944114351058193,0.049527579884253825,0.06840000000000002,False,False
mp-1176594,LiP4WO12,36,13.101151203080255,Monoclinic,-2.528504003994708,0.011221117361110977,4.0358,False,False
mp-1176597,LiV2(SO4)3,72,12.885770917406385,Monoclinic,-2.1192101157407404,0.025960532412280024,0.5052000000000003,False,False
mp-1176606,LiNi(PO3)4,36,12.232084620901825,Monoclinic,-2.3827975409391535,0.04201918303239793,0.0,False,True
mp-1176607,LiMnVP2(HO5)2,34,10.545498396391064,Triclinic,-2.3281019404735344,0.043610486070269516,0.0,False,True
mp-1176610,LiNi(PO3)3,56,11.38742714361021,Orthorhombic,-2.4968652508758504,0.0008233460714421881,4.7568,False,False
mp-1176615,LiMnV(P2O7)2,42,12.612848688579112,Triclinic,-2.5916041988017033,0.0031113607142572164,1.4316999999999998,False,False
mp-1176624,LiMnV(PO4)3,36,12.716315807657802,Triclinic,-2.498491719177385,0.04211947347223255,1.0623999999999998,False,False
mp-1176625,LiSn(SO4)2,96,14.396830312556078,Monoclinic,-1.959406370381944,0.017863445000005918,2.4086,False,False
mp-1176627,LiV(SO4)2,96,12.191347408101109,Triclinic,-2.134048026215277,0.01896414052083628,1.8863999999999999,False,False
mp-1176640,LiMnCrO4,14,10.475136937907182,Orthorhombic,-2.2269477001806237,0.0,0.021200000000000108,True,False
mp-1176643,LiMnCO4,28,10.07565922436812,Monoclinic,-2.03039082446634,0.04239605779761657,0.5341999999999998,False,False
mp-1176650,LiMnV(P2O7)2,84,12.615827629901839,Triclinic,-2.5911050873731316,0.0036104721428289466,1.3767,False,False
mp-1176651,LiMn6O12,57,11.555483871847771,Triclinic,-1.8693553902238362,0.045452731276310665,0.37529999999999974,False,False
mp-1176656,LiMn2O4,14,10.683678863872222,Triclinic,-2.0225606220279144,0.04554572071428531,1.2177000000000002,False,False
mp-1176658,LiMn2O2F3,16,11.258236226430665,Monoclinic,-2.553960374274425,0.03301790958333495,1.9852999999999998,False,False
mp-1176660,LiMnPCO7,44,12.349827835145753,Triclinic,-2.187490968718838,0.02175594638889411,1.1726,False,False
mp-1176663,LiMnP2O7,88,12.055735635020561,Triclinic,-2.5158870885727356,0.04943778124999998,0.6491,False,False
mp-1176664,LiMn3(PO4)3,76,11.729161711858863,Triclinic,-2.493939886897631,0.019671669868422725,0.2761,False,False
mp-1176672,LiMn3O6,40,11.041117518852984,Monoclinic,-1.9796432197126435,0.01821707950832785,0.5949,False,False
mp-1176675,LiLuO2,16,11.58805607723186,Monoclinic,-3.383788604374999,0.0019842293750009787,5.687200000000001,False,False
mp-1176679,LiFeSnO4,28,11.558072021504412,Tetragonal,-1.9809797986904758,0.03373616767857257,2.4200999999999997,False,False
mp-1176688,LiFeSiO4,84,10.127277167051751,Orthorhombic,-2.4986568653571433,0.049819399761906524,1.6478000000000002,False,False
mp-1176694,LiMnH8(SO6)2,96,10.85733791714235,Monoclinic,-1.6116551229693485,0.0400125668292306,1.1083,False,False
mp-1176700,LiMn(PO3)4,36,12.841399685998043,Monoclinic,-2.5281884683242106,0.04679814541666705,0.03535252561805535,False,False
mp-1176719,LiV3O3F7,28,13.007479404062575,Triclinic,-2.891604797380952,0.026043651111102406,1.215,False,False
mp-1176722,LiMn2(PO4)2,78,11.506908044394812,Triclinic,-2.5214117028318808,0.024458324551283717,0.13260000000000005,False,False
mp-1176726,LiFe3O4,16,9.912189011106333,Monoclinic,-1.6739037654166662,0.03932430218750049,0.010499999999999954,False,False
mp-1176727,LiMn3(PO4)3,76,11.711501815343354,Monoclinic,-2.486462720976578,0.027148835789477133,0.26229999999999976,False,False
mp-1176736,LiFe2OF3,28,12.107707715114339,Trigonal,-2.3921305447619043,0.045312877857140776,3.2135,False,False
mp-1176738,LiMn7O14,88,11.492422908525525,Monoclinic,-1.8589377638113895,0.04328669439773414,0.0,False,True
mp-1176749,LiFe2(PO4)2,26,10.813962139356976,Orthorhombic,-2.383166700970696,0.03750928865384662,1.4384000000000001,False,False
mp-1176778,LiCoPO4,28,12.516450970503206,Monoclinic,-2.3954691632823133,0.008620784999993525,3.4951999999999996,False,False
mp-1176782,LiCo2(PO4)2,26,13.89993692413076,Monoclinic,-2.2296486821245427,0.04364228038461615,0.6652,False,False
mp-1176797,LiBi(BO3)2,10,10.769292840168847,Trigonal,-2.2314162131666664,0.03184414696666504,1.3641999999999999,False,False
mp-1176813,LiFeSnO4,14,11.443951046779631,Orthorhombic,-1.998405881904762,0.016310084464286945,2.1541999999999994,False,False
mp-1176820,LiCaFe3SnO8,56,11.181792953632334,Monoclinic,-2.078634375595238,0.049078409285724156,2.0103999999999997,False,False
mp-1176828,LiMnH4(SO5)2,36,10.705602579132533,Triclinic,-1.744798875070242,0.0251132525736546,1.0454999999999999,False,False
mp-1178142,KLiSnO2,10,18.719496570783786,Monoclinic,-1.8079560371166656,0.030246993000004885,2.0401,False,False
mp-1178148,KLi(WO3)3,28,14.225042621055325,Triclinic,-2.2087579121845247,0.03468070537089396,1.0924,False,False
mp-1178166,K2LiNbO4,32,17.83677274115969,Triclinic,-2.5040467878541666,0.03711422406249998,3.8068,False,False
mp-1178332,Li(CoO2)2,56,9.967728352167953,Triclinic,-1.4596688392261907,0.046809553214284705,0.0915999999999999,False,False
mp-1178391,CsLiWO4,7,22.649829309417054,Tetragonal,-2.321442898998358,0.0,4.4251,True,False
mp-1180529,LiMnPO5,32,10.441750653738561,Triclinic,-2.3397108079259032,0.034732443472227814,1.313808029200965,False,False
mp-1180540,LiSc(SiO3)2,40,11.370114156670727,Monoclinic,-3.3400846495833334,0.0035608734166654443,4.957599999999999,False,False
mp-1180608,LiUAs(H4O5)2,42,11.471834539904,Tetragonal,-1.8919517143253965,0.000538554999999441,2.5184,False,False
mp-1181006,LiVTeO5,32,13.363463847587527,Orthorhombic,-2.0766940428125,0.0026061504687540094,2.7874,False,False
mp-1185263,LiPaO3,5,16.10418249203608,Cubic,-3.339490445666668,0.0,3.4214,True,False
mp-1185486,LiTi2O4,28,10.209212063244975,Monoclinic,-3.2058453796428563,0.04036501250000235,0.0,False,True
mp-1185531,LiNd6B3O13F2,50,13.36291485428882,Monoclinic,-3.5949516952333327,0.0,4.4538,True,False
mp-1188169,LiFe(GeO3)2,20,11.31446401790057,Monoclinic,-2.0639084988333325,0.029995677749999672,2.0351370645025972,False,False
mp-1188898,LiLa(CO3)2,20,11.259023437153445,Monoclinic,-2.5962255888333345,0.0,5.175800000000001,True,False
mp-1189006,KLiMn2(SiO3)4,20,11.750890811821622,Monoclinic,-2.827332989822269,0.0006313264625763537,1.8182,False,False
mp-1190151,Sr3LiSbO6,22,14.473132159404004,Trigonal,-2.7770106121212126,0.0,3.1733,True,False
mp-1190195,LiIn(WO4)2,24,12.186980739889881,Monoclinic,-2.205425817083333,0.0,3.3464087340337896,True,False
mp-1190404,Sr3LiNbO6,22,14.58952569622644,Trigonal,-3.1008878080303024,0.0,3.2076,True,False
mp-1190486,Sr3LiTaO6,22,14.525844422313906,Trigonal,-3.2071339132424246,0.0,3.7909999999999995,True,False
mp-1190882,LiLu(WO4)2,24,12.340836052591419,Monoclinic,-2.68189497375,0.0,3.8008322370634566,True,False
mp-1191085,LiY(WO4)2,24,12.755926530090179,Monoclinic,-2.6541571919444444,0.0,3.777413678645032,True,False
mp-1191127,LiCr(WO4)2,24,11.293777242559194,Monoclinic,-2.2741924923611094,0.006666213645837971,2.417518671003866,False,False
mp-1191696,LiCr(MoO4)2,24,13.928689284336143,Triclinic,-2.129827416527778,0.016150373749997726,2.760001377021188,False,False
mp-1191729,LiHo(WO4)2,24,12.637552063805659,Monoclinic,-2.6667564165277775,0.0,3.791129783678989,True,False
mp-1191787,LiCa3OsO6,22,12.427733801518036,Trigonal,-2.653183061212121,0.0,0.2179131175518232,True,False
mp-1192111,LiEr(WO4)2,24,12.543594211582544,Monoclinic,-2.6698821298611115,0.0,3.7954208445048354,True,False
mp-1192153,LiDy(WO4)2,24,12.702365840701924,Monoclinic,-2.6626367966666664,0.0,3.78681790878995,True,False
mp-1192681,LiTcH6O7,30,10.50786064277602,Hexagonal,-1.5923823147222218,0.0,3.4433999999999996,True,False
mp-1192726,NaLiSi2H4O7,30,10.404207660830133,Monoclinic,-2.2756437276475086,0.011991264750000674,4.86,False,False
mp-1192746,LiAs2H3O7,26,10.106975559953355,Monoclinic,-1.6417370128525732,0.0,3.3012089773839053,True,False
mp-1192813,LiTi2O4,28,10.207626875663232,Orthorhombic,-3.202193447142857,0.04401694500000097,0.0,False,True
mp-1193296,LiTi2O4,28,9.93609415107836,Orthorhombic,-3.220281225,0.0259291671428592,0.0,False,True
mp-1193954,LiH6IO7,30,9.592198054971675,Triclinic,-1.2159123137222223,0.01406010533333113,2.3600000000000003,False,False
mp-1194740,LiSc(GeO3)2,40,12.226699784805186,Monoclinic,-2.6558266143333333,0.009765722833331658,3.6059000000000005,False,False
mp-1194832,LiH4SNO4,88,9.636240584340866,Orthorhombic,-1.4475275734848487,0.0,6.2028,True,False
mp-1194993,Cs2LiNd(BO3)2,48,16.265029650669543,Orthorhombic,-2.830112944039751,0.0,4.4831,True,False
mp-1195001,Na5Li(Mo3O10)3,90,14.308884956100526,Orthorhombic,-2.0624599707828857,0.0,2.9749,True,False
mp-1195205,LiP2H8NO8,80,9.53251329753532,Monoclinic,-1.7380426111309526,0.005984690500000056,5.3449,False,False
mp-1195443,LiMn4O8,52,11.182491364994819,Cubic,-1.9121916505813443,0.045207331288461994,0.0,False,True
mp-1195542,Rb2LiNd(BO3)2,48,14.532897902663967,Orthorhombic,-2.8503695638888886,0.0,5.055499999999999,True,False
mp-1195620,LiH2ClO5,36,10.6759257423124,Monoclinic,-1.102835199814815,0.0,5.5649999999999995,True,False
mp-1195676,LiCuSO4F,32,11.461638334957755,Monoclinic,-1.9234916432291667,0.0,0.43090000000000006,True,False
mp-1195770,LiZr2(AsO4)3,36,15.78702500292802,Trigonal,-2.4922783078240736,0.014140145833307471,3.643,False,False
mp-1196171,LiScH2Se2O7,104,13.602354664308011,Monoclinic,-1.9671044063862182,0.0,3.9874,True,False
mp-1196213,LiNbO3,40,12.157126234575715,Monoclinic,-2.8861870246666657,0.013330627000003759,3.6404,False,False
mp-1196541,K10LiZr6H4O2F35,116,15.34027990430655,Monoclinic,-3.4335075879454027,0.0,5.3659,True,False
mp-1196748,LiMn3H6(SeO3)8,42,13.395380685110704,Trigonal,-1.432949485318487,0.0,1.6130999999999998,True,False
mp-1196827,K4LiH3(SO4)4,112,15.542930991360759,Tetragonal,-2.0144297407529757,0.028305827812500794,4.7542,False,False
mp-1196828,NaLiMgPO4F,36,11.046987454763949,Monoclinic,-2.964237840761722,0.0,5.1228,True,False
mp-1197533,LiMnH2OF4,36,10.398560214273038,Orthorhombic,-2.374387805696041,0.007979997777800563,1.9510999999999998,False,False
mp-1197982,K2LiIn(MoO4)3,38,17.52890343309474,Monoclinic,-2.14080098444737,0.0,3.7842000000000002,True,False
mp-1198038,LiPH4CO3,40,10.542496878900696,Monoclinic,-1.4633047310476186,0.014040492666661741,5.609500000000001,False,False
mp-1198160,Rb2LiFe(MoO4)3,76,17.00704466163003,Orthorhombic,-2.088642553070176,0.015834443684208388,2.6718,False,False
mp-1198331,Rb4LiH3(SO4)4,112,16.365914202081655,Tetragonal,-2.045324729181547,0.0,5.1036,True,False
mp-1198378,NaLiFePO4F,72,11.515139502869083,Orthorhombic,-2.575067067567279,0.00951243868055851,3.5747999999999998,False,False
mp-1198780,LiSbO2,32,15.177064103232947,Monoclinic,-1.9928202583333325,0.0,3.6306,True,False
mp-1198930,LiGa(SeO3)2,40,14.430228768745934,Tetragonal,-1.7200581528020833,0.0,4.2558,True,False
mp-1199215,LiSm(PO3)4,36,13.005179196252051,Monoclinic,-2.927127276216931,0.0,6.0068,True,False
mp-1199446,RbLiSO4,140,16.103681988727523,Monoclinic,-2.289271391619048,0.011315496357141797,5.120900000000001,False,False
mp-1199453,KLiMoO4,168,17.55294943432429,Hexagonal,-2.251139869726191,0.0,4.481,True,False
mp-1199484,LiCu2BP2(HO5)2,72,10.702361037073935,Orthorhombic,-2.103776531904762,0.005086376527776437,0.6061999999999999,False,False
mp-1199729,LiMn2O4,126,10.670232707419837,Orthorhombic,-2.0492783573453766,0.01882798539682451,0.01540000000000008,False,False
mp-1200250,NaLiNiPO4F,36,10.913134784722962,Monoclinic,-2.5056974929839453,0.0,4.5594,True,False
mp-1200805,CsLi(B3O5)2,72,14.3173005742151,Orthorhombic,-2.841286404193806,0.0002773318055551144,5.007662447084454,False,False
mp-1201372,LiSmEu2O4,32,14.827195231434434,Orthorhombic,-3.132938409166668,0.02218261820312506,0.10920000000000041,False,False
mp-1201902,LiH2BrO5,36,12.036492198029855,Monoclinic,-0.9441511695370374,0.0,3.0459,True,False
mp-1202117,LiCu2BP2(HO5)2,36,10.22498335864231,Monoclinic,-2.088338702738095,0.020524205694443687,0.8472999999999997,False,False
mp-1202176,LiY3Si2(O4F)2,32,12.218403844776818,Monoclinic,-3.703935621145833,0.006577343680554293,5.228199999999999,False,False
mp-1202217,RbLiSO4,56,14.71144633151046,Monoclinic,-2.2984610902976184,0.0021257976785715726,6.1503,False,False
mp-1202325,LiAl(Si2O5)2,32,13.805390135648208,Monoclinic,-3.2422585923958334,0.0032948985416716425,5.373,False,False
mp-1202461,LiCa2Mn2Si5HO15,52,11.323247336828056,Triclinic,-2.999119769055606,0.0,2.9619999999999997,True,False
mp-1202801,LiPO3,100,12.1586885289899,Monoclinic,-2.701737629295238,0.0009896641333320133,5.5885,False,False
mp-1202818,LiZr2(AsO4)3,72,15.711924243498835,Monoclinic,-2.506418453657408,0.0,3.8841,True,False
mp-1202839,LiCd4(GeO3)5,50,13.702151874451951,Triclinic,-1.8653620211333328,0.04797091279667143,0.5378000000000001,False,False
mp-1203059,LiAs3H2O9,60,12.213376189028384,Monoclinic,-1.6584136003888896,0.0,3.8544,True,False
mp-1203349,K2LiV5H10O19,74,11.206581480613423,Triclinic,-1.9202595605495496,0.024092448175695225,2.5943004500922004,False,False
mp-1203380,LiBP2Pb4O11,152,14.44226668058051,Orthorhombic,-2.3369858204229312,0.005077116776321944,2.5774999999999997,False,False
mp-1203440,LiZnSO4F,32,11.42237670281347,Orthorhombic,-2.2008840810416666,0.0,4.2073,True,False
mp-1203476,Na2LiV5H18O23,98,10.485761533204368,Triclinic,-1.7529175368079992,0.015816217500001173,2.4699999999999998,False,False
mp-1203841,LiVPH4O7,56,9.701894852900423,Orthorhombic,-2.035024844141156,0.049400794062493425,2.5599999999999996,False,False
mp-1204228,NaLiCoPO4F,72,11.143011671814454,Orthorhombic,-2.497641654511723,0.02855490513888803,2.5237,False,False
mp-1204399,LiAlSiH2O5,40,10.489774406693405,Orthorhombic,-2.602810342083333,0.028527931916666027,4.885,False,False
mp-1204876,LiMnP3(H5O7)2,58,10.514591834600497,Triclinic,-1.9159092614721707,0.0331859653448241,4.0589,False,False
mp-1205078,LiCe(PO3)4,36,13.346501300382075,Monoclinic,-2.908629536216931,0.0,0.12419999999999964,True,False
mp-1205129,Na3LiTi2Si4(HO4)4,60,11.022233165812851,Monoclinic,-2.720117881137931,0.004383918597223868,3.5603,False,False
mp-1205167,Na3LiY3P3CO15F2,112,12.197795811896167,Cubic,-3.1240777626392804,0.0,4.5144,True,False
mp-1205315,LiBiO2,8,13.762311373059722,Tetragonal,-1.7991739720833335,0.042890624374999575,0.7694504254901569,False,False
mp-1205423,NaLiTi3O7,48,11.337818691823637,Orthorhombic,-3.2049261506010533,0.0009962104166856278,2.5955,False,False
mp-1205443,LiAlSiH2O5,40,10.869779619437788,Orthorhombic,-2.606806825833334,0.024531448166665193,4.5798,False,False
mp-1205568,Sr2LiOsO6,10,12.47418660515377,Cubic,-2.442533314333333,0.0,0.0,True,True
mp-1207120,Ba2LiIO6,10,14.335800371925222,Cubic,-2.2351833338333336,0.0,2.0784,True,False
mp-1208633,SrLiPO4,14,13.495148252337742,Hexagonal,-3.079934706853741,0.023669295476190122,4.4543,False,False
mp-1208707,SrLiTi3Cr2O11,72,11.17530983136588,Orthorhombic,-3.019325906851852,0.03501005626542941,0.20610000000000017,False,False
mp-1208808,Sr2LiTeO6,20,13.015488666895829,Tetragonal,-2.3955237450000006,0.020662689512494836,0.0,False,True
mp-1208810,Sr2LiTeO6,20,13.334637026563826,Monoclinic,-2.3954027710000005,0.0207836635124945,0.0,False,True
mp-1210869,LiGaPO4F,16,10.810244712214343,Triclinic,-2.7037007056845246,0.037150687291666706,0.0,False,True
mp-1210919,LiLa(WO4)2,24,13.887650199605341,Triclinic,-2.6684821406944437,0.0,3.6807,True,False
mp-1210924,LiTb2RuO6,20,11.69710980647033,Monoclinic,-2.8649635106666667,0.0,0.08140000000000036,True,False
mp-1210933,LiV(WO4)2,24,11.455103858470933,Monoclinic,-2.3221732411111113,0.0041833707291765165,1.8408999999999995,False,False
mp-1210954,LiSm2RuO6,20,12.055314425062933,Monoclinic,-2.829137265333334,0.0,0.39990000000000014,True,False
mp-1210959,LiGd(MoO4)2,24,12.822490890248687,Monoclinic,-2.494311470277779,0.035746869999998765,2.9783999999999997,False,False
mp-1210977,LiMn2TeO6,20,11.59538081452643,Triclinic,-1.9291509505862066,0.0,0.012099999999999334,True,False
mp-1211002,LiTi3Zn2O8,56,10.917582103378052,Cubic,-2.8848641289880947,0.02668588232142266,0.0,False,True
mp-1211004,LiSm(WO4)2,24,13.286891798956868,Triclinic,-2.6467010781944444,0.0,3.6314,True,False
mp-1211005,LiTb(WO4)2,24,12.706509795049742,Monoclinic,-2.659734967499999,0.0009228434374985994,3.7750999999999997,False,False
mp-1211012,LiYGeO4,28,13.041041686163314,Orthorhombic,-2.8916971276190475,0.01113590071428483,3.817,False,False
mp-1211020,LiGa(PO3)4,72,13.60317236076961,Orthorhombic,-2.6178914442724865,0.0,5.0657,True,False
mp-1211045,LiGd2RuO6,20,11.958245589939658,Monoclinic,-2.792406803833333,0.020619058166666093,0.16438655028021598,False,False
mp-1211055,LiPt3O4,16,11.471536252687558,Cubic,-1.0856861522916663,0.0,0.0,True,True
mp-1211079,LiTb6B3O14,96,12.313645896304797,Monoclinic,-3.592606311284721,0.0,4.7094000000000005,True,False
mp-1211080,LiNd2RuO6,20,12.319527858917558,Monoclinic,-2.8044745583333333,0.0,0.4246000000000003,True,False
mp-1211106,LiPr2RuO6,20,12.521729410311659,Monoclinic,-2.786508984166666,0.0,0.30169185586782543,True,False
mp-1211108,LiGd(SO4)2,24,14.562299360358516,Tetragonal,-2.3903029315277777,0.0,2.6325,True,False
mp-1211126,LiSc(WO4)2,24,11.859885578778565,Monoclinic,-2.6289591786111117,0.0,3.5658,True,False
mp-1211129,LiP4(RuO7)2,21,12.389787267299184,Triclinic,-2.2572916267573686,0.013758977103178083,0.030999999999999694,False,False
mp-1211137,LiNd(WO4)2,24,13.537510050426258,Triclinic,-2.6420806009027786,0.0,3.6841,True,False
mp-1211144,LiSm6B3O14,96,13.003709603574052,Monoclinic,-3.5348295849305558,0.0,4.510800000000001,True,False
mp-1211145,LiSm(MoO4)2,24,12.931498849257357,Monoclinic,-2.495415980277778,0.02790264895836536,3.0700000000000003,False,False
mp-1211170,LiHo6B3O14,96,12.03924092214347,Monoclinic,-3.6086771131597204,0.0148424646527765,4.7947,False,False
mp-1211174,LiNd(MoO4)2,24,13.281619976318021,Monoclinic,-2.4889988309027786,0.025156584166696305,3.0984,False,False
mp-1211183,LiTm6B3O14,96,11.652056735620798,Monoclinic,-3.6355362311805575,0.0,4.8766,True,False
mp-1211195,LiBi(WO4)2,24,13.182519516863133,Monoclinic,-2.146169153611112,0.00393300197916524,2.4718000000000004,False,False
mp-1211203,LiCe(WO4)2,24,13.576008481491144,Triclinic,-2.623181658194445,0.029590570729164156,0.11770000000000014,False,False
mp-1211233,LiDy6B3O14,96,12.139658798811483,Monoclinic,-3.6007797867013864,0.0,4.7578,True,False
mp-1211241,LiNd6B3O14,96,13.503189255659867,Monoclinic,-3.494287549930555,0.0,4.4113,True,False
mp-1211486,LiPr6B3O14,96,13.602026140775935,Monoclinic,-3.465967741284721,0.0,4.7893,True,False
mp-1211510,KLiSm2(MoO4)4,48,14.248753775018772,Monoclinic,-2.521801934190974,0.008683669479191636,3.3373661510117913,False,False
mp-1211563,KLiEr2(MoO4)4,48,13.547309048274967,Monoclinic,-2.5280987591909727,0.014006997326383441,3.2596043196120927,False,False
mp-1211571,KLiDy2(MoO4)4,48,13.761871339017825,Monoclinic,-2.528025467663195,0.017890151770856733,3.280905527415067,False,False
mp-1211586,KLiY2(MoO4)4,48,13.8215423946845,Monoclinic,-2.516057845649307,0.030081301458340093,3.282204888983651,False,False
mp-1211593,LiEr6B3O14,96,11.851795143302702,Monoclinic,-3.6212633767013873,0.017893081961803503,4.8612,False,False
mp-1211621,LiZnP2HO7,96,11.753586585301314,Orthorhombic,-2.417495878343253,0.0,4.4957,True,False
mp-1211661,KLiLu2(MoO4)4,48,13.338012246030736,Monoclinic,-2.5246886057881945,0.04684024885415994,3.1597166826633902,False,False
mp-1211688,KLiHo2(MoO4)4,48,13.711951245084073,Monoclinic,-2.5271409166909726,0.018801412708358,3.2260417578920473,False,False
mp-1211713,KLiTb2(MoO4)4,48,13.833957515867965,Monoclinic,-2.5288651766215295,0.01720955421877335,3.314604013861609,False,False
mp-1211810,KLiTm2(MoO4)4,48,13.522072212417507,Monoclinic,-2.5302160550243067,0.014392430052078353,3.200419949128862,False,False
mp-1211850,KLiGd2(MoO4)4,48,13.97689386068827,Monoclinic,-2.5136695000243066,0.01695821302084255,2.9099,False,False
mp-1211965,KLiMoO4,84,17.69933332782502,Monoclinic,-2.2507667836547616,0.00037308607142882977,4.5186,False,False
mp-1212004,LiNiBP2H6O11,132,9.378860126988394,Hexagonal,-2.0215270439826836,0.013327592916670739,0.0,False,True
mp-1212005,KLiWO4,84,17.905449435738625,Monoclinic,-2.3083242163928563,0.0,4.7976,True,False
mp-1212166,LiEu(WO4)2,24,13.015131448044578,Monoclinic,-2.4697984423611117,0.029484138906250124,0.0,False,True
mp-1212253,LiEu(MoO4)2,24,13.243821605360376,Monoclinic,-2.3232693127777786,0.021816242187485457,0.0,False,True
mp-1214370,BaLiRu5O11,36,11.731232626088222,Hexagonal,-1.6809079690740742,0.02685185756943831,0.0,False,True
mp-1214380,BaLiGd2(MoO4)4,48,13.852390669718993,Monoclinic,-2.600783019305556,0.04305724000001199,0.039200000000000124,False,False
mp-1214461,Ba4Li(BiO4)3,20,16.111014699148317,Cubic,-2.196125535666667,0.0,0.5661,True,False
mp-1214633,Ba2LiTeO6,10,14.484175313141884,Cubic,-2.382827871,0.0,0.0,True,True
mp-1214701,Ba2LiUO6,20,15.326963896046584,Orthorhombic,-3.137867112833333,0.01997299805357855,0.0,False,True
mp-1218231,SrLiY2(BO3)3,48,12.649808089020825,Trigonal,-3.330961614114583,0.0,4.1234,True,False
mp-1218250,SrLiPrTeO6,20,13.078372158241587,Monoclinic,-2.714654102666666,0.006126915916664366,3.2928,False,False
mp-1218260,SrLiTi4CrO11,72,11.347960527751685,Orthorhombic,-3.258796063981483,0.02337979222222053,2.2778,False,False
mp-1218301,SrLiTi4CrO11,72,11.303509237105736,Orthorhombic,-3.2690899431481486,0.013085913055554954,2.2290999999999994,False,False
mp-1218428,Sr3LiBiO6,22,15.493135617124606,Monoclinic,-2.526498112121212,0.0,1.8560999999999999,True,False
mp-1218614,Sr4Li(RuO4)3,20,12.42285848746682,Triclinic,-2.2547254596666675,0.025668274749998332,0.0,False,True
mp-1218822,Sr2LiB10H3O19,70,9.599594954729634,Triclinic,-2.769666489821484,0.0,5.7572,True,False
mp-1220982,NaLiGa2(SiO3)4,20,10.69226877793452,Monoclinic,-2.8678321534856317,0.037777796916669715,4.2721,False,False
mp-1221048,NaLiV2O6,20,14.582881410025474,Monoclinic,-2.4014756244712645,0.0003765615000013156,3.1323,False,False
mp-1221179,Na4Li(NiO2)5,20,9.95450311063129,Monoclinic,-1.356265745442529,0.009838005166662,0.30169999999999986,False,False
mp-1221192,Na4LiNb5O15,50,12.395738020643757,Trigonal,-2.8345278227540236,0.02123391979999134,2.8430999999999997,False,False
mp-1221217,Na3LiV4O12,20,13.96991112392198,Monoclinic,-2.376603095873564,0.012196836249999343,3.1673,False,False
mp-1221254,Na3LiFe4(SiO3)8,40,11.073189887296525,Monoclinic,-2.7315718846867822,0.006940273979170186,2.7673999999999994,False,False
mp-1221279,Na3LiGa4(SiO3)8,40,10.803688561581193,Monoclinic,-2.862283781436782,0.030115796625001856,4.225899999999999,False,False
mp-1221336,Na3LiMg4(Si2O5)6,100,13.200129654560426,Orthorhombic,-3.1278146706494256,0.005286006575001778,4.343,False,False
mp-1222301,LiTiO2,4,8.810092098593016,Tetragonal,-2.9497324066666666,0.02962454124999958,0.0,False,True
mp-1222327,LiNd(MoO4)2,12,13.455034704286378,Tetragonal,-2.4916123584027794,0.022543056666695094,3.4231,False,False
mp-1222338,LiTiAlO4,14,10.110966748765989,Orthorhombic,-3.2271614159523816,0.04597288357142215,2.4977,False,False
mp-1222344,LiTaGeO5,16,12.977539738185959,Monoclinic,-2.7579001982083344,0.0041949068750017915,3.7966999999999995,False,False
mp-1222345,LiNiAsO4,28,10.052655706868133,Orthorhombic,-1.795668527976191,0.02155464095237658,2.6351999999999998,False,False
mp-1222347,LiTiCrO4,28,10.401582076312732,Orthorhombic,-2.8622025066666663,0.02421416178571434,2.2833,False,False
mp-1222349,LiGeRhO4,14,10.908009276761131,Orthorhombic,-1.8917997747619049,0.0,1.6894999999999998,True,False
mp-1222350,LiMgSO4F,16,11.423701587987644,Triclinic,-2.623201227604167,0.01124014046874855,5.9657,False,False
mp-1222352,LiTiRhO4,14,10.946862631326857,Orthorhombic,-2.4206485523809524,0.000864951428572347,1.0782000000000003,False,False
mp-1222353,LiMnRhO4,14,10.2364614273161,Orthorhombic,-1.771844245180623,0.0,0.9920999999999998,True,False
mp-1222354,LiInO2,8,10.891252123011702,Tetragonal,-2.060948398749999,0.00040365999999991686,2.5774,False,False
mp-1222355,LiNdO2,16,12.303046739293842,Monoclinic,-3.128230150833333,0.008336155312497873,4.212199999999999,False,False
mp-1222358,LiNbWO6,9,12.311651518671521,Trigonal,-2.570885162592593,0.013673802361116927,2.6229,False,False
mp-1222368,LiVMoO6,9,12.266357461401066,Monoclinic,-2.1784026614814826,0.025858555972220643,2.7403,False,False
mp-1222376,LiZnBO3,12,9.757343367042656,Monoclinic,-2.414061129583333,0.02034160041666766,4.3387,False,False
mp-1222378,LiTiFeO4,14,10.707467259582014,Monoclinic,-2.596534346666666,0.04451772408163457,2.0238194269326595,False,False
mp-1222380,LiCoAsO4,28,10.268276039891832,Orthorhombic,-1.8047373069047623,0.020508573690480425,2.2329999999999997,False,False
mp-1222384,LiTi4O8,13,11.504284072919573,Monoclinic,-3.318736642820513,0.048325315384616374,0.0,False,True
mp-1222389,LiFeSO4F,16,12.006345786613993,Triclinic,-2.184389943229167,0.009223795156249714,4.3426,False,False
mp-1222409,LiGaBH3O5,22,10.706818969019157,Monoclinic,-2.0557745521590918,0.0,5.2238,True,False
mp-1222444,LiAlSiO4,21,13.247640213821139,Hexagonal,-3.20280941952381,0.007672546190476304,4.796200000000001,False,False
mp-1222447,LiP5Pb2O15,46,14.90778610204137,Monoclinic,-2.5384341231107657,0.0,4.6531,True,False
mp-1222452,LiBi3(ClO2)2,10,18.769253240543478,Orthorhombic,-1.6796786533333339,0.028549738583336648,2.5888000000000004,False,False
mp-1222453,LiLa4CuO8,14,13.397415958374564,Monoclinic,-3.135025580238095,0.04794690821428649,0.00019999999999953388,False,False
mp-1222456,LiRuRhO4,14,11.240797561146838,Orthorhombic,-1.479422784047619,0.03433227428571417,0.0,False,True
mp-1222461,LiBi3(IO2)2,10,21.49117135374977,Orthorhombic,-1.503560872333334,0.001298413999999859,1.8667999999999996,False,False
mp-1222467,LiAg3(IrO3)2,12,13.159254671100696,Monoclinic,-1.021155238194444,0.011738315833333068,0.0,False,True
mp-1222468,LiMoP2WO11,16,12.92442390853969,Monoclinic,-2.421674914851189,0.011562568619785552,2.469,False,False
mp-1222469,LiAl(SiO3)2,10,13.379001800599525,Orthorhombic,-3.227567057333333,0.0016197218333369179,4.9935,False,False
mp-1222472,LiFe(SO4)2,24,11.795633825072173,Monoclinic,-1.9474070690277774,0.023006616979173167,2.0509,False,False
mp-1222477,LiVZnO4,42,13.688983251867844,Trigonal,-2.2891233461904763,0.0,3.35,True,False
mp-1222483,LiBi3(BrO2)2,10,19.778813518854058,Orthorhombic,-1.6138499793333345,0.0042933859999996216,2.3773,False,False
mp-1222487,LiLa8Cu3O16,28,13.52026938201912,Triclinic,-3.0727207608333345,0.045453080446402616,0.21079999999999988,False,False
mp-1222491,LiTiSn(PO4)3,36,13.014997205750461,Trigonal,-2.7661006744775136,0.0074962237499995865,2.5122773783128918,False,False
mp-1222506,LiY9(Si3O13)2,42,12.5008039989798,Trigonal,-3.6602048798412703,0.029051964543652886,4.4329,False,False
mp-1222518,LiTeH5O6,52,8.68012886915538,Monoclinic,-1.4595922024038457,0.014614351250001434,2.931761585442132,False,False
mp-1222519,LiFe3SiPO8,28,11.185057856642462,Monoclinic,-2.3862270391411564,0.004399614285720332,3.5642000000000005,False,False
mp-1222525,LiAlGeO4,42,11.955823146674708,Trigonal,-2.71391904690476,0.0,4.7379,True,False
mp-1222530,LiFe2Rh3O8,14,11.262951012657442,Trigonal,-1.436815397380952,0.011428873303570342,0.8435000000000001,False,False
mp-1222538,LiV3O4,16,9.219046985840158,Tetragonal,-2.277545306666667,0.025406753229166412,0.0,False,True
mp-1222541,LiFeSiO4,28,12.887217947530193,Monoclinic,-2.515338861904761,0.03313740321428771,3.1088999999999998,False,False
mp-1222546,LiCuSbO4,28,11.425454427039586,Monoclinic,-1.7486951761904765,0.03367059107142811,0.5012999999999996,False,False
mp-1222553,LiAlSiO4,21,13.114674680663278,Monoclinic,-3.180421095238096,0.030060870476190438,4.7247,False,False
mp-1222570,LiW3O9F,28,13.331762114388821,Monoclinic,-2.3054530523809524,0.024483960982147224,2.5627000000000004,False,False
mp-1222571,LiAlSi3O8,26,12.221125850337744,Triclinic,-3.211568511025641,0.027690090769234565,5.4216,False,False
mp-1222577,LiAlNi3O5,20,8.978208559123702,Monoclinic,-1.9239268033333332,0.045701750749996606,3.0743,False,False
mp-1222623,LiLa3MnO7,48,12.759235818874059,Monoclinic,-3.2093543728136975,0.04450128572420908,2.385699999999999,False,False
mp-1222638,LiMg4Al(MoO4)6,36,14.814523678151126,Triclinic,-2.394198303148149,0.0,3.4516,True,False
mp-1222666,LiMn2Cu(RuO4)2,14,11.026562295733699,Orthorhombic,-1.64010487494253,0.04163537428571473,0.0,False,True
mp-1222672,LiMgAl(MoO4)3,36,14.327758746059011,Triclinic,-2.3801071537962972,0.0,3.5881009458791024,True,False
mp-1222686,LiCuRu2(RhO4)2,14,11.311156151339508,Orthorhombic,-1.3028428059523804,0.041019591428572255,0.0,False,True
mp-1222708,LiH7(SO4)4,28,11.437072367492943,Triclinic,-1.6336507068601185,0.006011784017869282,5.759600000000001,False,False
mp-1222914,LiB(H8O5)2,28,8.160481461089045,Triclinic,-1.4802432554464287,0.01063853008928728,5.0895,False,False
mp-1223108,LiU4As3O20,56,16.409026123254698,Tetragonal,-2.8166274844940467,0.0,1.8788,True,False
mp-1223201,LiCr4(PO4)3,80,12.078338695775006,Orthorhombic,-2.486546355238095,0.012109419750000683,2.6569,False,False
mp-1223469,KLiZn3O4,9,12.949357690097601,Monoclinic,-1.8131217433981475,0.0,1.5200999999999998,True,False
mp-1223686,KLiZnP2O7,48,13.970624791171865,Monoclinic,-2.611701019155754,0.001312743541665995,4.2648,False,False
mp-1223707,KNa2LiTi2MnFe(SiO3)8,80,12.134302697288742,Monoclinic,-3.025248564698491,0.0019864972379277646,2.1473,False,False
mp-1227900,BaLiMg2AlSi3(O5F)2,20,12.405038320715635,Triclinic,-3.3542129086666677,0.015826509895847884,4.3443,False,False
mp-1228318,Ba3LiIrRuO9,30,14.20455515897285,Hexagonal,-2.2407896118888897,0.0021160388333374414,0.0,False,True
mp-1228761,Ba4Li(IrO4)3,60,14.274971672724199,Monoclinic,-2.1334366870000014,0.012559340322924939,0.0,False,True
mp-1232993,LiTi8O16,25,10.855812332328776,Triclinic,-3.3897475992,0.04499123600000843,0.0,False,True
mp-1232999,LiO8,9,12.536871380210002,Triclinic,-0.41025122481481524,0.01681786333333335,0.15209999999999996,False,False
mp-1233002,Sr4LiMn2(GaO5)2,19,13.980126903285976,Orthorhombic,-2.613826395483968,0.0159998727631665,0.11609999999999987,False,False
mp-1235037,LiV6O15,22,12.832645833468229,Monoclinic,-2.317764958560606,0.03466656136364321,0.24730000000000008,False,False
mp-3368,LiNb3O8,48,11.68584343921342,Monoclinic,-2.9806407040277776,0.0,2.9705000000000004,True,False
mp-3427,LiAlO2,16,10.354529035363859,Tetragonal,-3.082882981458333,0.01406045374999998,4.5899,False,False
mp-3635,LiBO2,16,9.186233049547194,Monoclinic,-2.7379905412500003,0.01816399749999409,5.226,False,False
mp-3660,LiB3O5,36,8.852253008858392,Orthorhombic,-2.8108321075925935,0.006568469722249226,6.3532,False,False
mp-3666,LiTaO3,10,10.512489484369373,Trigonal,-3.125358770133336,0.0,3.7003,True,False
mp-3731,LiNbO3,40,10.726559048942411,Trigonal,-2.899517651666666,0.0,3.3358000000000003,True,False
mp-3924,LiNbO2,8,9.658204808979935,Hexagonal,-2.686382930833336,0.0,1.5794999999999995,True,False
mp-4995,LiSbO3,20,10.775006655742583,Orthorhombic,-2.118194097166666,0.0,2.1379000000000006,True,False
mp-5127,LiCuO,12,11.160200253307563,Tetragonal,-1.432946590277778,0.0,1.4376000000000002,True,False
mp-5488,LiInO2,8,10.890276224892373,Tetragonal,-2.061352058749999,0.0,1.8142999999999998,True,False
mp-5670,LiTi2O4,14,10.568421527498158,Cubic,-3.2462103921428573,0.0,0.0,True,True
mp-5840,LiScO2,8,10.15180683103843,Tetragonal,-3.3446211433333337,0.0,3.904,True,False
mp-5854,LiGaO2,16,10.732636701311426,Orthorhombic,-2.3788747770833334,0.0,3.1981,True,False
mp-5990,CsLi(B3O5)2,36,14.475375719325676,Tetragonal,-2.8407867293326947,0.0007770066666665798,5.0778,False,False
mp-6071,Sr3LiIrO6,22,13.966440490925168,Trigonal,-2.5110165907575763,0.0,0.0,True,True
mp-6075,Ba2Li(BO2)5,36,12.126237437974016,Monoclinic,-3.0323629096759266,0.0,4.951700000000001,True,False
mp-6099,LiSc(SiO3)2,40,11.384739728878031,Monoclinic,-3.3408050225833335,0.0028405004166653924,4.929,False,False
mp-6113,LiTiAsO5,32,11.52103809816974,Orthorhombic,-2.559215438333333,0.0,3.1654000000000004,True,False
mp-6126,LiCdBO3,18,11.348101944272369,Hexagonal,-2.3040003562500004,0.0,2.1155999999999997,True,False
mp-6146,LiNbZnO4,28,11.570662816989174,Tetragonal,-2.5797311494047617,0.0030383482142823937,2.7777,False,False
mp-6179,KLiSO4,14,14.828445155067618,Hexagonal,-2.3024945475833323,0.00019388714285728526,5.3221,False,False
mp-6211,RbLiSO4,28,14.683163929613016,Monoclinic,-2.30058688797619,0.0,5.2348,True,False
mp-6224,LiScSiO4,28,11.035713787582967,Orthorhombic,-3.3739944569047617,0.0,4.6122,True,False
mp-6240,LiIn(SiO3)2,20,11.703733542798135,Monoclinic,-2.8274130645,0.011506919416659045,3.6397261024551244,False,False
mp-6241,LiGa(SiO3)2,40,10.53569180299787,Monoclinic,-2.8893627180833343,0.042667976999998025,4.3095,False,False
mp-6248,LiGd(PO3)4,36,12.998688181911248,Monoclinic,-2.91949997510582,0.0,3.4712,True,False
mp-6270,Ba2LiReO6,10,13.962374972423694,Cubic,-2.741621015583333,0.0,1.8198000000000003,True,False
mp-6318,KLiSO4,14,14.823700989456423,Monoclinic,-2.302612706154761,7.57285714287903e-05,5.3179,False,False
mp-6326,LiAlSiO4,84,12.700366005168528,Hexagonal,-3.2042819779761915,0.006199987738094492,4.8474,False,False
mp-6327,LiAlSiO4,21,13.222844236150783,Hexagonal,-3.2027811042857155,0.00770086142857096,4.7985999999999995,False,False
mp-6340,LiAl(SiO3)2,20,10.061353762428938,Monoclinic,-3.194587714333333,0.03459906483333608,5.368399999999999,False,False
mp-6342,LiCa3RuO6,22,12.346012755526516,Trigonal,-2.631571543030303,0.0,0.31110000000000015,True,False
mp-6413,LiDy(PO3)4,36,12.788318699560099,Monoclinic,-2.9289450921428557,0.002915776203713527,5.9315,False,False
mp-6442,LiAl(Si2O5)2,32,13.88290250785805,Monoclinic,-3.2437593473958337,0.0017941435416712892,5.3223,False,False
mp-6456,LiNbGeO5,32,12.393799586822974,Orthorhombic,-2.6146367394791667,0.006307666562499037,3.3815,False,False
mp-6478,LiTaGeO5,16,12.460402525063557,Monoclinic,-2.7561113569583338,0.005983748125002464,3.7398,False,False
mp-6499,BaLiBO3,24,13.173895527884463,Monoclinic,-2.958859195833334,0.0,4.3861,True,False
mp-6521,LiLaTiO4,14,12.57227664618078,Tetragonal,-3.451740582380953,0.028770968035711775,2.2636999999999996,False,False
mp-6553,LiSc(SiO3)2,20,11.421259576924598,Monoclinic,-3.3407823233333334,0.002863199666666816,4.9196,False,False
mp-6597,CsLiSO4,28,17.089574582702408,Orthorhombic,-2.298017210784072,0.003316206428570112,5.1697999999999995,False,False
mp-6644,LiLa2RuO6,20,12.715087018879359,Monoclinic,-2.862336244833334,0.0,0.3146999999999993,True,False
mp-6648,KLiB4O7,104,12.035077025184506,Orthorhombic,-2.7958759248846152,0.0,5.0827,True,False
mp-6663,NaLiGe4O9,60,11.612101106759699,Orthorhombic,-2.171692080814178,0.015615330333329958,2.6592000000000002,False,False
mp-6668,LiTiPO5,32,10.5417969868255,Orthorhombic,-3.0461979839136912,0.0,3.0591999999999997,True,False
mp-6674,LiLa2SbO6,20,13.30755166836074,Monoclinic,-3.059468489833334,0.0031347194999993278,3.885700000000001,False,False
mp-6721,Sr3LiRuO6,22,13.96689512375566,Trigonal,-2.5817301612121213,0.0,0.399,True,False
mp-6726,CsLiSO4,28,17.073382048699717,Monoclinic,-2.301333417212643,0.0,5.2736,True,False
mp-6745,LiGa(SiO3)2,20,10.583642484431959,Monoclinic,-2.8888746765833337,0.04315601849999773,4.2722,False,False
mp-6783,NaLiSO4,42,12.390003604445976,Trigonal,-2.2580715615065676,0.00014546970238082935,5.5381,False,False
mp-6787,RbLiB4O7,104,12.690866887655982,Orthorhombic,-2.7926801900961538,0.0,4.8696,True,False
mp-6800,KLiSO4,14,14.81956270556192,Trigonal,-2.3026884347261896,0.0,5.3245,True,False
mp-6838,Na2LiFe(Si2O5)3,100,12.815439889975947,Orthorhombic,-2.9406004376436776,0.002028141383338067,3.3949000000000003,False,False
mp-6944,LiTiO2,16,8.927835511372425,Cubic,-2.951234965416666,0.028121982500000087,0.0,False,True
mp-7020,LiYO2,16,12.933541744063701,Monoclinic,-3.2474562477083326,0.0,4.108199999999999,True,False
mp-7137,LiTbO2,16,12.505898119211201,Orthorhombic,-3.270821998749999,0.0,4.5467,True,False
mp-7205,LiInSiO4,28,11.486424310818256,Orthorhombic,-2.652957972499999,0.0,3.0286999999999997,True,False
mp-7638,LiTa3O8,24,11.475913585283509,Monoclinic,-3.251229771277778,0.0031648762500005034,3.3645999999999994,False,False
mp-7744,LiSO3F,12,14.638131052781054,Monoclinic,-2.223926994305556,0.0,5.7916,True,False
mp-7800,LiSmO2,16,11.790152489198391,Monoclinic,-3.178103438958333,0.008716070781249918,3.7006,False,False
mp-7971,Ba4Li(SbO4)3,20,14.547816810072664,Cubic,-2.5572890126666663,0.0,1.4543999999999997,True,False
mp-8001,LiAlO2,4,7.948881521479306,Trigonal,-3.096943435208333,0.0,6.1183000000000005,True,False
mp-8007,LiUO3,10,12.688718923279945,Trigonal,-3.3485089006666486,0.0,0.44310800725110955,True,False
mp-8179,LiTlO2,8,12.498080053793837,Tetragonal,-1.4590466741666681,0.023439265562498868,0.40200000000000014,False,False
mp-8180,LiNO3,10,9.280084348909154,Trigonal,-1.3867624986666656,0.0,2.9369,True,False
mp-8390,LiYbO2,8,11.703378984431428,Tetragonal,-3.3144376160416673,0.0,0.0,True,True
mp-8412,LiCeO2,16,12.613491030790884,Monoclinic,-3.0893887602083323,0.038867507656254574,0.0,False,True
mp-8491,LiInP2O7,22,13.20085313275129,Monoclinic,-2.6025876490259723,0.0,3.9726000000000004,True,False
mp-8702,LiGaGeO4,42,13.011535675376923,Trigonal,-2.2707922432142866,0.01284577083333005,2.7169,False,False
mp-8796,Sr2LiSc(B2O5)2,72,11.542125112596766,Monoclinic,-3.1790189261111115,0.001963662662022969,4.626,False,False
mp-8870,LiMgAsO4,28,11.308706227526459,Orthorhombic,-2.378664632619047,0.007209538452387143,3.4543999999999997,False,False
mp-8873,LiGeBO4,7,10.389717500501032,Tetragonal,-2.4948268210714284,0.004399628214284412,4.526400000000001,False,False
mp-8874,LiSiBO4,7,9.758875779188234,Tetragonal,-2.9723275603571415,0.005259894880951244,6.4308,False,False
mp-9018,LiCdPO4,28,12.106781946838137,Orthorhombic,-2.4371249797108834,0.0004534632936543659,3.2179,False,False
mp-9158,LiCuO2,4,9.23460373238698,Monoclinic,-1.4505814108333328,0.0,0.37780000000000014,True,False
mp-9625,LiMgPO4,28,10.366050584744034,Orthorhombic,-2.9465851014965985,0.0,5.4297,True,False
mp-9657,LiAsO3,10,9.439200396968975,Trigonal,-1.984634626166666,0.0,3.3857999999999997,True,False
mp-10251,LiDyO2,16,12.902385795084442,Monoclinic,-3.2739008149999984,0.014812969999999481,3.9642999999999997,False,False
mp-10499,LiZr2(PO4)3,72,13.589911700681741,Monoclinic,-3.170948748458995,0.0,4.2387999999999995,True,False
mp-10517,LiScP2O7,22,13.077786939442678,Monoclinic,-3.0831529606926398,0.0,4.7661,True,False
mp-10520,LiNdTiO4,14,12.285290624537677,Tetragonal,-3.4171644277380944,0.023202995714290964,2.2825,False,False
mp-10584,Ba2LiOsO6,10,13.831618125654984,Cubic,-2.4420123233333335,0.0,0.0,True,True
mp-10620,LiPrO2,16,12.637597943328153,Monoclinic,-3.0946278637499995,0.009265334843748363,3.5331999999999995,False,False
mp-10814,SrLiBO3,24,11.685217102539356,Monoclinic,-2.9992720733333336,0.0,4.3664,True,False
mp-10970,LiErO2,16,12.406059776367412,Monoclinic,-3.3216714470833324,0.0,4.1087,True,False
mp-10971,LiErO2,8,12.242899636844072,Tetragonal,-3.3162502102083327,0.005421236874999735,4.171,False,False
mp-11206,LiTi(SiO3)2,20,10.842534981423501,Monoclinic,-3.134037300666667,0.034577460366669754,0.0,False,True
mp-11903,LiEu2IrO6,20,12.280140763660233,Monoclinic,-2.4261625343333337,0.012805673299999043,0.0,False,True
mp-11904,LiSm2IrO6,20,11.772747937503368,Monoclinic,-2.742124424333332,0.0,0.0,True,True
mp-11905,LiNd2IrO6,20,12.393240341410028,Monoclinic,-2.717315583833334,0.0,0.0,True,True
mp-11906,LiPr2IrO6,20,12.555204884171204,Monoclinic,-2.699372322166667,0.0,0.0,True,True
mp-11992,LiLa2IrO6,20,12.721797306689462,Monoclinic,-2.774933723833334,0.0,0.0,True,True
mp-12185,LiCu(PO3)3,56,10.821235445505453,Orthorhombic,-2.402899126232993,0.0,0.6669,True,False
mp-12448,LiSm2OsO6,20,12.215601914656029,Monoclinic,-2.8429345188333337,0.0,0.3960999999999997,True,False
mp-12449,LiPr2OsO6,20,12.675574686785755,Monoclinic,-2.800856855666667,0.0,0.4064999999999994,True,False
mp-12450,LiNd2OsO6,20,12.507045225578223,Monoclinic,-2.818654912833334,0.0,0.4066000000000001,True,False
mp-12451,LiLa2OsO6,20,12.459003415657687,Monoclinic,-2.8770802708333343,0.0,0.33560864464592033,True,False
mp-12525,Sr2LiReO6,10,12.589237887715667,Cubic,-2.738560688583334,0.010782035000000079,1.6795999999999998,False,False
mp-12645,LiHoO2,16,12.659708007899187,Monoclinic,-3.2993611233333313,0.0,4.0322000000000005,True,False
mp-14030,Na2LiY(Si2O5)3,100,13.159853269066282,Orthorhombic,-3.184671181143677,0.0,4.6025,True,False
mp-14115,LiRhO2,4,9.366579855172233,Trigonal,-1.5558249283333323,0.0,1.4076999999999993,True,False
mp-14232,LiBO2,8,7.1162651731224535,Tetragonal,-2.7561545387500006,0.0,7.2810999999999995,True,False
mp-14363,Rb2LiAsO4,16,17.782779739940153,Orthorhombic,-2.107650687604167,0.0,3.5526,True,False
mp-14364,Cs2LiAsO4,16,19.849505237430918,Orthorhombic,-2.0969971687679596,0.0,3.7302000000000004,True,False
mp-14399,LiAlSiO4,84,13.183730718175813,Hexagonal,-3.203794858928572,0.006687106785713937,4.8486,False,False
mp-14476,LiRhO2,16,9.49538683632974,Cubic,-1.5470609633333323,0.008763964999999985,1.3800000000000003,False,False
mp-14854,Sr2LiIn(B2O5)2,72,11.80088537338142,Monoclinic,-2.8953510199537047,0.010532221041669843,3.7657999999999996,False,False
mp-15066,LiTmSiO4,28,11.992110569316939,Orthorhombic,-3.440315098690477,0.0,4.7791999999999994,True,False
mp-15472,Ba4LiCu(CO5)2,18,14.688052931389755,Tetragonal,-2.4817517396296305,0.0,0.9264999999999999,True,False
mp-15543,NaLiZr(Si2O5)3,96,13.721148857035331,Orthorhombic,-3.240721280196361,0.0,5.202999999999999,True,False
mp-16792,Ba4LiTa3O12,40,14.40698795906376,Hexagonal,-3.367030845016667,0.0,3.1132999999999997,True,False
mp-16804,LiCaPO4,42,12.18436068888756,Trigonal,-3.1045189630442174,0.0030693378174682096,5.1799,False,False
mp-16947,LiAlGeO4,42,12.466296630488428,Trigonal,-2.6873679971428563,0.026551049761903478,3.1826,False,False
mp-17056,LiZnPO4,42,12.214344687520716,Trigonal,-2.543098923520408,0.0029694811904690255,4.1081,False,False
mp-17290,LiSbWO6,36,11.947063622092086,Orthorhombic,-2.111403034259259,0.03908728930555405,2.1215,False,False
mp-17314,LiMo3P3O16,46,13.52403712345414,Triclinic,-2.35024137292443,0.02224232649457747,1.6482999999999999,False,False
mp-17387,LiVAsO5,32,11.323319988276241,Orthorhombic,-2.183836689791667,0.002485517812499616,1.6489335472794215,False,False
mp-17510,LiGa(WO4)2,24,11.33367164368108,Monoclinic,-2.2324794079861108,0.024607462666663693,3.4505999999999997,False,False
mp-17664,LiNi2P3O10,32,10.929780485939295,Monoclinic,-2.3824749510788683,0.0,3.9647,True,False
mp-17672,BaLi(B3O5)3,52,11.412851944129612,Trigonal,-2.9444934838782046,0.0,6.1624,True,False
mp-17807,LiUNbO6,36,14.096558249803305,Monoclinic,-3.215188622592592,0.0010675455555588798,1.7534000000000003,False,False
mp-17854,LiInGeO4,28,12.17285658084334,Orthorhombic,-2.1720372732142854,0.0,2.2777999999999996,True,False
mp-18037,LiNbZnO4,28,11.570905867152776,Tetragonal,-2.579728225119048,0.0030412724999955287,2.7779,False,False
mp-18048,LiZnAsO4,42,13.482492631284039,Trigonal,-1.9991775020238096,0.0,2.9218,True,False
mp-18147,LiGaSiO4,42,12.095967029003743,Trigonal,-2.7859732741666674,0.0,4.0502,True,False
mp-18162,Li(CuO)2,20,9.970821922278834,Orthorhombic,-1.2321970916666665,0.004688839499999986,0.0,False,True
mp-18194,LiTb(PO3)4,36,12.84393519098749,Monoclinic,-2.9300982518650787,0.0,5.961,True,False
mp-18220,LiAlSiO4,42,11.116115636569177,Trigonal,-3.2104819657142865,0.0,5.054499999999999,True,False
mp-18274,Ba4LiNb3O12,40,14.558553918377928,Hexagonal,-3.2066301164166666,0.0,2.5797999999999996,True,False
mp-18422,RbLiZn2O3,28,13.677040294905238,Tetragonal,-1.7950848297619046,0.0,1.8536,True,False
mp-18495,SrLi(B3O5)3,52,11.557409275156125,Trigonal,-2.9286992490705135,0.0,5.6482,True,False
mp-18640,LiTi2(PO4)3,36,12.56901707913912,Trigonal,-3.0181969082738096,0.0,2.4404,True,False
mp-18711,LiNd(PO3)4,36,13.278995199368573,Monoclinic,-2.9257907024669305,0.0,5.9792000000000005,True,False
mp-18713,Ba2Li(CuO2)3,24,14.29539310154918,Orthorhombic,-1.8243083702777778,0.008382105052080036,0.0,False,True
mp-18722,Cs2LiMnO4,32,19.56794622547976,Orthorhombic,-1.8818333769468403,0.0,1.818,True,False
mp-18727,LiCr(SiO3)2,40,10.66133001252658,Monoclinic,-2.9245791580833327,0.006077734666666501,3.0382,False,False
mp-18741,RbLiCrO4,14,16.103996750218098,Trigonal,-2.0906449558333335,0.0,2.9916,True,False
mp-18767,LiMnO2,8,9.208197689200254,Orthorhombic,-2.1445897290660927,0.01528023500000053,0.3500000000000001,False,False
mp-18782,LiFeO2,8,9.29848894171385,Tetragonal,-1.924714834583333,0.02022191312499988,0.0,False,True
mp-18793,LiCrO2,4,8.765910429901098,Trigonal,-2.408621853333333,0.0,3.116940080407897,True,False
mp-18878,LiFeAs2O7,11,12.16589612254686,Monoclinic,-1.8254094857575764,0.0038021313636127374,2.5882,False,False
mp-18911,LiVP2O7,22,12.39582856377761,Monoclinic,-2.685813710238095,0.03253999977274091,2.1256,False,False
mp-18932,LiPr(WO4)2,24,13.71618172564188,Triclinic,-2.638953635833334,0.0,3.6337,True,False
mp-18951,LiFePO4,28,10.488089432072806,Orthorhombic,-2.4640174554251693,0.015878559285713578,3.5132999999999996,False,False
mp-18987,LiMoP2O7,22,13.23753404211336,Monoclinic,-2.5828240366017314,0.0,1.5360999999999998,True,False
mp-18997,LiMnPO4,28,11.202588028852157,Orthorhombic,-2.633428733343891,0.0,3.4114999999999998,True,False
mp-19017,LiFePO4,28,10.160656780833024,Orthorhombic,-2.4798960147108837,0.0,3.9223999999999997,True,False
mp-19043,LiV(SiO3)2,20,10.34127615098047,Monoclinic,-2.9667807573333347,0.007664512374999433,2.0674,False,False
mp-19061,LiFe(SiO3)2,40,10.766852383354552,Monoclinic,-2.755912632583333,0.009870156166665645,2.7546999999999997,False,False
mp-19103,LiCrP2O7,22,12.029021406829877,Monoclinic,-2.674344235238095,0.0,2.7339,True,False
mp-19107,LiMnVO4,14,11.140752131457473,Orthorhombic,-2.371862765180625,0.0,2.2182,True,False
mp-19123,Rb2LiVO4,16,16.853772622364627,Orthorhombic,-2.367439304166667,0.0,3.965,True,False
mp-19131,LiMnBO3,36,10.513347223102171,Hexagonal,-2.514293998405173,0.0006656162500009444,2.5635999999999997,False,False
mp-19206,LiLa4CoO8,28,13.220120552410647,Orthorhombic,-3.2303456359523812,0.036934955357137866,0.15639999999999965,False,False
mp-19209,LiAl(MoO4)2,24,13.186777274443322,Triclinic,-2.3513291540277783,0.014472303437499612,3.6252000000000004,False,False
mp-19251,RbLiCrO4,14,16.14724009672488,Hexagonal,-2.0904100201190476,0.00023493571428634397,2.976,False,False
mp-19294,LiFeP2O7,22,11.63391031590624,Monoclinic,-2.525759379329004,0.0,2.5994,True,False
mp-19338,LiMoO2,4,8.882630318591138,Trigonal,-1.9619308208333335,0.0325070521874995,0.0,False,True
mp-19340,LiVO2,16,8.772216957734628,Trigonal,-2.4937810420833335,0.0,1.7771,True,False
mp-19373,LiVO3,20,11.59107176088388,Monoclinic,-2.427956693666677,0.0,3.0342000000000002,True,False
mp-19377,LiLa2MoO6,20,13.117353855894844,Monoclinic,-3.0653845063333334,0.002495182666663709,1.6197999999999997,False,False
mp-19394,LiV2O4,14,9.913354547506817,Cubic,-2.4817163183333335,0.038990511785717885,0.0,False,True
mp-19408,LiV2O5,32,12.51704378239049,Orthorhombic,-2.4288185669791673,0.03457993281250005,1.2036000000000002,False,False
mp-19440,LiVO3,20,14.037303325164363,Monoclinic,-2.423180044166668,0.004014357000007962,2.9435000000000002,False,
mp-19445,LiLa4NiO8,14,13.162151642171045,Orthorhombic,-3.1841783123809537,0.012339858452378394,1.5155385504382322,False,False
mp-19492,LiMn(PO3)3,56,11.939563949340803,Orthorhombic,-2.633280241263781,0.0005030067856859333,4.3259,False,False
mp-20046,LiCoAsO4,28,11.367901052094982,Orthorhombic,-1.822704007976191,0.0025418726190515883,2.2041000000000004,False,False
mp-20052,LiMnAsO4,28,12.174166270544621,Orthorhombic,-2.0755706898234814,0.0,1.6879000000000004,True,False
mp-20105,LiIn(MoO4)2,24,12.003743211963267,Monoclinic,-2.051075300833334,0.02196004140624641,2.827,False,False
mp-21270,LiFe(GeO3)2,40,11.578049463251478,Monoclinic,-2.0714179218333326,0.022486254749998658,2.7405,False,False
mp-21332,LiGdO2,16,12.891178807977,Orthorhombic,-3.2138417527083334,0.0,3.2803999999999998,True,False
mp-21496,LiLa4CuO8,14,13.281426154896348,Orthorhombic,-3.1673029602380955,0.015669528214286466,0.7702,False,False
mp-21549,LiCr(GeO3)2,40,11.378652249960993,Monoclinic,-2.2390929405833324,0.01968534000000144,2.7518,False,False
mp-22042,LiCo2P3O10,32,11.208680428098218,Monoclinic,-2.3924018604538686,0.001841549921876684,2.7489000000000003,False,False
mp-22173,LiFe(GeO3)2,20,11.242516430782931,Monoclinic,-2.064705451333333,0.02919872524999878,2.2946,False,False
mp-22243,LiNiAsO4,28,11.007713458662908,Orthorhombic,-1.8140242094047625,0.0031989595238046675,2.8263,False,False
mp-22417,LiNiPO4,28,10.160430334472766,Orthorhombic,-2.365048147210884,0.0,3.9578999999999995,True,False
mp-22526,LiCoO2,4,7.933424216932258,Trigonal,-1.745659770833334,0.0,0.6623000000000001,True,False
mp-22584,LiMn2O4,42,9.368483470730956,Cubic,-2.0231279091707717,0.044978433571428056,0.0,False,True
mp-22694,LiPPbO4,56,13.06123088840832,Orthorhombic,-2.501715246139455,0.0,3.5252,True,False
mp-22955,LiIO3,10,13.1047417289717,Hexagonal,-1.3850467486666673,0.0008651204999985396,3.6860999999999997,False,False
mp-22994,LiIO3,20,14.030142503584297,Orthorhombic,-1.384245133666667,0.0016667354999988504,3.6546000000000003,False,False
mp-23384,LiIO3,40,14.179217943813644,Tetragonal,-1.3859118691666665,0.0,3.7255000000000003,True,False
mp-23662,LiB(HO)4,80,7.845512188973373,Orthorhombic,-1.861969716624999,0.008493894875003072,5.5694,False,False
mp-23797,LiH6ClO7,30,9.670663073335753,Hexagonal,-1.167001618388888,0.006700698833335572,5.2939,False,False
mp-23843,LiHSeO3,24,13.142609548598983,Orthorhombic,-1.6029393724045142,0.0,4.3019,True,False
mp-23856,LiHO,6,8.674295442587992,Tetragonal,-1.7789127198611105,0.0,4.0344999999999995,True,False
mp-23894,LiAs(HO2)2,32,11.897353987867884,Orthorhombic,-1.7175544385416668,0.00284332531249909,3.9942,False,False
mp-23906,LiH6NO6,28,9.539324146686004,Orthorhombic,-1.308234898988095,0.009896489107148021,3.294,False,False
mp-23931,LiPH2O3,28,10.781195831930372,Orthorhombic,-1.9604412447108845,0.0013323761632602071,6.9796,False,False
mp-23985,LiH6BrO7,30,10.26056916693815,Hexagonal,-1.0723265040555552,0.006165395000001794,3.123,False,False
mp-24104,LiAlSi2H2O7,26,11.720892795186936,Triclinic,-2.7711728385256404,0.00820229775641046,4.858,False,False
mp-24148,LiLa2HO3,7,12.565465112293696,Orthorhombic,-2.86370298279762,0.04604909892856934,1.9577999999999998,False,False
mp-24150,LiNd2HO3,7,11.821279762709564,Orthorhombic,-2.7961999320833337,0.04613673678570951,1.8718999999999997,False,False
mp-24405,LiCd4Ge5HO15,52,13.34863016409764,Triclinic,-1.9006384830608973,0.012719445745194236,1.8714,False,False
mp-24446,LiH2SO4,64,10.353851019677997,Orthorhombic,-1.7430294244791664,0.04875357380208367,5.1899,False,False
mp-24560,LiB2H3O5,88,9.295307109142287,Orthorhombic,-2.172720308560606,0.011856289507585771,4.8897,False,False
mp-24585,LiZnPH2O5,40,11.172356269337511,Orthorhombic,-2.145771852797619,0.02047692849999727,4.024900000000001,False,False
mp-24610,LiP(HO2)2,32,10.658529756271443,Orthorhombic,-2.1947650206845237,0.0,5.5778,True,False
mp-25385,Li(CuO2)2,14,10.213124794383953,Cubic,-1.0921938147619048,0.04258028742857345,0.0,False,True
mp-25386,Li(FeO2)2,14,10.775444056088778,Cubic,-1.6918477347619043,0.03237830128571595,0.0,False,True
mp-25388,Li(NiO2)2,14,9.641284022731254,Cubic,-1.1909938811904763,0.025399250535715012,0.0,False,True
mp-25407,LiFePO4F,16,11.337780443324418,Triclinic,-2.549539476622024,0.005248857187499567,2.1778000000000004,False,False
mp-25408,LiMnPCO7,22,12.656289169321385,Monoclinic,-2.1885969723552026,0.02064994275252907,0.9099999999999999,False,False
mp-25410,LiMnPO4F,16,11.357506204744785,Triclinic,-2.626758953863404,0.0,0.8695000000000002,True,False
mp-25411,LiNiO2,4,8.285220786085596,Trigonal,-1.4854022958333335,0.012589003333333793,0.0,False,True
mp-25417,LiTiO2,4,9.2292648202176,Trigonal,-2.957393104166666,0.021963843750000045,0.0,False,True
mp-25418,LiTiPCO7,22,14.050673160146117,Monoclinic,-2.672862814209956,0.024932997272729907,2.8265000000000002,False,False
mp-25421,LiVPCO7,44,13.386204612995106,Monoclinic,-2.374524504134199,0.04697844136363738,1.8586,False,False
mp-25422,LiVPO4,28,10.959368008199489,Orthorhombic,-2.6361033943537415,0.006279420000027791,1.2636000000000003,False,False
mp-25423,LiVPO4F,32,11.491387934595132,Triclinic,-2.837667615059525,0.0,1.6248000000000002,True,False
mp-25447,LiCrPO4,28,11.092208846321489,Orthorhombic,-2.566351388282313,0.005038788839279107,2.2508999999999997,False,False
mp-25448,LiCrPO4F,16,11.127242759564384,Triclinic,-2.757145434122024,0.0,2.2771,True,False
mp-25465,LiCoPO4F,16,11.065023654839592,Triclinic,-2.347309817247024,0.03430815562499401,0.808,False,False
mp-25542,LiMnO2,8,9.895620162277536,Monoclinic,-2.1379127440660923,0.021957220000000888,1.6207000000000003,False,False
mp-25576,Li(MoO2)2,14,12.894358948961218,Monoclinic,-1.9901756754761908,0.015883904107143465,1.4741000000000004,False,False
mp-25587,LiNiO2,4,9.416274418100821,Monoclinic,-1.4595396008333337,0.03845169833333362,0.0,False,True
mp-25812,LiV2P5O16,48,13.610777229583702,Monoclinic,-2.683900550064484,0.0,0.03300099165228598,True,False
mp-25817,LiCr2P3O11,34,11.390678042405785,Monoclinic,-2.597094434838935,0.04965973411764146,1.0380000000000003,False,False
mp-25823,LiNi2(PO3)5,46,12.903723473184352,Monoclinic,-2.4062275722412005,0.045577669891311956,4.0097,False,False
mp-25825,LiFe4(PO4)3,40,11.662986525621513,Monoclinic,-2.3104273941130957,0.049874921250005144,2.9784,False,False
mp-25827,LiMo2P3O11,34,12.619493986675334,Monoclinic,-2.4734444133683477,0.028421134460785424,3.4407000000000005,False,False
mp-25829,LiMn2P3O11,34,11.898837090061393,Monoclinic,-2.480882986066115,0.04152188397058598,0.9234,False,False
mp-25838,LiCr2(PO4)3,36,11.947399370356315,Trigonal,-2.4554927559589936,0.04421951472221597,0.0,False,True
mp-25840,LiTi2(PO4)3,72,12.540431410345246,Monoclinic,-3.017262740079365,0.0009341681944174951,2.5563,False,False
mp-25849,LiVP2O7,44,11.017634683953604,Monoclinic,-2.690828763419913,0.02752494659092264,2.0536999999999996,False,False
mp-25861,LiCr2(PO3)5,46,13.350298084518887,Monoclinic,-2.552454435067287,0.04921492609904732,2.6467,False,False
mp-25879,LiNi3P3O11,72,11.323380457377588,Monoclinic,-2.2564940084589944,0.027191791527775067,3.7142999999999997,False,False
mp-25881,LiBi(PO3)4,72,14.77757615941082,Monoclinic,-2.526655768855821,0.03844412041666612,4.8455,False,False
mp-25883,LiFe3(P3O10)2,60,14.081486619603897,Orthorhombic,-2.438690611373015,0.03190685936110693,2.4394,False,False
mp-25889,LiCoPO4,84,12.455640351511674,Monoclinic,-2.36099473792517,0.043095210357138036,3.2922000000000002,False,False
mp-25907,LiSn(PO3)4,72,15.2535138493288,Orthorhombic,-2.5015613258002642,0.04237768918980844,0.0,False,True
mp-25911,LiV3(P3O10)2,60,14.890322777576849,Orthorhombic,-2.644550894706349,0.04270848049997866,2.1257,False,False
mp-25927,LiNi(PO3)3,56,14.177472213151319,Orthorhombic,-2.469281062304422,0.028407534642870047,4.5463000000000005,False,False
mp-25948,LiVP4O13,38,14.79504074580788,Triclinic,-2.524126822468672,0.020796174956136504,0.9416,False,False
mp-25952,LiMoP4O13,38,15.392327135470387,Triclinic,-2.4770079793107773,0.042382137956153976,1.113,False,False
mp-25955,LiMnP2O7,44,11.357296840244588,Monoclinic,-2.530397824140917,0.034927045681818036,0.0,False,True
mp-25959,LiBi(PO3)4,36,15.26237447580959,Monoclinic,-2.5195952928835985,0.04550459638888871,4.1457,False,False
mp-25961,LiFe(PO3)4,36,13.021415207184653,Monoclinic,-2.5049744931613755,0.044715388888887375,2.3613,False,False
mp-25963,LiFe(PO3)4,36,12.366187731347003,Monoclinic,-2.512676362328042,0.03701351972222078,0.0,False,True
mp-25969,LiMn4(PO4)3,40,11.697445871799768,Monoclinic,-2.532737863949302,0.047072409874997945,2.5146,False,False
mp-25975,LiCu(PO3)2,20,12.684032991997999,Monoclinic,-2.3128538137619046,0.044857397958322665,2.2293000000000003,False,False
mp-25977,LiFe(PO3)4,72,14.007186035293477,Orthorhombic,-2.5496898820502634,0.0,2.943,True,False
mp-25979,LiNi(PO3)4,72,13.228552059840913,Orthorhombic,-2.382109170800265,0.042707553171286605,0.894,False,False
mp-25983,LiMo(PO4)2,144,13.5431610315048,Monoclinic,-2.50222500375992,0.011804772013893405,3.0290999999999997,False,
mp-25985,LiCr(PO3)4,72,13.700026763397728,Orthorhombic,-2.641370724272486,0.0013790621759266486,3.7085,False,False
mp-25987,LiMo(PO3)4,72,14.480181567682214,Orthorhombic,-2.577959808300264,0.00466025777778345,4.2497,False,False
mp-26001,LiNi(PO3)3,56,11.184822146259444,Orthorhombic,-2.4976885969472797,0.0,4.7448,True,False
mp-26003,LiFe(PO3)3,56,12.764503347685135,Triclinic,-2.5539848040901356,0.0,4.067,True,False
mp-26005,LiMn6P7O24,76,12.351441637984927,Monoclinic,-2.5987176446952502,0.0,3.5602,True,False
mp-26009,LiMo2P2O11,64,13.185755573301567,Monoclinic,-2.35772351906994,0.011801746210940323,1.0137999999999998,False,False
mp-26013,LiMo2(PO4)3,36,13.615535693150774,Triclinic,-2.5054213245701056,0.001661413888884411,1.647,False,False
mp-26015,LiCo(PO3)3,56,12.60729509059151,Triclinic,-2.502126885518707,0.0,3.2647,True,False
mp-26017,LiCoPO4,28,12.553313042390107,Monoclinic,-2.4000148336394553,0.004075114642851929,0.7424999999999997,False,False
mp-26019,LiMn(PO3)3,56,13.182866794690353,Triclinic,-2.6337832480494945,0.0,4.1567,True,False
mp-26021,LiCoPO4,42,12.26406211122454,Trigonal,-2.3973008916156453,0.006789056666662852,2.9248000000000003,False,False
mp-26027,LiNi(PO3)3,56,12.299655785171188,Triclinic,-2.4966036844472796,0.001084912500012969,4.4977,False,False
mp-26040,LiMn2(PO4)3,72,11.411187270778916,Monoclinic,-2.3646477768402203,0.017623489305553797,1.0598,False,False
mp-26041,LiFePO4,28,12.843255381669087,Orthorhombic,-2.469370835425169,0.010525179285714614,3.8266,False,False
mp-26046,LiCr2(PO4)3,72,11.795128382151475,Monoclinic,-2.456908504986771,0.04280376569443867,0.24640000000000017,False,False
mp-26051,LiMo8(P2O11)4,61,14.186575104350998,Triclinic,-2.282518147220921,0.009544452981559814,0.39739999999999986,False,False
mp-26057,LiMnPO4,28,12.982673619981439,Orthorhombic,-2.6217345844153175,0.011694148928566683,3.5393,False,False
mp-26061,LiMn2(PO4)3,36,12.023203785114083,Triclinic,-2.372617994617999,0.009653271527775509,1.2013,False,False
mp-26063,LiCr(PO3)3,56,12.421929867962476,Triclinic,-2.6009270028401343,0.019013945864389648,3.1734000000000004,False,False
mp-26065,LiMn6PO12,80,10.562355396156189,Tetragonal,-2.189099651528122,0.012939515520825395,1.1511999999999998,False,False
mp-26071,LiMnPO4,42,12.875088088574334,Trigonal,-2.6212460467962693,0.012182686547613564,3.5916999999999994,False,False
mp-26086,LiMo2(PO4)3,72,13.1692198279693,Monoclinic,-2.5016607519312157,0.005421986527775147,1.009,False,False
mp-26091,LiVPO5,32,11.023087539387756,Triclinic,-2.659225325684524,0.007069967499999663,1.4998,False,False
mp-26093,LiNiPO4,28,9.888927427647669,Orthorhombic,-2.355740183996599,0.009307963214284953,3.409,False,False
mp-26103,LiV2(PO4)3,36,12.526894068794148,Triclinic,-2.6433288612367725,0.011657455833363528,1.2195,False,False
mp-26111,LiCr(PO3)3,56,11.88483879806029,Orthorhombic,-2.5968659556972784,0.02307499300724558,3.0959,False,False
mp-26113,LiTi(PO3)4,72,14.249495653457497,Orthorhombic,-2.75505324098545,0.021740019679888256,0.28690000000000015,False,False
mp-26118,LiMn2(PO4)3,72,11.358544051664966,Monoclinic,-2.365856824340222,0.01641444180555318,1.0579,False,False
mp-26121,LiMnPO4,28,13.05583272731427,Monoclinic,-2.6193411408438902,0.014087592499993917,3.4406,False,False
mp-26123,LiV2(PO4)3,72,12.220473279439041,Monoclinic,-2.6468172234589957,0.008169093611139822,1.3619,False,False
mp-26126,LiFe(PO3)4,72,12.599737967616953,Orthorhombic,-2.509264805661375,0.04042507638888804,1.8317,False,False
mp-26127,LiVPO4,28,10.559564087319249,Orthorhombic,-2.642382814353741,0.0,2.6021,True,False
mp-26129,LiBiP2O7,44,12.417353486600115,Monoclinic,-2.5357805954653685,0.009609453787875033,3.9643999999999995,False,False
mp-26131,LiMo(PO3)4,36,12.536062989731489,Monoclinic,-2.568895829272487,0.013724236805560786,4.4507,False,False
mp-26133,LiCr2P5O16,48,13.097794562774709,Monoclinic,-2.6311521977728183,0.013583063749993407,2.9926,False,False
mp-26139,LiCrP2O7,44,11.081201047137869,Monoclinic,-2.6618262606926395,0.01251797454545489,1.3224999999999998,False,False
mp-26141,LiNi(PO3)4,36,12.326501294627178,Monoclinic,-2.3894403398280426,0.0353763841435093,0.0,False,True
mp-26155,LiMn(PO3)4,36,12.549513226882537,Monoclinic,-2.56171070832421,0.013275905416667122,1.5347,False,False
mp-26157,LiSb(PO3)4,72,13.882577377688085,Monoclinic,-2.5069128684391537,0.012140262222197329,4.462999999999999,False,False
mp-26173,LiBi3(PO5)2,16,14.196803005624853,Triclinic,-2.3050994289136915,0.012705756145836133,3.3956999999999997,False,False
mp-26179,LiMnP2O7,22,11.821870380720524,Triclinic,-2.5627495391409165,0.0025753306818190325,1.2857999999999998,False,False
mp-26181,LiFeP2O7,11,10.951844174179739,Monoclinic,-2.508565137056276,0.017194242272728033,2.5248,False,False
mp-26184,LiFe2P5O16,48,13.513058709383829,Monoclinic,-2.4960688936061506,0.004281454722223188,2.5641,False,False
mp-26188,LiMn2P5O16,48,13.28290112162437,Monoclinic,-2.538661273433737,0.00350823781247378,2.174106368800858,False,False
mp-26193,LiMo2P3O13,76,13.538601160273293,Monoclinic,-2.4383272349874696,0.02604529929824917,2.2348,False,False
mp-26199,LiV(PO3)4,36,12.378104804228274,Monoclinic,-2.656642613716931,0.01532607527777774,4.4516835236763086e-05,False,True
mp-26204,LiCo2P5O16,48,12.364491754427489,Monoclinic,-2.3286497552728176,0.024171997187512062,1.1541,False,False
mp-26209,LiBiP2O7,22,14.79434444087442,Monoclinic,-2.5330778575108224,0.012312191742421597,4.150399999999999,False,False
mp-26219,LiMnPO4,28,10.810006643467142,Orthorhombic,-2.612878998701033,0.02054973464285137,3.2476000000000003,False,False
mp-26225,LiV(PO3)3,56,11.612899535289117,Orthorhombic,-2.6400048553401354,0.015660076576515358,2.7512999999999996,False,False
mp-26227,LiVP2O7,44,11.50881590866891,Monoclinic,-2.718353710010822,0.0,2.1508,True,False
mp-26237,LiMo2P3O13,38,14.091848381993549,Triclinic,-2.4374650077506264,0.02690752653509243,2.3554,False,False
mp-26239,LiMoP2O7,44,12.122967501305707,Monoclinic,-2.5663371952380953,0.016486841363636096,3.9111000000000002,False,False
mp-26251,LiVP2O7,44,11.0204942538938,Monoclinic,-2.7113234320562767,0.007030277954559239,2.0223999999999998,False,False
mp-26262,LiCu(PO3)4,36,13.211610735324747,Monoclinic,-2.342573588716932,0.0027846699073981185,0.6922,False,False
mp-26269,LiFe(PO3)4,36,12.34776147430366,Monoclinic,-2.5292313342724864,0.02045854777777656,2.3323,False,False
mp-26279,LiCr(PO3)4,36,12.154247375124672,Monoclinic,-2.620701666216931,0.022048120231481505,2.7786,False,False
mp-26293,LiMoP2O7,11,11.580595536907465,Monoclinic,-2.554720021601731,0.02810401500000026,4.1023,False,False
mp-26297,LiV(PO3)3,56,12.822562400156714,Triclinic,-2.6388225630187074,0.01684236889794377,2.4931,False,False
mp-26299,LiSnPO4,28,15.746560693741362,Monoclinic,-2.4540181839965984,0.016397842023806675,3.8438000000000003,False,False
mp-26317,LiCrPO4,28,10.775570972917533,Orthorhombic,-2.5541346886394556,0.017255488482136094,2.4368999999999996,False,False
mp-26323,LiMoP2O7,44,12.216248822924724,Monoclinic,-2.557944448874458,0.02487958772727339,4.3222000000000005,False,False
mp-26326,LiFeP2O7,22,12.119437331987047,Triclinic,-2.490929492056276,0.03482988727272751,1.0493000000000001,False,False
mp-26335,LiFe(PO3)4,36,13.995217098241026,Monoclinic,-2.530266271494708,0.019423610555555193,2.7007,False,False
mp-26339,LiMnP2O7,44,11.416845194287095,Monoclinic,-2.5514980682318265,0.013826801590909099,1.3030000000000002,False,False
mp-26341,LiSbP2O7,22,14.727091438260505,Monoclinic,-2.4970080566017314,0.01607559401515335,3.9593,False,False
mp-26355,LiCr(PO3)4,36,13.75068609959566,Monoclinic,-2.6215241264947085,0.0212256599537044,3.3484,False,False
mp-26358,LiFeP2O7,44,12.302339374053002,Monoclinic,-2.4864292904653666,0.03933008886363698,2.5133,False,False
mp-26361,LiCo(PO3)4,36,12.032284153065202,Monoclinic,-2.397715732883597,0.0309878762500011,1.0286657604678542,False,False
mp-26371,LiMoPO5,32,11.08608569511425,Orthorhombic,-2.4382607959970244,0.03932138781249517,0.0,False,True
mp-26379,LiMnP2O7,22,11.93982436904558,Triclinic,-2.554750185959099,0.010574683863636913,1.7152,False,False
mp-26387,LiNiPO4,28,12.264311688042058,Orthorhombic,-2.332502798282313,0.032545348928571194,3.7456,False,False
mp-26389,LiNb2(PO4)3,72,13.701021674970768,Monoclinic,-2.777763071236772,0.04789189762399815,0.0,False,True
mp-26393,LiMn4(PO4)3,80,11.920272111441978,Orthorhombic,-2.5510677891993025,0.02874248462499729,3.1073999999999997,False,False
mp-26397,LiMnP2O7,44,10.778884254477232,Monoclinic,-2.5481819223227364,0.017142947499999117,1.2185,False,False
mp-26401,LiMoP4O13,76,13.46759002649005,Orthorhombic,-2.4808749081265673,0.03851520914036399,1.4788,False,False
mp-26403,LiNiPO4,28,12.236214234855307,Monoclinic,-2.3336868125680277,0.031361334642856065,3.71,False,False
mp-26409,LiTi(PO3)4,36,12.472549578051042,Monoclinic,-2.7365360683465605,0.040257192318777335,0.22699999999999942,False,False
mp-26429,LiVPO5,32,10.910452918496608,Monoclinic,-2.6393358125595237,0.026959480624999976,1.2693,False,False
mp-26435,LiCrP2O7,22,11.344190789915261,Triclinic,-2.6503571097835503,0.02398712545454451,2.4891999999999994,False,False
mp-26443,LiMoP2O7,22,12.459127679878623,Triclinic,-2.561218408419913,0.02160562818181777,3.7065,False,False
mp-26449,LiNiP2O7,22,11.624907108124377,Triclinic,-2.297861584329004,0.049103674053049495,0.029900000000000038,False,False
mp-26461,LiVPO5,32,11.059540837297378,Monoclinic,-2.6387881003720235,0.027507192812500136,1.6961,False,False
mp-26465,LiVPO5,32,10.847618144285656,Orthorhombic,-2.634383770684524,0.031911522499999734,2.47,False,False
mp-26467,LiCuPO4,28,12.022745921577654,Monoclinic,-2.188822850782312,0.04663975107142537,0.0,False,True
mp-26477,LiCuPO4,7,12.07266131398769,Tetragonal,-2.194518209710884,0.040944392142853836,0.15979999999999994,False,False
mp-26493,LiCrP2O7,44,11.372713370345856,Monoclinic,-2.647338154329004,0.027006080909091068,3.1776,False,False
mp-26511,LiNi4(PO4)3,40,10.043876911684407,Tetragonal,-2.1728588171130965,0.027251347374996904,3.6545,False,False
mp-26513,LiCuPO4,42,12.113320453525596,Trigonal,-2.1885488442346936,0.04691375761904393,0.0939000000000001,False,False
mp-26521,LiMo(PO3)4,36,13.49178739604843,Monoclinic,-2.552985138994709,0.029634927083338702,4.3232,False,False
mp-26531,LiCu2P3O10,32,11.115671159218195,Monoclinic,-2.212194657641369,0.03213174921874895,0.06449999999999978,False,False
mp-26541,LiSb(PO3)4,72,15.07459865151159,Orthorhombic,-2.4865253435780423,0.032527787083308723,4.2104,False,False
mp-26546,LiFeP2O7,44,12.55288096098464,Triclinic,-2.488293461147185,0.037465918181819546,2.2488,False,False
mp-26555,LiMnP2O7,44,11.950870074308837,Triclinic,-2.5445892936863714,0.020735576136363676,0.9180999999999999,False,False
mp-26559,LiFePO4,28,12.877921349202138,Monoclinic,-2.441144900068026,0.03875111464285741,3.6205999999999996,False,False
mp-26563,LiFeP2O7,22,11.790617295783743,Triclinic,-2.5042932688744575,0.02146611045454616,2.3731,False,False
mp-26571,LiCrP2O7,44,11.052246975016512,Monoclinic,-2.639911163874459,0.034433071363635825,2.9141000000000004,False,False
mp-26577,LiNiPO4,42,11.926018715819152,Trigonal,-2.3224454680442173,0.04260267916666649,3.4526999999999997,False,False
mp-26579,LiCrPO4,56,11.127239737951708,Orthorhombic,-2.5430475764965985,0.028342600624993608,2.9731,False,False
mp-26607,LiMnPO4,28,11.218223820913419,Monoclinic,-2.5964499794153193,0.03697875392856442,2.4461,False,False
mp-26609,LiCr2(PO4)3,36,12.314875353407846,Triclinic,-2.455479578736771,0.044232691944438685,0.0,False,True
mp-26613,LiFeP2O7,44,11.414461737744377,Monoclinic,-2.4893451513744584,0.03641422795454563,2.2507,False,False
mp-26627,LiMoP2O7,44,11.53309699447705,Monoclinic,-2.5460182609199133,0.03680577568181853,4.0204,False,False
mp-26635,LiV2P3O10,32,11.441518410195176,Monoclinic,-2.6249576973288686,0.02891281624999742,2.4879,False,False
mp-26643,LiFeP2O7,44,11.682851708955116,Monoclinic,-2.497934559101731,0.027824820227272618,2.6721,False,False
mp-26669,LiCr(PO3)4,36,14.706502690036025,Monoclinic,-2.5983252164947084,0.04442456995370492,3.1693,False,False
mp-26675,LiSb(PO3)4,72,14.450519865417071,Monoclinic,-2.48752887260582,0.03152425805553083,4.2484,False,False
mp-26681,LiVP2O7,22,11.693290856027035,Triclinic,-2.707313564329004,0.011040145681832314,2.1583999999999994,False,False
mp-26702,LiSn2(PO4)3,72,12.967000084333371,Monoclinic,-2.523788800958995,0.005208087222195346,3.3131000000000004,False,False
mp-26712,LiV2(PO4)3,36,12.308323411978225,Trigonal,-2.6533499337367723,0.0016363833333628008,1.3014000000000001,False,False
mp-26717,LiFeP2O7,44,11.011447591066387,Monoclinic,-2.487822574329003,0.03793680500000107,2.0915,False,False
mp-26719,LiV(PO3)4,36,14.48382308291328,Monoclinic,-2.6338019567724853,0.03816673222222278,2.3729,False,False
mp-26725,LiSnPO4,42,13.413739066636756,Trigonal,-2.4353030218537413,0.03511300416666341,2.5567,False,False
mp-26727,LiVP2O7,22,12.045229880098823,Triclinic,-2.690153932056276,0.028199777954559302,2.1442,False,False
mp-26741,LiCu4(PO4)3,40,11.425038129562484,Monoclinic,-1.9577153158630949,0.03814168125001949,0.0,False,True
mp-26745,LiSbP2O7,22,12.976500969223345,Triclinic,-2.476732807056277,0.03635084356060769,3.3047000000000004,False,False
mp-26749,LiFeP2O7,44,11.430978810299003,Monoclinic,-2.4897130863744583,0.036046292954545756,2.5465000000000004,False,False
mp-26757,LiCoPO4,28,12.59599730548778,Monoclinic,-2.3647394229251697,0.03935052535713712,2.6302,False,False
mp-26765,LiV6P7O24,76,12.08832953407926,Monoclinic,-2.595842518048245,0.03548219618421378,2.4016,False,False
mp-26777,LiCrP2O7,44,10.685581715951209,Monoclinic,-2.6333176236471854,0.04102661159090992,2.5142999999999995,False,False
mp-26783,LiMn(PO3)4,36,14.427290072703082,Monoclinic,-2.5406141130464324,0.03437250069444531,1.7762,False,False
mp-26791,LiFePO4,28,12.50825470823044,Orthorhombic,-2.434248112568027,0.04564790214285619,3.7805999999999997,False,False
mp-26795,LiCu5P3O13,44,11.584098844993251,Triclinic,-1.8645421901028139,0.03558189295455527,0.0,False,True
mp-26811,LiFe(PO3)4,36,14.541838182540907,Monoclinic,-2.51128342371693,0.03840645833333323,2.8659999999999997,False,False
mp-26817,LiVP2O7,44,11.769032855434345,Monoclinic,-2.7020485286471865,0.016305181363649446,7.310345235822524e-07,False,True
mp-26819,LiMnPO4,28,13.127741623619158,Monoclinic,-2.5899200394153183,0.04350869392856538,3.4653,False,False
mp-26829,LiCr(PO3)4,36,14.366951101706029,Monoclinic,-2.6038586392724863,0.03889114717592612,3.4423,False,False
mp-26837,LiMoP2O7,44,12.114777583362489,Monoclinic,-2.541321942965368,0.041502093636363036,3.8947000000000003,False,False
mp-26841,LiNi(PO3)3,14,14.498025941128166,Trigonal,-2.4689676444472792,0.028720952500012942,4.8999,False,False
mp-26846,LiMn2(PO4)3,36,11.733976125877376,Monoclinic,-2.3707051629513316,0.0115661031944434,0.6003000000000001,False,False
mp-26853,LiCrP2O7,44,10.681724733559104,Monoclinic,-2.6306368438744587,0.043707391363636106,2.5042999999999997,False,False
mp-26861,LiCo(PO3)4,36,13.93933698835514,Monoclinic,-2.3836497681613746,0.04505384097222365,1.6952,False,False
mp-26865,LiV(PO3)4,36,13.017148990664209,Monoclinic,-2.626269426772486,0.045699262222222536,2.056,False,False
mp-26881,LiCrPO4,42,11.423935609188092,Trigonal,-2.527801352091837,0.04358882502975536,2.1357000000000004,False,False
mp-26884,LiTi2(PO4)3,36,12.955649767460853,Triclinic,-3.012669638273809,0.005527269999971551,2.6676,False,False
mp-26887,LiVP2O7,44,11.488037320096101,Monoclinic,-2.6886805091017307,0.02967320090910519,2.0546,False,False
mp-26897,LiSn(PO3)3,28,13.590174707617395,Hexagonal,-2.4955939430187075,0.04146399086309227,3.1143,False,False
mp-26907,LiCr(PO3)4,36,12.047589133593032,Monoclinic,-2.6013828189947077,0.04136696745370472,3.1407000000000007,False,False
mp-26913,LiCr4(PO4)3,40,12.998515486456238,Triclinic,-2.4706052608630946,0.028050514125000703,2.6339,False,False
mp-26915,LiV(PO3)4,36,12.46514398500948,Monoclinic,-2.637720724550263,0.03424796444444489,2.2658,False,False
mp-26919,LiCoPO4,28,12.130433724585583,Orthorhombic,-2.3570504804251695,0.04703946785713775,2.7419999999999995,False,False
mp-26927,LiMn2P3O10,32,14.662357485768656,Monoclinic,-2.577579588945249,0.043971359687557054,3.6282000000000005,False,False
mp-26937,LiMn(PO3)3,28,12.796502072228824,Hexagonal,-2.588604767870924,0.04517848017854309,3.9814000000000003,False,False
mp-26941,LiMnPO4,28,11.286525750143467,Triclinic,-2.5878924394153193,0.0455362939285644,3.4374,False,False
mp-26949,LiSn2(PO3)5,46,14.758944834148608,Monoclinic,-2.501042855719462,0.0,4.116300000000001,True,False
mp-26955,LiV(PO3)4,72,14.120972344411886,Orthorhombic,-2.671968688994708,0.0,0.1221000000000001,True,False
mp-26963,LiVPO5,32,10.965157953058306,Orthorhombic,-2.6662952931845236,0.0,1.5636,True,False
mp-26967,LiCr4(PO4)3,80,11.934735735491378,Orthorhombic,-2.4986557749880953,0.0,2.6905,True,False
mp-26977,LiMn2P3O10,32,11.789378844073692,Monoclinic,-2.6215509486327493,0.0,3.7861999999999996,True,False
mp-26983,LiMn(PO3)4,72,14.060739248615707,Orthorhombic,-2.5749866137408777,0.0,0.2727,True,False
mp-26989,LiCoPO4,28,12.469690385553069,Orthorhombic,-2.4015650761394554,0.0025248721428514642,3.138,False,False
mp-26991,LiCo(PO3)3,56,11.445387636446023,Orthorhombic,-2.5016625730187068,0.00046431249998679647,3.0315,False,False
mp-26997,LiCo(PO3)4,72,13.786758235002567,Orthorhombic,-2.4287036091335983,0.0,2.0482,True,False
mp-27005,LiMo2(PO4)3,36,13.593464941560372,Triclinic,-2.502726226792328,0.004356511666662399,1.4185,False,False
mp-27007,LiFe2P3O10,32,11.562864554391822,Monoclinic,-2.479408053891369,0.0,3.6982000000000004,True,False
mp-27017,LiSnPO4,56,13.891250706427419,Orthorhombic,-2.4646886989965986,0.005727327023807405,3.4071000000000002,False,False
mp-27031,LiMnP2O7,22,11.034229523569387,Monoclinic,-2.562254738686372,0.00307013113636323,1.4232000000000002,False,False
mp-27035,LiCrP2O7,11,10.600595701314065,Monoclinic,-2.6544943652380955,0.019849869999998937,2.8322,False,False
mp-27041,LiCrPO4,14,10.916491166160109,Orthorhombic,-2.545577738996599,0.025812438124993342,3.0855,False,False
mp-27043,LiCoP2O7,11,10.692169322973568,Monoclinic,-2.3503514979653684,0.03490207856060845,0.9251000000000003,False,False
mp-27045,LiCoPO4,28,10.120019000125977,Orthorhombic,-2.368133792568027,0.035956155714280236,2.6999,False,False
mp-27055,LiVPO5,16,11.481242119715246,Orthorhombic,-2.628346469747024,0.03794882343749961,2.3464,False,False
mp-27064,LiCuPO4,14,12.206856866467414,Monoclinic,-2.1874748597108833,0.04798774214285384,0.0,False,True
mp-27085,LiMn4(PO4)3,80,13.593049737180724,Orthorhombic,-2.534662322699302,0.04514795112499925,3.0353000000000003,False,False
mp-27094,LiSn2(PO4)3,72,12.944787121584666,Monoclinic,-2.52634664526455,0.0026502429166406216,3.394,False,False
mp-27122,LiSn2(PO4)3,72,13.458251484728386,Triclinic,-2.525594254431215,0.0034026337499755144,3.4473000000000003,False,False
mp-27227,LiAg3O2,12,13.965064618556994,Orthorhombic,-0.8048942663888887,0.0,0.7277999999999998,True,False
mp-27281,LiH3O2,12,7.363278114187086,Monoclinic,-1.5355394361805554,0.0,4.741,True,False
mp-27503,LiV3O8,24,11.198160598507116,Monoclinic,-2.343562962777778,0.0033483862500052197,1.7930000000000001,False,False
mp-28146,LiGa5O8,56,9.924967692177836,Cubic,-2.313177789702379,0.0,2.5222999999999995,True,False
mp-28253,LiBiO2,16,14.162442780102806,Orthorhombic,-1.8402508058333362,0.0018137906249968694,2.0370000000000004,False,False
mp-28545,RbLiO,12,16.883750984636325,Orthorhombic,-1.5961131244444442,0.0012700191666663585,2.2542999999999997,False,False
mp-29077,LiBiO3,40,11.83654847517795,Orthorhombic,-1.6352989334166679,0.0,0.1445000000000003,True,False
mp-29195,LiPO3,60,11.717308443435616,Monoclinic,-2.702727293428572,0.0,5.5611999999999995,True,False
mp-29473,LiIO4,24,15.410102529214916,Monoclinic,-1.117783785138889,0.03714277249999842,2.0725,False,False
mp-29508,Li(MoO3)3,104,14.359965231207543,Triclinic,-2.0174135491987184,0.013034291607146642,0.37960000000000016,False,False
mp-29892,LiSb3O8,24,11.285440647230466,Monoclinic,-1.9601458102777787,0.0,0.9743999999999993,True,False
mp-30301,LiClO4,24,11.51468812144943,Orthorhombic,-1.00801586513889,0.0,5.7447,True,False
mp-31557,LiCo6P7O24,76,11.470820445707908,Monoclinic,-2.297685592390349,0.013437059177642041,2.9974,False,False
mp-31600,LiCo(PO3)4,36,14.578343262268469,Monoclinic,-2.388428965661376,0.040274643472222316,0.874,False,False
mp-31603,LiCo(PO3)4,36,13.744171121840962,Monoclinic,-2.3959486392724867,0.03275496986111204,1.2302,False,False
mp-31665,LiCr2(PO4)3,36,12.31419990688117,Triclinic,-2.458351434292327,0.04136083638888266,0.35250000000000004,False,False
mp-31837,LiFeP2O7,22,10.936817423247552,Monoclinic,-2.4819266002380944,0.04383277909090921,2.3937000000000004,False,False
mp-31924,LiMnP2O7,44,11.322806777866635,Monoclinic,-2.5653248698227356,0.0,1.2249999999999999,True,False
mp-31931,LiMn4(PO4)3,40,13.658384224875093,Trigonal,-2.5352477044493016,0.04456256937499958,2.7244,False,False
mp-31940,LiMnPO4,42,11.51884240164729,Trigonal,-2.6092250887010318,0.024203644642851074,3.3678999999999997,False,False
mp-31950,LiMn(PO3)4,36,13.609705694119565,Monoclinic,-2.551772177490877,0.02321443625000086,1.7367000000000001,False,False
mp-31960,LiMnP2O7,22,12.51255829328624,Triclinic,-2.5482237991409176,0.017101070681817987,1.5180000000000002,False,False
mp-31961,LiMn2(PO3)5,46,13.078697234077076,Monoclinic,-2.5808895511917247,0.03784927815217198,4.2135,False,False
mp-32022,LiMnP2O7,44,12.45697071186235,Monoclinic,-2.545732547095462,0.019592322727273626,1.7018,False,False
mp-32080,LiMo2P3O13,76,15.471125315283341,Monoclinic,-2.4294695784085216,0.03490295587719672,2.0726,False,False
mp-32123,LiMo2PO8,48,13.040483932519578,Orthorhombic,-2.2742796221230157,0.02928603750000125,1.1267999999999998,False,False
mp-32244,LiNbWO6,18,11.94687676029125,Tetragonal,-2.560774401481482,0.023784563472228015,2.4684,False,False
mp-32465,LiV(PO4)2,48,13.192311128872573,Monoclinic,-2.551501418968254,0.03400394493056158,1.9609999999999999,False,False
mp-32502,LiV(PO3)4,36,14.716182207304135,Monoclinic,-2.638722917328042,0.03324577166666565,2.2154,False,False
mp-32516,LiV2P3O11,34,11.991017207161214,Monoclinic,-2.6738833407212876,0.038237768970590835,1.8201999999999994,False,False
mp-32523,LiV(PO3)4,36,14.257351861189328,Monoclinic,-2.651915943161375,0.020052745833333496,2.2173000000000003,False,False
mp-35530,LiMn4O8,52,10.04033902178562,Cubic,-1.9087305734659594,0.0486684084038469,0.0,False,True
mp-36240,LiMn8O16,50,11.491301360568537,Orthorhombic,-1.8452917360712648,0.04736913803667164,0.0,False,True
mp-38280,LiTiO2,8,8.610346583004809,Tetragonal,-2.979356947916666,0.0,0.0,True,True
mp-39144,SrLiPrTeO6,10,12.850136727835373,Monoclinic,-2.703693509166667,0.017087509416663593,3.3073000000000006,False,False
mp-39387,SrLiTa2O6F,22,13.373473955560875,Orthorhombic,-3.409136437090909,0.01968861136363742,3.6165000000000003,False,False
mp-39511,LiCaTa2O6F,22,13.013666676456369,Orthorhombic,-3.3965435752727275,0.03001884409090394,3.6628999999999996,False,False
mp-40186,LiCaPrTeO6,20,12.676160469213512,Monoclinic,-2.724125931166666,0.017836656583336108,3.3167,False,False
mp-40189,BaLiLaTeO6,10,13.255323515842168,Cubic,-2.6664141295000006,0.03017070157499635,2.9505999999999997,False,False
mp-40286,NaLiLa2Ti4O12,20,11.98966552132295,Tetragonal,-3.4388490504022995,0.03770363024998602,1.6749,False,False
mp-40575,LiNi2P4H3O14,48,11.092267217669823,Monoclinic,-2.2320527154439476,0.0,4.3193,True,False
mp-41701,LiCo2P4H3O14,48,11.425569157558511,Monoclinic,-2.220694913360615,0.0031407545833266326,2.7545,False,False
mp-41795,LiAlPO4F,16,10.176741017166782,Triclinic,-3.125619585372024,0.012895190972220583,5.9117999999999995,False,False
mp-504102,Li(NiO2)2,14,9.187187500141073,Trigonal,-1.2071193369047617,0.009273794821429426,0.0,False,True
mp-504179,LiFe(PO3)3,56,11.660136251268359,Orthorhombic,-2.5509706431972794,0.0030141608928566654,4.001799999999999,False,False
mp-504184,LiFePO4,28,12.912370116125132,Monoclinic,-2.468166042568026,0.011729972142857648,3.4966999999999997,False,False
mp-504194,LiMoPO5,32,12.070326627770426,Triclinic,-2.4712475372470246,0.006334646562494939,1.3988,False,False
mp-504206,LiV(PO3)5,88,14.08271816448877,Monoclinic,-2.566719244843074,0.020789706325758495,0.9191,False,False
mp-504207,LiSb(PO3)4,36,13.519396569188313,Monoclinic,-2.504924871216932,0.0141282594444192,4.1221,False,False
mp-504211,LiSn(PO3)3,28,13.117082866115226,Triclinic,-2.520665561232993,0.016392372648806663,4.0722,False,False
mp-504230,LiCo2P3O10,32,14.072939211393345,Monoclinic,-2.3780928242038684,0.016150586171876924,3.0638,False,False
mp-504260,LiCu4(PO4)3,80,11.110182188345624,Orthorhombic,-1.9564474281130955,0.039409569000018685,0.0,False,True
mp-504262,LiCo(PO3)3,28,11.517025122332305,Triclinic,-2.477039251590136,0.02508763392855773,3.307,False,False
mp-504264,LiCuPO4,28,10.324119406837776,Monoclinic,-2.1965696550680263,0.03889294678571087,0.4891000000000001,False,False
mp-504307,LiCrPO4,28,15.382695447269585,Monoclinic,-2.535013431139455,0.03637674598213714,2.459,False,False
mp-504313,LiCrPO4,28,11.116696349790544,Triclinic,-2.5383679232823124,0.03302225383927926,2.6689999999999996,False,False
mp-504340,LiSb(PO3)4,36,16.405183021049133,Monoclinic,-2.4760699745502657,0.042983156111085385,4.1842999999999995,False,False
mp-504353,LiSb(PO3)4,36,12.98829582648025,Monoclinic,-2.5190531306613764,0.0,4.6559,True,False
mp-504354,LiBi(PO3)4,36,12.508040475102455,Monoclinic,-2.5650998892724868,0.0,5.117299999999999,True,False
mp-504358,LiCr6P7O24,76,12.361833727146054,Monoclinic,-2.530631201469298,0.02156793179509897,2.3798,False,False
mp-504371,LiNi6P7O24,76,11.14061779473317,Monoclinic,-2.278997002127193,0.014349232368427778,0.5318,False,False
mp-504845,NaLiMo(H2O3)2,104,11.30001010544905,Orthorhombic,-1.76901490959328,0.012502308846160659,4.5257,False,False
mp-504948,LiScGeO4,28,11.706425596291293,Orthorhombic,-2.876009241904761,0.007698812619049811,3.9614000000000003,False,False
mp-505131,LiVCuO4,14,10.699770931674314,Orthorhombic,-1.9609422269047616,0.04268253785714471,0.25970000000000004,False,False
mp-510529,LiCr(SiO3)2,40,10.603291961928171,Monoclinic,-2.9249645055833327,0.005692387166666535,1.5926999999999998,False,False
mp-510635,KNa2LiTi2Fe2(SiO3)8,80,12.11738607721423,Monoclinic,-3.0014437280002157,0.0,2.2058000000000004,True,False
mp-510641,LiFeAsO4,28,11.711193665629848,Orthorhombic,-1.9236189404761908,0.0,2.0793000000000004,True,False
mp-510708,LiFe(SiO3)2,20,10.854830400237564,Monoclinic,-2.7557206248333346,0.010062163916664701,2.7033,False,False
mp-530399,LiAl5O8,56,8.79843830054593,Cubic,-3.350604872559512,0.0,5.2491,True,False
mp-531523,LiGa5O8,28,9.910382531303824,Orthorhombic,-2.3075706963095213,0.005607093392854701,2.2544000000000004,False,False
mp-531604,LiMnO2,80,9.728087851547834,Monoclinic,-2.1435448088160927,0.016325155249999668,1.2916000000000003,False,False
mp-532590,LiMgCr7(SO4)12,69,12.781081335667457,Triclinic,-2.0598215925845405,0.004807484221021063,2.7801,False,False
mp-532676,LiMgAl3(SeO4)6,70,13.757214928400085,Triclinic,-1.7800805603541667,0.008619836809525161,2.9775,False,False
mp-532759,LiZnCr3(SO4)6,70,12.784765121855667,Triclinic,-2.008505540809523,0.009555367535712733,0.0,False,True
mp-534775,LiTi3MnCr(PO4)6,72,12.564807588553858,Trigonal,-2.9009366883089305,0.0003184705555572265,1.2606000000000002,False,False
mp-540033,LiMnP2O7,44,12.218992087488653,Monoclinic,-2.5329847011863715,0.03234016863636402,0.2189000000000001,False,False
mp-540038,LiMo(PO4)2,48,13.980566121632476,Monoclinic,-2.4665497258432545,0.04748004993055943,2.4819,False,False
mp-540193,LiMnP2O7,22,14.351214790857028,Monoclinic,-2.5195494282318265,0.04577544159090863,1.6166,False,False
mp-540268,LiMo2(PO4)3,36,13.788327323018546,Monoclinic,-2.504798081792328,0.0022846566666618884,1.5819999999999999,False,False
mp-540292,LiCrPO5,32,10.729980462688644,Triclinic,-2.4514059016220227,0.03717195556248676,0.0037000000000002586,False,False
mp-540313,LiFe(PO3)3,28,11.677076302948956,Triclinic,-2.523708880161565,0.03027592392857059,4.189500000000001,False,False
mp-540331,LiMn(PO3)4,36,14.499423806712551,Monoclinic,-2.541030345268655,0.033956268472222106,1.5583,False,False
mp-540356,LiFe(PO3)4,36,14.832121046099578,Monoclinic,-2.51493197260582,0.034757909444443236,2.502,False,False
mp-540415,LiMnP2O7,44,11.848064815981711,Monoclinic,-2.5386511175500086,0.02667375227272739,0.6864999999999999,False,False
mp-540438,LiMn(PO3)3,56,13.196473932875039,Triclinic,-2.598447748763781,0.03533549928568647,3.9840999999999998,False,False
mp-540447,LiNi(PO3)3,28,11.325259804692374,Triclinic,-2.4692922340901364,0.028396362857156632,3.9183000000000003,False,False
mp-540462,LiCrPO4,28,12.507689389849533,Triclinic,-2.530222711853741,0.04116746526785153,0.4112,False,False
mp-540517,LiMn5(P2O7)4,84,13.339509985296068,Triclinic,-2.464747055717414,0.035229038035701876,0.0,False,True
mp-540946,LiReO4,36,14.280018151871294,Triclinic,-2.3129027943055576,0.0,4.0225,True,False
mp-541190,Cs2LiVO4,16,20.01571790453489,Orthorhombic,-2.3655129897054596,0.0,3.9955,True,False
mp-541272,LiGe2(PO4)3,36,11.70170028364836,Trigonal,-2.478640178181215,0.00942866495369632,3.385,False,False
mp-541661,LiZr2(PO4)3,36,13.629440646777114,Trigonal,-3.1531292429034394,0.017819505555555892,4.1295,False,False
mp-542122,Ba3LiRu2O9,30,14.306261319342925,Hexagonal,-2.2988550712222233,0.0,0.0,True,True
mp-542207,Ba3LiOs2O9,30,13.897546377734605,Hexagonal,-2.3663552478888885,0.0,0.0,True,True
mp-542874,LiAl(SiO3)2,40,9.930091620412043,Monoclinic,-3.1915510805833334,0.03763569858333593,5.303800000000001,False,False
mp-545346,LiGaAs2O7,11,11.85921357501672,Monoclinic,-1.9331853600757574,0.026722108939399192,2.54838553098382,False,False
mp-547017,LiAlAs2O7,11,11.296065676184947,Monoclinic,-2.214197438484848,0.02759280681817433,3.0496999999999996,False,False
mp-549671,KLiMnO2,20,14.187082324273096,Monoclinic,-1.8506842532028742,0.0,0.3375999999999997,True,False
mp-551092,KLiZnO2,10,13.394125970775026,Monoclinic,-1.8095527191166667,0.0,2.1715,True,False
mp-551629,CsLiMoO4,7,21.10804496005264,Cubic,-2.2603924975697884,0.0,4.4239999999999995,True,False
mp-552024,Li(CoO2)2,14,9.496204330913603,Monoclinic,-1.474907089047619,0.03157130339285619,0.0,False,True
mp-552588,LiNbO3,10,11.144215867790756,Trigonal,-2.8665096196666666,0.03300803200000324,2.281952667388917,False,False
mp-552663,LiScAs2O7,11,13.002225154782955,Monoclinic,-2.3729057689393938,0.0,3.4518999999999997,True,False
mp-553926,NaLiB4O7,52,9.648598998566694,Orthorhombic,-2.7798495456830232,0.0,5.7974,True,False
mp-553966,Li(CuO)2,40,9.958473087589812,Tetragonal,-1.2319827396666674,0.004903191499998627,0.0,False,True
mp-554003,Sr4Li(BO3)3,136,12.678188327848112,Cubic,-3.140659022990197,0.01746101161764635,4.1874,False,False
mp-554028,Na5LiMn2O8,128,13.329920881714745,Orthorhombic,-1.8167300705369982,0.015544731822913604,1.7783999999999998,False,False
mp-554101,LiIn(MoO4)2,48,15.679029328111547,Monoclinic,-2.0578413537499998,0.015193988489580867,3.5254,False,False
mp-554108,LiRe(OF2)2,16,13.263351950766962,Tetragonal,-2.612908785104167,0.0,3.1439000000000004,True,False
mp-554164,KLiZnP2O7,48,14.139419184697827,Orthorhombic,-2.6130137626974204,0.0,4.2904,True,False
mp-554324,LiCa9Mn(PO4)7,92,12.857778315128133,Trigonal,-3.2203859795383556,0.0,4.290800000000001,True,False
mp-554837,Ba3LiIr2O9,30,14.020764997534238,Hexagonal,-2.1869562302222247,0.0,0.0,True,True
mp-554917,LiSn2(PO4)3,36,12.829919648448085,Triclinic,-2.5289968881812164,0.0,4.6751000000000005,True,False
mp-554940,LiCr3O8,24,11.575522937807575,Monoclinic,-1.9063165086111116,0.0018447925000000254,0.6577999999999999,False,False
mp-554998,LiV(IO4)2,48,13.62717461741782,Monoclinic,-1.4645722142361113,0.0011571969791672743,2.5781999999999994,False,False
mp-555002,LiEr2S2O8F3,64,12.10931879509725,Orthorhombic,-3.027444008177084,0.014181028124998107,6.0868,False,False
mp-555065,LiEr(PO3)4,36,12.601343444236962,Monoclinic,-2.927661526494708,0.008097708425934158,5.9182,False,False
mp-555090,LiBS4(ClO3)4,88,18.909790308785038,Monoclinic,-1.609260748522727,0.0295049600473547,4.6226,False,False
mp-555206,KLiCrO4,56,15.8125874338423,Orthorhombic,-2.0844041663333326,0.0,2.8533999999999997,True,False
mp-555232,LiU4P3O20,112,15.188241649378503,Monoclinic,-3.2294466369557813,0.0,1.8112000000000001,True,False
mp-555366,LiHo(PO3)4,36,12.664933157095945,Monoclinic,-2.9275779262169297,0.0027478143518600007,5.9285000000000005,False,False
mp-555420,NaLiTi3O7,96,11.335665177330773,Orthorhombic,-3.205351060601053,0.0005713004166860713,2.6233999999999997,False,False
mp-555486,LiEu(PO3)4,36,13.256169761530595,Monoclinic,-2.8076464034391537,0.010461636620371806,0.21540000000000004,False,False
mp-555489,LiY6B3O14,96,12.22239200721252,Monoclinic,-3.566173542743055,0.01251001994791423,4.665100000000001,False,False
mp-555743,LiZnPO4,112,12.536231599448994,Monoclinic,-2.545751063460884,0.0003173412499926087,4.1939,False,False
mp-555962,LiMoAsO6,36,13.234549812998992,Monoclinic,-1.9360714356481483,0.021899744305553526,2.4743,False,False
mp-556066,Sr2LiSiO4F,18,13.052705838221236,Monoclinic,-3.363604327592592,0.0151080444907441,4.7908,False,False
mp-556156,LiUBO5,32,13.094509959340593,Monoclinic,-3.1793325281249984,0.004834398125000305,1.9059,False,False
mp-556157,LiTl3(MoO4)2,28,18.89983715208329,Hexagonal,-1.8102358695238112,0.0022965460714274855,3.8133000000000004,False,False
mp-556209,RbLiMoO4,14,19.708066779095027,Monoclinic,-2.2576525572619053,0.0,4.5427,True,False
mp-556415,LiMnO2,16,9.18355620260627,Tetragonal,-2.1579251584410937,0.001944805624999546,1.2089000000000003,False,False
mp-556491,NaLiV2O6,20,13.357848594121814,Monoclinic,-2.3905303529712656,0.011321833000000225,3.0841,False,False
mp-556531,LiSi2BO6,80,11.346528056494627,Monoclinic,-3.0611450143750005,0.005015607458330962,5.5866999999999996,False,False
mp-556544,LiAlSiO4,28,11.986454441759552,Monoclinic,-3.18810415297619,0.022377812738096026,5.021,False,False
mp-556562,LiAsH6(OF2)3,34,10.395588467820678,Hexagonal,-1.9303651893137252,0.014310685441175863,3.7843,False,False
mp-556641,Na2LiAlP2H2O9,136,10.466857192197565,Orthorhombic,-2.5636317382575102,0.005472849379083655,5.1375,False,False
mp-556783,NaLiCO3,54,11.294538580379255,Triclinic,-2.165979774489145,4.9937592591753344e-05,4.502199999999999,False,False
mp-556786,LiCdPO4,28,12.113985495052143,Orthorhombic,-2.437196035425169,0.00038240757936858216,3.2361999999999997,False,False
mp-556814,LiNdGeO4,28,12.102831237929312,Orthorhombic,-2.8582829144047617,0.0015714117857212884,4.058400000000001,False,False
mp-556861,LiY(PO3)4,36,12.763882712541632,Monoclinic,-2.921166557883598,0.004690643773156644,5.9746,False,False
mp-557104,LiAlB2O5,36,11.658770880254787,Monoclinic,-2.988829571851851,0.0006171097777878387,5.4116,False,False
mp-557189,LiPO3,100,12.121365465148035,Monoclinic,-2.700216261095238,0.002511032333332608,5.552,False,False
mp-557309,Na3LiWO5,20,12.033520846606752,Triclinic,-2.1968503897471265,0.0,3.3382000000000005,True,False
mp-557375,NaLiCO3,18,11.331126057824612,Hexagonal,-2.1657701124521083,0.0002595996296284042,4.4576,False,False
mp-557473,K5LiGe2O7,60,17.17828125925046,Monoclinic,-2.0869758334722213,0.0,3.1502,True,False
mp-557492,LiLa5Ti8O24,38,12.64241213350377,Monoclinic,-3.6207159090789474,0.045508814868419734,2.0496,False,False
mp-557560,LiH4SNO4,44,9.978762617464332,Orthorhombic,-1.4426395432575754,0.0048880302272733545,5.2109,False,False
mp-557632,K2LiBO3,14,14.166870262281384,Monoclinic,-2.3430154709999997,0.0,3.6258,True,False
mp-557676,LiGa(MoO4)2,24,13.786707014325733,Triclinic,-2.094604356319445,0.00823767729166569,3.4226,False,False
mp-557969,LiLa2S2O8F3,32,12.930542954481805,Monoclinic,-3.029160157083334,0.010022679244788613,4.5891,False,False
mp-558102,KLiSi2O5,18,13.657980183165376,Monoclinic,-2.976013061731481,0.0,4.7068,True,False
mp-558105,LiB6O9F,68,10.98963776912886,Orthorhombic,-2.8648091162254907,0.0,6.4556,True,False
mp-558267,NaLiSiB3HO8,60,10.25007384340836,Monoclinic,-2.717652434564175,0.0,5.2406,True,False
mp-558369,K2LiVO4,16,15.918005966007321,Monoclinic,-2.3762957272291665,0.0,3.9760999999999997,True,False
mp-558431,LiCu(PO3)3,56,11.85033170551949,Triclinic,-2.400873266590136,0.0020258596428694986,0.6768999999999998,False,False
mp-558483,K4LiIO6,96,16.309059471059566,Orthorhombic,-1.6488769201944447,0.0,2.0858,True,False
mp-558555,LiFe(SeO3)2,40,14.942317315897483,Tetragonal,-1.594728772802084,0.0,2.6596,True,False
mp-558713,LiAlSiO4,21,13.099294800770188,Hexagonal,-3.1909736261904764,0.019508339523810037,4.6935,False,False
mp-558717,LiUAsO6,36,14.638349957432954,Triclinic,-2.6996316459259253,0.009508324722222739,2.2644,False,False
mp-558808,LiAl(SiO3)2,20,15.417293962296691,Triclinic,-3.2046507603333323,0.024536018833337003,4.9005,False,False
mp-558890,BaLi(B3O5)3,52,11.925422795278372,Trigonal,-2.9443573248397428,0.00013615903844765853,5.6723,False,False
mp-558897,LiMgIn(MoO4)3,36,15.58162741964214,Triclinic,-2.1870273669444455,0.0,3.1865,True,False
mp-558917,LiMoIO6,18,14.457293584368607,Monoclinic,-1.629628976481482,0.0,2.2334,True,False
mp-558941,LiYSiO4,28,12.200013667008454,Monoclinic,-3.4027745472619038,0.0,5.1083,True,False
mp-558943,LiUAsO6,18,15.18428657726569,Triclinic,-2.7091399706481476,0.0,2.2759,True,False
mp-559052,LiNb3(Bi2O7)2,44,14.107597282408854,Monoclinic,-2.429904200833333,0.0,2.7406,True,False
mp-559142,KLi(PO3)2,80,13.74909551020166,Monoclinic,-2.7001274273619047,0.0,5.2914,True,False
mp-559155,LiMg4V3O12,40,11.600577891194044,Tetragonal,-2.717871643416666,0.0022388422499952654,3.3004999999999995,False,False
mp-559300,KLi(PO3)2,80,13.596699159229846,Monoclinic,-2.695161618486904,0.004965808875001088,6.1115,False,False
mp-559441,LiTiPO5,32,10.699227143453715,Triclinic,-3.03283544610119,0.013362537812501074,3.0747,False,False
mp-559452,Na5Li(PO4)2,128,12.28940461589302,Orthorhombic,-2.558976996219725,0.0005009952343755231,4.3383,False,False
mp-559477,Rb5LiSi2NiO8,34,18.35446836685371,Monoclinic,-2.3219112912254904,0.01799305259803674,3.273,False,False
mp-559533,NaLiCO3,54,11.354321772125523,Hexagonal,-2.1660297120817367,0.0,4.4482,True,False
mp-559600,LiMo2AsO9,26,15.006729724886528,Orthorhombic,-1.9325352704487189,0.015180737884611162,2.3933,False,False
mp-559612,KLiO,12,14.548781393988873,Orthorhombic,-1.6354417968611106,0.012296178333333074,2.3803,False,False
mp-559627,LiP3PbO9,28,13.187851747607338,Triclinic,-2.557531381232994,0.010240808005946178,4.7126,False,False
mp-559680,LiV(GeO3)2,40,11.538883875490287,Monoclinic,-2.2905701360833333,0.010198125562499882,2.1145999999999994,False,False
mp-559689,LiAlSiO4,28,12.02889685508527,Orthorhombic,-3.18335428297619,0.027127682738095515,5.0525,False,False
mp-559719,LiPr(SO4)2,48,13.47440738343417,Monoclinic,-2.528643631666666,0.0,5.2829,True,False
mp-559767,LiAsO3,20,11.458000403851754,Monoclinic,-1.9488597091666668,0.03577491699999946,2.9408,False,False
mp-559840,LiV(SiO3)2,40,10.779506737777009,Monoclinic,-2.962379222083334,0.012066047624999854,1.8767000000000005,False,False
mp-559875,K3Na2LiTeO6,26,14.976893256520764,Monoclinic,-1.8317399772698943,0.0,2.2125999999999997,True,False
mp-559893,LiBi(PdO2)2,16,13.623860329453658,Tetragonal,-1.3837421479166663,0.0,0.44599999999999973,True,False
mp-559908,LiTa3O8,96,11.811951612902334,Orthorhombic,-3.2372466601319445,0.017147987395834008,3.0001999999999995,False,False
mp-559934,LiZnPO4,28,12.394696769093946,Orthorhombic,-2.5460684047108835,0.0,4.13,True,False
mp-559938,LiV3(TeO6)2,36,12.588054373117236,Triclinic,-2.066824335370372,0.0,1.8738000000000001,True,False
mp-559987,LiAl(PO3)4,72,13.231804019530228,Orthorhombic,-2.8002822528835987,0.0024191545370442213,5.7440999999999995,False,False
mp-560015,LiMoAsO6,36,12.107195561167707,Orthorhombic,-1.925225265370372,0.032745914583329316,2.2214,False,False
mp-560104,LiTaGeO5,32,12.468420983064854,Monoclinic,-2.759043833520833,0.0030512715625032882,3.7864999999999993,False,False
mp-560157,LiMgVO4,14,11.244897383141165,Orthorhombic,-2.6590563954761897,0.0,3.4825999999999997,True,False
mp-560246,LiUP(H4O5)2,42,10.1737739874565,Tetragonal,-2.076988295379818,0.0,2.5244,True,False
mp-560293,LiLa5Ti8O24,38,12.556091866404893,Orthorhombic,-3.6382793485526315,0.02794537539473474,1.9348999999999998,False,False
mp-560297,LiTaSiO5,32,11.942334758254106,Monoclinic,-3.1945872472708343,0.0,3.7965,True,False
mp-560465,K11LiMn4O16,32,17.63731471265337,Tetragonal,-1.8322621154627337,0.0,1.7460999999999998,True,False
mp-560581,LiBeH8CNOF4,68,9.139750833182445,Monoclinic,-1.5862568859313722,0.0385046026715683,5.5732,False,False
mp-560605,LiLa4AuO8,14,14.98684501362683,Orthorhombic,-3.1522000238095234,0.0,1.6583000000000006,True,False
mp-560614,KLiSO4,28,15.039609293509807,Orthorhombic,-2.293875710083332,0.008812724642857539,5.260300000000001,False,False
mp-560667,CsLi(PO3)2,80,16.00850499049702,Orthorhombic,-2.6983586913524222,0.0,5.6245,True,False
mp-560866,LiLa(PO3)4,36,13.53725078442777,Monoclinic,-2.9424519467724872,0.0,5.2141,True,False
mp-561087,LiFe(MoO4)2,24,14.008603865301751,Triclinic,-1.990976456944446,0.016076884687501014,2.4998,False,False
mp-561095,LiHo3Ge2(O4F)2,32,12.559363564430534,Monoclinic,-3.303367612083333,0.016893543437499048,4.1635,False,False
mp-561098,LiUPO6,36,13.67982251694858,Triclinic,-3.126618595330688,0.0025394818981538947,2.1007000000000002,False,False
mp-561237,LiCaBO3,48,10.625556784903893,Orthorhombic,-3.011904808333334,0.0,5.040100000000001,True,False
mp-561288,K3LiIrO4,18,17.224297019981034,Monoclinic,-1.6456933783425924,0.0,0.39849999999999985,True,False
mp-561310,NaLiCO3,18,11.605727190507634,Hexagonal,-2.156661895229886,0.009367816851851174,4.313400000000001,False,False
mp-561390,LiYb(PO3)4,36,11.925278406704521,Monoclinic,-2.705428796587302,0.0,0.0,True,True
mp-561474,K3LiSiO4,72,15.190945435301465,Monoclinic,-2.4309905013981483,0.0,3.6727,True,False
mp-561778,CsLiCrO4,28,18.53627887637246,Monoclinic,-2.0949266768555006,0.0,3.0633999999999997,True,False
mp-562137,KLiCO3,24,13.570171259750147,Monoclinic,-2.1893722525972223,0.0,4.5495,True,False
mp-562473,LiSn2(PO4)3,36,12.814882145928276,Trigonal,-2.523393502070105,0.005603386111085129,3.1282,False,False
mp-581225,KLiNd2(MoO4)4,48,14.624747246548935,Monoclinic,-2.517242559399307,0.0,3.4236999999999997,True,False
mp-581285,LiGd6B3O14,96,12.679428428533535,Monoclinic,-3.538679029930556,0.008145955578692465,2.9139999999999997,False,False
mp-583853,LiCrPO4,28,12.746708370423324,Monoclinic,-2.5479935918537415,0.023396585267851044,2.6276,False,False
mp-584134,LiBiP2O7,22,12.217755411169541,Triclinic,-2.512037952510822,0.0333520967424219,3.6507,False,False
mp-584674,LiCo(PO3)3,56,14.70569887174335,Orthorhombic,-2.478453332482993,0.0236735530357004,3.1495,False,False
mp-585250,LiMn4(PO4)3,40,12.28447053360675,Triclinic,-2.5360436909493016,0.043766582874997795,2.8719,False,False
mp-585261,LiMo4(P2O11)2,31,13.847300423722128,Triclinic,-2.3000179849001534,0.018698435544356684,0.19590000000000007,False,False
mp-585265,LiMo2(PO4)3,36,13.621393131176948,Monoclinic,-2.5070827384589944,0.0,1.3906000000000003,True,False
mp-585332,LiMo4P7O24,72,13.808661421639888,Triclinic,-2.4838539264120376,0.009450138960891863,3.4238999999999997,False,False
mp-585339,LiCu2P5O16,48,12.887724900624553,Monoclinic,-2.221381058189483,0.017511251874996248,0.0,False,True
mp-585354,LiCr2P3O10,32,11.907839356526553,Monoclinic,-2.563863766703869,0.02786422926338794,2.5486,False,False
mp-585400,LiFePO4,42,12.570847563866469,Trigonal,-2.4692010835204083,0.010694931190474932,2.4496,False,False
mp-621928,LiEu(SO4)2,24,15.56457010434891,Tetragonal,-2.277028959444445,0.0,0.0,True,True
mp-625211,LiH3O2,12,7.891264493673152,Triclinic,-1.5347990820138886,0.0007403541666670677,4.7224,False,False
mp-625998,LiHO,6,9.630244821727354,Orthorhombic,-1.7747260898611106,0.004186630000000413,4.022,False,False
mp-630867,RbLiNd2(MoO4)4,48,14.786446638780715,Monoclinic,-2.514043368993056,0.009076284999993689,3.4112999999999998,False,False
mp-630880,LiNd2Tl(MoO4)4,48,14.750704223693823,Monoclinic,-2.4283628413194456,0.007120004791676848,2.9659000000000004,False,False
mp-632692,LiFe4(PO4)4,25,11.787338731265713,Triclinic,-2.34921354127619,0.03829923429999926,0.7423000000000002,False,False
mp-636380,Li(MoO2)2,14,12.946340606969015,Orthorhombic,-1.9875210519047621,0.018538527678572336,1.3453999999999997,False,False
mp-641353,LiMn2O4,126,10.598410113749377,Orthorhombic,-2.0440329092501375,0.024073433492064034,0.0,False,True
mp-642650,LiP(HO)2,12,13.604597007381983,Monoclinic,-1.6169793359126985,0.03334440962301599,5.3164,False,False
mp-643458,LiHSO4,28,12.040480915854005,Monoclinic,-1.93676992922619,0.0,5.9636,True,False
mp-643655,LiAl2H6ClO6,32,10.292520193127608,Hexagonal,-2.0424346459895832,0.03157639765624953,5.1531,False,False
mp-644409,LiAlPHO5,18,9.252433088144866,Triclinic,-2.7356468488029098,0.005211936543211948,5.728999999999999,False,False
mp-644527,LiY2Ti2S2O5,12,14.224692025330361,Orthorhombic,-3.0935424683333337,0.04692506141667252,0.0,False,True
mp-650024,RbLiBi2(MoO4)4,48,14.625276813930142,Monoclinic,-2.0089833298263904,0.003613617812510128,2.9643,False,False
mp-652479,LiZnPO4,112,12.486102258035714,Monoclinic,-2.545254627121598,0.0008137775892782528,4.1996,False,False
mp-672958,LiSb(PO3)4,72,15.499073977228347,Orthorhombic,-2.499882664689153,0.019170465972197626,4.0474000000000006,False,False
mp-672966,LiCu(PO3)4,18,12.730500965526055,Triclinic,-2.306191382883598,0.03916687574073219,0.6957,False,False
mp-672976,LiSn(PO3)3,56,15.371784088226944,Triclinic,-2.5155450244472797,0.02151290943452011,3.8626000000000005,False,False
mp-672979,LiBiP2O7,44,14.06109109933081,Monoclinic,-2.5240584456926403,0.021331603560603263,4.4057,False,False
mp-672984,LiCu(PO3)4,72,12.244161258986573,Orthorhombic,-2.2971919006613755,0.04816635796295454,0.0,False,True
mp-673023,LiBi(PO3)4,72,13.670225511904297,Monoclinic,-2.533631231772487,0.03146865749999961,4.8168999999999995,False,False
mp-673024,LiSn4(PO4)3,40,17.119816539533378,Trigonal,-2.327332105863095,0.02995985758332953,3.7885,False,False
mp-673059,LiSbP2O7,44,12.35120848528884,Monoclinic,-2.4777712038744593,0.03531244674242551,3.933,False,False
mp-673073,LiSbP2O7,44,13.524085642484264,Monoclinic,-2.4761289243290037,0.0369547262878811,4.0558,False,False
mp-673098,LiBi(PO3)4,36,13.682605687229893,Monoclinic,-2.5244065384391536,0.04069335083333403,4.8034,False,False
mp-673101,LiSn4(PO4)3,40,14.459606100798542,Hexagonal,-2.3179579541130955,0.03933400933332898,3.2620999999999998,False,False
mp-673126,LiSb(PO3)4,36,13.279639736423382,Monoclinic,-2.470062192328042,0.0489909383333087,4.319999999999999,False,False
mp-674219,LiCr3O8,24,11.51060459106568,Orthorhombic,-1.908161301111111,0.0,1.8563,True,False
mp-674361,LiNbO3,50,11.198547313900214,Triclinic,-2.8894612342666677,0.01005641740000307,2.9621,False,False
mp-674388,Li(CoO2)8,25,10.869502587231839,Triclinic,-1.1612830753333332,0.032682389749990826,0.11270000000000002,False,False
mp-675069,LiNbO3,70,11.118851200022315,Triclinic,-2.8926584085238103,0.006859243142860905,3.0231000000000003,False,False
mp-675370,LiMnO2,56,9.687688756165846,Orthorhombic,-2.144524907458949,0.015345056607142915,0.9784999999999999,False,False
mp-675692,LiTi2O4,7,10.165815710382176,Orthorhombic,-3.1998569871428564,0.0463534050000014,0.0,False,True
mp-676447,Na2LiLa3Ti6O18,30,12.003407961587412,Triclinic,-3.4414558247030658,0.024686569470231845,2.0714000000000006,False,False
mp-676483,NaLiZnP2O7,24,12.792982288066883,Orthorhombic,-2.58565019241653,0.0018773494444461747,4.2378,False,False
mp-676694,LiNbO3,60,11.164979232661988,Triclinic,-2.8915023660000014,0.008015285666669314,2.9835000000000003,False,False
mp-677136,LiCa3Zr3TaO12,40,12.871795676802147,Monoclinic,-3.538013744533334,0.005249664333330628,3.9393999999999996,False,False
mp-677212,Ba3LiTa3Ti5O21,66,13.041194349315312,Orthorhombic,-3.4504181005151526,0.002260264431814818,2.2708000000000004,False,False
mp-677318,LiNi4O5,10,9.034883670506133,Tetragonal,-1.3154159858333336,0.01463171383333517,0.0,False,True
mp-677430,NaLiLa2Ti4O12,20,12.072326608206728,Triclinic,-3.4456996884022986,0.0308529922499865,1.9969000000000001,False,False
mp-677680,LiMgAl3(SO4)6,70,12.329759559241948,Triclinic,-2.3302435038095237,0.016932808607148075,5.7139999999999995,False,False
mp-681439,LiZr2(PO4)3,36,14.801852795634773,Monoclinic,-3.155012457903438,0.015936290555556454,4.2314,False,False
mp-684082,LiSb(PO3)4,36,15.984628996155298,Monoclinic,-2.471841808994709,0.04721132166664166,4.0039,False,False
mp-684090,LiSbP2O7,44,12.747494050643331,Monoclinic,-2.469853182510823,0.04323046810606179,3.6516,False,False
mp-684093,LiBi(PO3)4,72,15.189633213040837,Orthorhombic,-2.5195883163558204,0.04551157291666641,4.7432,False,False
mp-684104,LiSb2P5O16,48,15.735294052121759,Monoclinic,-2.4306248794394834,0.047426788958309096,3.2950999999999997,False,False
mp-684106,LiSbP2O7,44,13.264164685217219,Monoclinic,-2.4660379945562765,0.04704565606060829,3.9865,False,False
mp-684109,LiBiP2O7,44,13.641995887367477,Monoclinic,-2.49863065478355,0.04675939446969313,3.9872,False,False
mp-684119,LiTi(PO3)5,88,14.231944461432763,Monoclinic,-2.7087300815854976,0.03073676666666625,1.4422,False,False
mp-684120,LiCuP2O7,44,12.287467406845941,Monoclinic,-2.2110500511471853,0.04691813492424224,0.7101000000000001,False,False
mp-684427,LiSb(PO3)4,72,13.13481065641187,Monoclinic,-2.5020510303835977,0.017002100277752952,4.5327,False,False
mp-684489,LiBiP2O7,44,13.78978396425959,Monoclinic,-2.5101576586471865,0.03523239060605743,4.4537,False,False
mp-684493,LiSn2P3O10,64,15.24756050959137,Monoclinic,-2.426425320610119,0.04694784697916621,3.6428000000000003,False,False
mp-684497,LiBi(PO3)4,72,13.118970953439733,Monoclinic,-2.532559033578044,0.032540855694443316,4.6449,False,False
mp-684503,LiSn(PO3)3,56,12.95720930735904,Orthorhombic,-2.50068604587585,0.03637188800594959,4.206300000000001,False,False
mp-684506,LiBi(PO3)4,72,15.617457847704,Orthorhombic,-2.5330468401058206,0.032053049166666625,4.6455,False,False
mp-684508,LiSb2(PO4)3,72,14.084459293123224,Monoclinic,-2.379534400403438,0.03399319439814796,2.0471,False,False
mp-684509,LiSn(PO3)3,56,13.613175037632988,Orthorhombic,-2.497155506054422,0.03990242782737763,4.2159,False,False
mp-684534,LiNbP4O13,76,14.83518373168174,Triclinic,-2.6800839172055144,0.017450171166662365,2.229,False,False
mp-684817,K2LiTa6(PO8)3,36,15.075615798378998,Triclinic,-3.1225647226600532,0.0,3.0471,True,False
mp-686057,LiNbO3,40,11.135219306426787,Triclinic,-2.888663548416666,0.010854103250004243,3.0381,False,False
mp-686110,Li(ReO3)5,84,12.492805266279777,Triclinic,-2.123106817777778,0.028476777301596812,0.0,False,True
mp-686484,LiCa9Mg(PO4)7,184,12.738936074823375,Triclinic,-3.242132811268115,0.03254708253432881,4.7063,False,False
mp-686745,Ba3LiTi5Nb3O21,66,13.183393468970976,Triclinic,-3.3383220987878794,0.01589684181818818,2.1934000000000005,False,False
mp-690617,LiMn3Al2(HO2)6,24,9.087438387977437,Monoclinic,-2.0487510039427685,0.0,0.7928,True,False
mp-690708,KLiPH2O4F,40,12.463319087416323,Monoclinic,-2.3451769495226187,0.038164511250004196,4.9035,False,False
mp-690866,LiMnPO4,28,11.918186597246232,Monoclinic,-2.5840757658438895,0.04935296749999463,2.3498,False,False
mp-690868,LiMnPO4,84,11.477855330613389,Monoclinic,-2.590195970367698,0.04323276297618506,3.0073999999999996,False,False
mp-694894,LiMn12O24,74,11.523080779060127,Monoclinic,-1.820466908743399,0.04944814371846995,0.0,False,True
mp-694935,K3LiMg4(Si2O5)6,100,13.225215689669078,Orthorhombic,-3.150132958201667,0.0,4.7657,True,False
mp-694995,LiMgCr3(SO4)6,70,12.83749585544818,Triclinic,-2.1058333820952386,0.00770653889286077,2.6414,False,False
mp-695259,Ba3LiTi5(SbO7)3,66,13.070410224087375,Triclinic,-2.976214296515152,0.03468751568181094,2.3327999999999998,False,False
mp-695505,K2LiNb6(PO8)3,36,15.38937956743744,Triclinic,-2.9272871747711644,0.0,2.2981,True,False
mp-695791,LiMo(PO3)5,88,14.681823305335541,Monoclinic,-2.5087821302976194,0.03718510992424218,1.6074000000000002,False,False
mp-695951,LiAg2P3(HO5)2,36,11.895306489196303,Triclinic,-2.044618744894181,0.018636907500006572,2.4369,False,False
mp-696288,LiH3(SeO3)2,24,11.285727664474052,Monoclinic,-1.4043825951475704,0.005623732916671287,4.256399999999999,False,False
mp-697020,LiAlSiH2O5,40,10.788984852463175,Orthorhombic,-2.6181366373333335,0.013201636666666516,4.5824,False,False
mp-697222,Rb3LiZn2(MoO4)4,52,17.117754074011827,Tetragonal,-2.097951424647436,0.002276764038466439,4.0278,False,False
mp-697263,LiAsH2OF6,22,11.660985717943907,Orthorhombic,-2.305963577575758,0.0012611415909118406,4.1762,False,False
mp-697664,LiCr4(PO4)3,40,12.441461218091437,Monoclinic,-2.4573899388630958,0.041265836124999566,2.0696999999999997,False,False
mp-697744,LiMnP2O7,44,12.888761208982318,Monoclinic,-2.5184643189136438,0.04686055090909136,1.3152,False,False
mp-697749,LiV2(PO4)3,36,12.624971374612791,Monoclinic,-2.6432380784589955,0.011748238611139605,1.4095,False,False
mp-697757,LiCr2(PO4)3,36,12.423608617705263,Monoclinic,-2.4519486501256598,0.047763620555549835,0.19540000000000002,False,False
mp-697758,LiFeP2O7,44,11.818366721476002,Monoclinic,-2.4929613659199132,0.03279801340909039,2.5246000000000004,False,False
mp-697764,LiFeP2O7,44,11.20685308732814,Monoclinic,-2.504415167738095,0.021344211590909268,2.4905999999999997,False,False
mp-697767,LiMoP2O7,44,12.672176778102171,Monoclinic,-2.5474302334199126,0.03539380318181884,1.5751,False,False
mp-697792,LiMn2(PO4)3,36,12.10656290776846,Monoclinic,-2.359423404062444,0.02284786208333056,0.5692,False,False
mp-697800,LiFe4P7O24,72,12.564553808638246,Triclinic,-2.4110886082175926,0.039673610787030356,2.4096,False,False
mp-697807,LiMn4P7O24,72,12.65573169604962,Triclinic,-2.4742018343765975,0.0351505743749998,1.0021,False,False
mp-697926,LiCd2HSe2O7,52,13.933832456570515,Monoclinic,-1.5271339347516018,0.0,3.5103999999999997,True,False
mp-698205,LiB(HO2)2,32,9.066470509856533,Monoclinic,-1.8523228046874998,0.007055018062501972,3.5543,False,False
mp-698647,LiVO2,32,9.304699922399084,Orthorhombic,-2.458060850520833,0.0357201915625005,0.08089999999999975,False,False
mp-699599,LiCa9Co(PO4)7,92,12.758103274609102,Trigonal,-3.160587014365942,0.02483177288043681,0.0009999999999998899,False,False
mp-703230,LiVO3,20,13.616973006714332,Monoclinic,-2.4271944011666746,0.0007622925000019265,2.8222,False,False
mp-703550,LiZnPH2O5,80,10.775938436201054,Orthorhombic,-2.144975024797619,0.02127375649999763,4.1982,False,False
mp-704183,LiMo2PO8,48,13.598859810188044,Monoclinic,-2.2584119519146824,0.0451537077083346,0.0,False,True
mp-704600,LiTi4Mn(PO4)6,36,12.704831563656576,Trigonal,-2.972066451734856,0.003661447797615125,0.0,False,True
mp-705001,LiCrP2O7,44,12.120737598034406,Monoclinic,-2.624399683192641,0.04994455204545378,3.0921,False,False
mp-705007,LiMo(PO3)4,72,13.441372628154326,Monoclinic,-2.541015213439154,0.04160485263889413,3.8778999999999995,False,False
mp-705056,LiVP2O7,44,12.628310345370464,Triclinic,-2.6859605779653672,0.032393132045468676,1.9593,False,False
mp-705089,LiFe3P3O11,72,12.180390670111562,Monoclinic,-2.371854590958994,0.04246774944445164,3.5469000000000004,False,False
mp-705154,LiCr4P7O24,72,12.284574271913902,Triclinic,-2.5860793164120364,0.04246831819443564,1.0271999999999997,False,False
mp-705291,LiCrP2O7,44,11.54650009408868,Monoclinic,-2.6441170875108218,0.030227147727273085,2.8553,False,False
mp-705312,LiFePO4,84,10.50050043705464,Orthorhombic,-2.463468104948979,0.016427909761904225,3.551,False,False
mp-705315,LiCr(PO3)5,88,14.025775082515361,Monoclinic,-2.503408444502164,0.04846228871212066,0.0039000000000000007,False,False
mp-705333,LiMo(PO4)2,48,13.800311187102977,Orthorhombic,-2.4707486783432544,0.04328109743055908,2.6869,False,False
mp-705340,LiVP2O7,44,11.904780315561654,Monoclinic,-2.700689597510822,0.01766411250001454,2.0709999999999997,False,False
mp-705357,LiMnP2O7,44,11.767571278473644,Monoclinic,-2.5415844161863714,0.023740453636364123,1.2075000000000002,False,False
mp-758642,LiMn3(P3O10)2,60,13.630299035439583,Orthorhombic,-2.481390695999452,0.04108855374998743,0.4898999999999999,False,False
mp-758671,LiMn(PO3)3,56,11.98515589470396,Orthorhombic,-2.6265415834066377,0.007241664642829271,4.1212,False,False
mp-758678,LiFe(PO3)3,56,12.735960290458678,Triclinic,-2.5099240121258513,0.04406079196428436,3.7582000000000004,False,False
mp-758683,LiMnPO4F,32,11.060064404531435,Monoclinic,-2.607218466988404,0.019540486874999985,0.9579000000000002,False,False
mp-758685,LiFe(PO3)3,56,14.622352555201976,Orthorhombic,-2.5114415130187067,0.0425432910714294,3.6637999999999997,False,False
mp-758686,LiMn3Al2(HO2)6,48,9.109926720036972,Triclinic,-2.0308132645677683,0.017937739375000206,0.7926000000000002,False,False
mp-758697,LiMnP2O7,44,11.245037739908243,Monoclinic,-2.546126078004553,0.019198791818182848,0.6957,False,False
mp-758721,LiV2P2H5O11,84,10.933200956207607,Monoclinic,-2.1663129918509068,0.040252007261905476,0.0,False,True
mp-758733,LiMn3Al2(HO2)6,48,9.079901784991165,Triclinic,-2.025736649151101,0.023014354791667024,0.24960000000000004,False,False
mp-758753,LiMn6O12,57,11.795109481590483,Monoclinic,-1.865668853908046,0.049139267592100744,0.0,False,True
mp-758797,LiCu(PO3)3,28,11.665401205624779,Triclinic,-2.353151497661565,0.049747628571441105,0.17389999999999994,False,False
mp-758824,LiMnPH2O5,80,11.398941612962638,Orthorhombic,-2.206006765340722,0.021394246000000727,3.87,False,False
mp-758825,LiFeSiO4,84,14.565470866756936,Hexagonal,-2.5070416085714284,0.04143465654762135,2.9924,False,False
mp-758855,LiZnBO3,48,10.5257792910407,Triclinic,-2.3986168295833337,0.03578590041666718,3.3925,False,False
mp-758869,LiV2(PO4)3,72,12.427012449790952,Triclinic,-2.638784241514551,0.016202075555584727,1.2290999999999999,False,False
mp-758901,LiVO2,20,9.503408448282944,Triclinic,-2.445679934833335,0.04810110724999905,1.2487,False,False
mp-758921,LiFePO4,28,11.940686354630538,Triclinic,-2.438909563996598,0.04098645071428564,3.5928999999999998,False,False
mp-758939,LiFeSiO4,28,12.921417767154606,Monoclinic,-2.506526524047618,0.04194974107143068,2.839,False,False
mp-758986,LiMn(PO3)4,36,11.954490452787036,Monoclinic,-2.54648460082421,0.02850201291666732,1.0613000000000001,False,False
mp-759013,LiVCrP2(HO5)2,34,10.4796999845051,Triclinic,-2.399502777654061,0.016270729803927075,1.1987,False,False
mp-759018,LiMn2(PO4)3,72,11.855843410674929,Triclinic,-2.343077541562444,0.039193724583331147,0.7797000000000003,False,False
mp-759026,LiMn3P2(HO3)4,88,10.265886346437684,Monoclinic,-2.082248709723279,0.03835038782197753,0.9459,False,False
mp-759033,LiFe(PO3)4,36,11.951473729751493,Monoclinic,-2.523039313439154,0.02665056861110937,2.4755000000000003,False,False
mp-759087,LiFeSiO4,56,12.721626849143503,Orthorhombic,-2.5158706163690465,0.03260564875000238,2.9793000000000003,False,False
mp-759095,LiSn2P4H3O16,26,11.470463115788611,Triclinic,-2.292165630602106,0.041327079038449455,3.3251000000000004,False,False
mp-759104,LiV3P2(HO3)4,88,10.443909771049338,Monoclinic,-2.2900241781872293,0.018740911249995662,2.1058,False,False
mp-759118,LiMn3Al2(HO2)6,48,9.085716294079726,Monoclinic,-2.0484304849844346,0.0003205189583335155,0.5964,False,False
mp-759135,LiNi4(PO4)3,40,11.700907949867782,Orthorhombic,-2.1520493161130956,0.048060848374997356,2.8931,False,False
mp-759150,LiVOF2,20,11.542098981394783,Monoclinic,-2.9647295831666676,0.020925688249990415,1.6095,False,False
mp-759179,LiNiOF,12,9.183713067530944,Tetragonal,-2.1455821983333334,0.04565817875000189,2.1881999999999997,False,False
mp-759185,LiSb(PO3)4,36,14.121069979321808,Monoclinic,-2.4938976826058195,0.02515544805553116,3.7298,False,False
mp-759207,LiSb(TeO4)3,17,11.866807382956788,Triclinic,-1.5406538549019606,0.030019877598038924,1.2295000000000003,False,False
mp-759232,LiMnV(P2O7)2,42,12.592718067708491,Triclinic,-2.594715559515989,0.0,1.3469000000000002,True,False
mp-759251,LiSb(PO3)4,72,13.750471738423204,Monoclinic,-2.471123789133598,0.047929341527752634,4.1602,False,False
mp-759280,LiZr2(PO4)3,36,14.489782034582861,Triclinic,-3.1628627379034393,0.008086010555555134,4.4162,False,False
mp-759301,Li(CoO2)3,20,9.693112176406723,Monoclinic,-1.360583930333334,0.015680742374997614,0.0,False,True
mp-759316,LiMn2O3F,14,11.277465426558805,Trigonal,-2.2947660655993443,0.04786109526786486,0.0,False,True
mp-759353,LiCo5O8,56,9.538636818451886,Cubic,-1.3572711034523823,0.041137204910714154,0.0,False,True
mp-759377,LiTi2(PO4)3,72,12.552258555476323,Monoclinic,-3.0146759571626993,0.0035209511110831926,2.5726,False,False
mp-759379,LiMnVP2(HO5)2,34,10.608281770163314,Triclinic,-2.3302363369441226,0.041476089599680854,0.8792,False,False
mp-759384,LiSn2(PO4)3,36,13.421411415906794,Triclinic,-2.5262913065145494,0.0027055816666408106,3.4303,False,False
mp-759401,LiFeSiO4,112,12.816144591448449,Monoclinic,-2.524812517529761,0.023663747589287354,3.1054,False,False
mp-759423,LiCr(PO3)4,36,11.82992934882961,Monoclinic,-2.6089644467724864,0.03378533967592645,1.7675000000000005,False,False
mp-759435,LiCu(PO3)3,56,11.457821965063172,Orthorhombic,-2.393930962125851,0.008968164107154841,0.3971,False,False
mp-759486,LiNbSn3(PO4)6,35,14.037163222708127,Triclinic,-2.5903712738911566,0.0211835985238098,2.9448000000000003,False,False
mp-759502,LiVCrP2(HO5)2,34,10.450893844998717,Triclinic,-2.4014514444187682,0.014322063039220012,1.3166,False,False
mp-759528,LiVFeP2(HO5)2,51,10.600135732919712,Triclinic,-2.297782164614847,0.026650985551471607,1.5304999999999997,False,False
mp-759529,LiVFe(P2O7)2,84,12.527441262705757,Triclinic,-2.5649457350907037,0.008939678333289791,1.509,False,False
mp-759579,LiMnPH2O5,80,10.229146554646556,Triclinic,-2.1837170799657217,0.04368393137500082,3.3891,False,False
mp-759680,LiSi2BiO6,20,12.037896423212782,Monoclinic,-2.735161069833334,0.038052229666668325,3.6346000000000003,False,False
mp-759712,LiMnPO4F,64,11.707070876765627,Triclinic,-2.596742588863404,0.030016364999999823,0.9038,False,False
mp-759719,LiMn2P2(O4F)2,60,12.068658994641758,Triclinic,-2.461185286398741,0.045854211547615265,0.0,False,True
mp-759720,LiCuO2,32,11.470795364882191,Triclinic,-1.4138188233333326,0.036762587500000166,0.4525000000000001,False,False
mp-759761,LiVFe(P2O7)2,42,12.511693726267042,Triclinic,-2.5655708127097503,0.00831460071424317,1.5781,False,False
mp-759767,LiCu(PO3)3,56,13.957598881988263,Orthorhombic,-2.353447345340136,0.049451780892869834,0.6400999999999999,False,False
mp-759771,LiNi(PO3)3,28,12.089196812699296,Triclinic,-2.4484037694472796,0.04928482750001262,3.8064,False,False
mp-759793,LiTi2(PO4)3,72,12.561246453515702,Orthorhombic,-3.016703070634921,0.0014938376388595742,2.6006,False,False
mp-759801,LiVFe(P2O7)2,63,12.524091653303635,Triclinic,-2.565672548662131,0.008212864761862448,1.5942999999999998,False,False
mp-759820,LiVFe(P2O7)2,63,12.503503711247815,Triclinic,-2.565603949297052,0.008281464126941529,1.5996,False,False
mp-759828,LiMnVP2(HO5)2,34,10.553420169482157,Triclinic,-2.329774811944123,0.04193761459968126,0.8675999999999997,False,False
mp-759852,LiVCrP2(O4F)2,45,11.82562563716286,Triclinic,-2.7254610855079364,0.00803296850000379,1.3355000000000001,False,False
mp-759855,LiVFeP2(HO5)2,51,10.581604963896138,Triclinic,-2.2988936524579833,0.025539497708334302,1.4905,False,False
mp-759864,LiVCrP2(HO5)2,34,10.487574401242071,Triclinic,-2.401926478830533,0.013847028627455238,1.406,False,False
mp-759865,LiVCrP2(HO5)2,51,10.47034711234067,Triclinic,-2.401692689320727,0.014080818137260032,1.2776,False,False
mp-759884,LiMnVP2(HO5)2,34,10.62643305836417,Triclinic,-2.329162720767652,0.04254970577615147,0.8496999999999999,False,False
mp-759891,LiVCrP2(HO5)2,68,10.462471073139069,Triclinic,-2.401743295889356,0.014030211568632822,1.2541999999999998,False,False
mp-759900,K2LiNbO4,32,18.484273717415583,Monoclinic,-2.5411610119166665,0.0,4.078110487449886,True,False
mp-759903,LiVFe(P2O7)2,84,12.523966856460069,Triclinic,-2.5657612272335606,0.008124186190432425,1.6227999999999998,False,False
mp-759930,LiVCr(P2O7)2,84,12.382898307835777,Triclinic,-2.6414318560430843,0.010283719999984342,1.2826000000000002,False,False
mp-759941,LiVCr(P2O7)2,63,12.418607331224248,Triclinic,-2.642722869455782,0.00899270658728657,1.3961000000000001,False,False
mp-759967,KLiMnP3HO10,34,13.56007557781191,Triclinic,-2.501449701099584,0.04453103781141721,3.6249000000000002,False,False
mp-760016,LiVFeP2(HO5)2,34,10.61571365665025,Triclinic,-2.296351753536415,0.028081396629903388,1.3801,False,False
mp-760023,RbLiMnP3HO10,34,14.345840435029661,Monoclinic,-2.5246714305260545,0.018424930637252146,3.3554999999999997,False,False
mp-760043,LiVFeP2(HO5)2,34,10.59851134861637,Triclinic,-2.2989761005952385,0.025457049571079082,1.5288000000000002,False,False
mp-760044,NaLiMnPCO7,24,12.5467587357436,Monoclinic,-2.334686539773878,0.0,0.7532,True,False
mp-760055,LiMnVP2(HO5)2,51,10.613401429253367,Triclinic,-2.330051959395103,0.04166046714870042,0.8283,False,False
mp-760056,Na2LiMn(PO3)5,48,13.437265981688618,Monoclinic,-2.5934296496765534,0.04526488413194496,3.6781000000000006,False,False
mp-760158,LiMnVP2(HO5)2,51,10.564175007080161,Triclinic,-2.329952593904907,0.04175983263889638,0.8605,False,False
mp-760163,LiVFeP2(HO5)2,34,10.58253008900615,Triclinic,-2.2975026220658257,0.026930528100492346,1.5472,False,False
mp-760165,LiCu2(PO3)5,46,13.278852094114793,Monoclinic,-2.2866478224585918,0.049587631521744946,0.10329999999999995,False,False
mp-760186,LiVCrP2(HO5)2,51,10.44825382803582,Triclinic,-2.4008719530462175,0.01490155441176988,1.4381,False,False
mp-760187,LiVCrP2(O4F)2,60,11.801016039680388,Triclinic,-2.7263120525079367,0.007182001500003921,0.9590999999999998,False,False
mp-760189,LiVOF4,28,13.314645695397301,Triclinic,-2.8444057729761907,0.01810066226189999,3.0138,False,False
mp-760191,LiMnVP2(HO5)2,34,10.570755919495321,Triclinic,-2.3306345257676524,0.04107790077615192,1.0013,False,False
mp-760209,LiVCr(P2O7)2,42,12.4230263486731,Triclinic,-2.6425001243764177,0.009215451666650942,1.2967,False,False
mp-760231,LiSn2(PO4)3,72,13.208200347346885,Orthorhombic,-2.5168420581812163,0.012154829999974304,3.0521999999999996,False,False
mp-760238,LiVCr(P2O7)2,63,12.425584106944065,Triclinic,-2.642856788027211,0.008858788015857044,1.3305999999999998,False,False
mp-760242,LiVOF4,14,13.50301599548978,Triclinic,-2.8263256076190477,0.03618082761904251,2.1252,False,False
mp-760245,LiMnVP2(HO5)2,51,10.548426141722388,Triclinic,-2.329482355081378,0.0422300714624253,0.9541,False,False
mp-760260,LiVCrP2(O4F)2,75,11.785074200529202,Triclinic,-2.726305999374603,0.00718805463333716,0.8683000000000001,False,False
mp-760272,LiV(OF)2,12,11.511785204512586,Monoclinic,-2.686050223888889,0.03102441166667358,2.0841,False,False
mp-760277,LiVCr(P2O7)2,84,12.415682136251448,Triclinic,-2.6423721624716543,0.009343413571413883,1.3746999999999998,False,False
mp-760286,LiVCr(P2O7)2,84,12.409251535226948,Triclinic,-2.642546670328797,0.009168905714270537,1.3348,False,False
mp-760297,LiVFeP2(HO5)2,51,10.47474781276652,Triclinic,-2.2953941153991595,0.02903903476715808,1.5067,False,False
mp-760317,LiVCrP2(O4F)2,45,11.803508623379548,Triclinic,-2.7258592868412683,0.007634767166671885,0.9908000000000001,False,False
mp-760342,KLiH2WO5,80,13.886522129188858,Orthorhombic,-1.9950807288083332,0.004747120666667826,4.9734,False,False
mp-760378,LiTi2O4,14,10.53913059953772,Orthorhombic,-3.204690599285714,0.041519792857144466,0.0,False,True
mp-760476,LiU3O8,12,14.24371047677404,Orthorhombic,-3.556688546111109,0.007599273541668339,0.13229999999999986,False,False
mp-760701,LiNbO3,20,12.649210449364222,Monoclinic,-2.8636104516666663,0.035907200000004025,3.4191000000000003,False,False
mp-760797,LiV24O58,83,12.746332998131221,Triclinic,-2.302563854738955,0.037016634397593506,0.0806,False,False
mp-761120,LiMn2OF5,36,11.341506895050102,Monoclinic,-2.7083511593550447,0.045517610925918994,0.8545999999999999,False,False
mp-761124,KLiMnPCO7,24,14.187633665930356,Monoclinic,-2.3426460394297686,0.0,0.8778,True,False
mp-761173,LiV(SO4)3,34,13.736899351385789,Triclinic,-1.8952524312254908,0.03766798960784268,1.1113,False,False
mp-761236,LiMnV(P2O7)2,63,12.55011325530876,Triclinic,-2.591054781896943,0.003660777619018063,1.3746999999999998,False,False
mp-761280,LiV(TeO4)3,17,11.530809230640628,Triclinic,-1.613125585490196,0.048803521102942504,1.3811000000000004,False,False
mp-761322,LiNiBO3,24,9.6948568883415,Triclinic,-2.1990993766666675,0.04436541583332776,3.1186,False,False
mp-761486,LiFePO4,28,12.787347348813196,Tetragonal,-2.456173770425169,0.023722244285714567,3.4886,False,False
mp-761527,LiMnPO4,28,13.210659780980361,Monoclinic,-2.6178318522724617,0.01559688107142243,3.4354,False,False
mp-761694,LiSn3Sb(PO4)6,35,13.659243366399231,Triclinic,-2.4659924801768707,0.007919991000000515,2.5894,False,False
mp-761817,LiNbVO4,28,11.912442584486701,Tetragonal,-2.6709640236904764,0.03731157973214394,1.2698,False,False
mp-761825,LiSb(TeO4)3,17,13.012960830950194,Monoclinic,-1.5692268884313725,0.0014468440686270512,1.3945999999999996,False,False
mp-761922,LiNb(TeO4)3,34,12.097204298754704,Triclinic,-1.7914859810784312,0.023863249128152297,1.4654000000000003,False,False
mp-762011,LiCrCoO4,14,9.947772312584814,Orthorhombic,-1.8822504440476189,0.026803994543648457,0.5632000000000001,False,False
mp-762012,LiNiPO4,28,11.632076599335418,Triclinic,-2.3196303736394555,0.04541777357142873,3.2464000000000004,False,False
mp-762018,LiCoPO4,14,12.400737798106663,Tetragonal,-2.392654572568027,0.011435375714279772,3.1973,False,False
mp-762019,LiV(CO3)2,10,9.710719112597571,Trigonal,-2.1410628273333336,0.0,2.0016999999999996,True,False
mp-762322,LiTi2(PO4)3,36,12.799925353424442,Monoclinic,-3.00834078938492,0.009856118888860621,2.4778000000000002,False,False
mp-762454,LiCrO2,16,9.063636002218724,Tetragonal,-2.370753757708333,0.03786809562499993,1.7688999999999995,False,False
mp-762521,LiMn3Al2(HO2)6,48,9.119401239197263,Triclinic,-2.027339646234435,0.0214113577083328,0.4314,False,False
mp-762643,LiFeSiO4,84,9.72745101720093,Orthorhombic,-2.506195764047618,0.04228050107143133,1.6568999999999998,False,False
mp-762644,LiFeSiO4,42,14.642768070990035,Hexagonal,-2.510166298809525,0.03830996630952477,3.0816,False,False
mp-763610,LiCrSiO4,28,10.041508698626776,Orthorhombic,-2.7661646783333333,0.01784602107142952,2.5476,False,False
mp-763655,LiMn3O6,40,11.006680242663384,Triclinic,-1.9779668917126443,0.019893407508326355,0.30879999999999974,False,False
mp-763740,LiFeSiO4,14,15.815922634642435,Hexagonal,-2.5010701647619036,0.04740610035714532,2.9768999999999997,False,False
mp-764273,Na2LiMnPCO7,26,12.367881283385998,Monoclinic,-2.3731129560512185,0.023052898205146555,3.6455,False,False
mp-764348,LiFeSiO4,28,12.739968088965329,Monoclinic,-2.5180149554761897,0.030461309642859646,2.9041,False,False
mp-764462,LiMnV(P2O7)2,42,12.543258196465079,Triclinic,-2.591258719515989,0.003456839999971706,1.2710000000000001,False,False
mp-764480,LiMnV(P2O7)2,84,12.542724721389014,Triclinic,-2.590848118087418,0.003867441428543117,1.3140999999999998,False,False
mp-764481,LiMnV(P2O7)2,84,12.493199056218678,Triclinic,-2.5905585084445604,0.00415705107140063,1.4209,False,False
mp-764484,LiMnV(P2O7)2,63,12.557908889257954,Triclinic,-2.590982001896943,0.0037335576190180575,1.3442000000000003,False,False
mp-764488,LiMnV(P2O7)2,84,12.532270502952306,Triclinic,-2.5909464439207515,0.0037691155952090938,0.5587,False,False
mp-764607,LiV(TeO4)3,17,12.67711434871062,Monoclinic,-1.6356047078431373,0.0263243987500017,1.4647000000000001,False,False
mp-764622,LiMnV(P2O7)2,63,12.535464765700212,Triclinic,-2.5912541496747203,0.003461409841240659,1.2189,False,False
mp-764648,LiTiO2,8,9.164909114773687,Hexagonal,-2.9499596316666663,0.02939731624999986,0.0,False,True
mp-764685,LiVOF3,24,13.446642849338204,Monoclinic,-2.9586070105555557,0.03378590000001047,2.2221,False,False
mp-764721,LiVOF3,12,11.550043826208224,Monoclinic,-2.9575576405555566,0.03483527000000919,1.9123,False,False
mp-764760,LiVOF3,24,11.255390981584418,Orthorhombic,-2.963911693055556,0.028481217500010203,2.1361,False,False
mp-764774,LiTi2V3O12,72,14.468503754738846,Monoclinic,-2.747048690972223,0.007443859999991531,2.3032,False,False
mp-764842,LiVOF3,24,11.919140181864934,Monoclinic,-2.950569155972223,0.04182375458334331,2.1513,False,False
mp-764845,LiVOF3,24,11.432039058186403,Monoclinic,-2.97235874138889,0.020034169166676108,1.8467,False,False
mp-764904,LiFe2(BO3)2,44,11.09799737285416,Monoclinic,-2.27945724310606,0.04950118218750177,0.0,False,True
mp-764928,LiVP2O7,44,11.051278093872902,Monoclinic,-2.6803660929653677,0.03798761704546827,2.0382,False,False
mp-765022,LiVPO4,84,10.627808780223821,Orthorhombic,-2.6316800542346934,0.01070276011907545,2.6673999999999998,False,False
mp-765159,LiCrCO4,28,9.716958979120818,Orthorhombic,-2.1727633422619053,0.029675039404758685,2.7558,False,False
mp-765230,LiVOF3,12,12.580440457224471,Monoclinic,-2.977491400555556,0.014901510000010276,1.5224,False,False
mp-765311,LiVCrP2(HO5)2,34,10.6099135358623,Triclinic,-2.404784103242297,0.0109894042156915,1.5821,False,False
mp-765346,LiV(SiO3)2,80,10.76353158791965,Orthorhombic,-2.9744452697083346,0.0,2.1654999999999998,True,False
mp-765521,LiVOF3,24,12.93132305483177,Tetragonal,-2.9446259993055564,0.04776691125000987,2.1107,False,False
mp-765594,LiFePO4,56,12.766328454115373,Orthorhombic,-2.468470258818026,0.011425755892857659,3.4966999999999997,False,False
mp-765596,LiV2O5F,36,10.983411849558907,Orthorhombic,-2.4342629209259266,0.04928637111111023,2.1494,False,False
mp-765613,Li(CuO)3,28,10.339347986214504,Tetragonal,-1.115489977261905,0.03736995714285918,0.0,False,True
mp-765626,LiV(OF)2,24,11.210710651674738,Monoclinic,-2.712493725138889,0.004580910416673412,2.26,False,False
mp-765631,LiFeSi3O8,52,13.059638256740527,Monoclinic,-2.8343034773717948,0.048490516410256035,3.1435999999999997,False,False
mp-765857,LiCr(SiO3)2,30,10.914933256778879,Triclinic,-2.8876301703333342,0.043026722416666274,2.9516999999999998,False,False
mp-765981,LiVFe(P2O7)2,42,12.7213620630362,Triclinic,-2.5681186922335604,0.005766721190433088,1.6041,False,False
mp-765988,LiVFeP2(HO5)2,34,10.691622337375403,Triclinic,-2.3025664294187673,0.021866720747550694,1.8329,False,False
mp-765999,LiVCO4,28,10.041334571848472,Monoclinic,-2.225194701547619,0.04003749541666668,1.7378000000000005,False,False
mp-766000,LiVCr(P2O7)2,21,12.5513796560199,Triclinic,-2.6447192619954643,0.006996314047603924,1.4875,False,False
mp-766001,LiVCrP2(O4F)2,30,11.781380242579173,Triclinic,-2.7243437358412694,0.009150318166671667,1.3514,False,False
mp-766002,LiVCr(P2O7)2,21,12.57040783775075,Triclinic,-2.6451785681859405,0.006537007857128074,1.3979000000000001,False,False
mp-766016,LiVCrP2(O4F)2,30,11.788226836274307,Triclinic,-2.7223855398412695,0.011108514166671135,1.2648,False,False
mp-766044,SrLiLa3FeO8,14,13.400108823334602,Orthorhombic,-3.0953088920238097,0.011453054732137424,0.9437000000000006,False,False
mp-766078,LiV3Fe2CuO12,38,12.841411519526144,Triclinic,-2.038248302280701,0.017189321578950256,0.7355,False,False
mp-766083,LiVSiO4,28,9.618410155015118,Tetragonal,-2.795082007619048,0.048914379017849896,1.5010378778642055,False,False
mp-766086,LiLa2Ti2CrO9,60,11.869409823657588,Monoclinic,-3.3748802773333333,0.04235916116666694,2.2594000000000003,False,False
mp-766088,LiCr3Ni(SO4)6,35,12.73005631097886,Triclinic,-1.9826092782380953,0.009440651035711234,2.3309,False,False
mp-766092,LiVCrP2(O4F)2,30,11.830133020932214,Triclinic,-2.7231920758412693,0.010301978166671333,1.1921000000000002,False,False
mp-766098,LiTi3Sb(PO4)6,35,13.434951455641052,Trigonal,-2.847361820891157,0.005811325142856205,2.4673,False,False
mp-766108,Ba3LiTi5(SbO7)3,66,13.026331621790899,Orthorhombic,-2.9811152436363644,0.029786568560599136,2.3975,False,False
mp-766121,LiVSiO4,84,10.192573537901989,Orthorhombic,-2.833138222023809,0.010858164613088306,2.0519999999999996,False,False
mp-766136,LiFeP2O7,44,12.266516727974938,Monoclinic,-2.4805754897835497,0.04518388954545394,2.4515,False,False
mp-766176,LiSiBiO4,28,13.223531292015384,Monoclinic,-2.5182683629761904,0.02754974845238234,3.3406000000000002,False,False
mp-766205,SrLiLa15(CoO8)4,53,13.768153526358883,Triclinic,-3.1533638260062906,0.0393930859890439,0.8101000000000003,False,False
mp-766208,Ba3LiTi5Nb3O21,66,13.122560135447694,Orthorhombic,-3.343356402727274,0.010862537878793432,2.0419,False,False
mp-766215,Na5LiFe6(SiO3)12,60,11.11378051210804,Monoclinic,-2.7299634536704995,0.005518634986121818,2.7600000000000002,False,False
mp-766388,LiMn2(PO4)2,39,11.827718967501871,Triclinic,-2.4999593732164964,0.04591065416666762,0.34689999999999976,False,False
mp-766451,LiCo2(PO4)2,52,13.689642925367595,Monoclinic,-2.231005159624542,0.04228580288461625,0.34020000000000006,False,False
mp-766456,LiFe2(PO4)2,52,14.17658057781626,Orthorhombic,-2.3789393696245416,0.04173662000000089,1.5931000000000002,False,False
mp-766457,LiSnP2O7,44,13.786208656288363,Triclinic,-2.503388171147185,0.04790637352271432,1.5229000000000004,False,False
mp-766459,LiCo2(PO4)2,52,13.734105828592963,Orthorhombic,-2.2366432827014657,0.03664767980769312,0.49810000000000004,False,False
mp-766464,LiFe2(PO4)2,52,14.293039424332441,Orthorhombic,-2.37384538308608,0.04683060653846294,1.7438000000000002,False,False
mp-766498,LiMnCO3F2,32,11.552846339000954,Orthorhombic,-2.307263552345546,0.0450462782291714,1.5588,False,False
mp-766523,LiCo2(PO4)2,52,13.797055324657661,Monoclinic,-2.2453086653937735,0.027982297115385357,0.6711999999999999,False,False
mp-766561,LiNd14(Cu3O14)2,49,13.898179260203959,Monoclinic,-3.0106138234353734,0.009342513571424682,0.0,False,True
mp-766664,LiFeSiO4,84,10.08270497348806,Orthorhombic,-2.5030343848809533,0.04544188023809603,1.6747,False,False
mp-766811,LiCoPO4,28,15.434391487156903,Monoclinic,-2.3558164286394563,0.04827351964285054,2.9396999999999998,False,False
mp-766880,LiCo2(PO4)2,78,13.965786860541249,Triclinic,-2.22389016981685,0.04940079269230946,0.3906,False,False
mp-766923,LiVSiO4,28,10.35664437559055,Orthorhombic,-2.8342378347619044,0.009758551874993415,1.8510999999999997,False,False
mp-766948,LiMn10O20,62,11.456683144872793,Tetragonal,-1.8295233523433443,0.04956340239516166,0.0,False,True
mp-766983,LiCa2Nb3O10,64,13.151131156330878,Monoclinic,-3.149551102552083,0.028739489687501063,2.0222,False,False
mp-766995,LiLa3Ti2O9,60,12.46441955932178,Monoclinic,-3.6494358200000003,0.03049858925000315,2.6852,False,False
mp-767070,LiLa5Ti8O24,38,12.53191139382551,Triclinic,-3.626340367236843,0.039884356710524926,2.1172000000000004,False,False
mp-767091,LiNbSn3(PO4)6,35,14.166196537515399,Trigonal,-2.5991835867482993,0.012371285666666232,2.7647,False,False
mp-767222,LiFe2(PO4)2,13,10.860490987856913,Monoclinic,-2.3884611871245416,0.032214802500001305,1.6011000000000002,False,False
mp-767223,LiVCrP2(O4F)2,30,11.818668455545957,Triclinic,-2.725230346174603,0.008263707833338074,1.0971,False,False
mp-767268,LiV9O22,64,12.474389087717674,Monoclinic,-2.308598890885416,0.045902693124997285,0.0,False,True
mp-767384,Ba2LiTi11O24,38,12.258581767121166,Triclinic,-3.4569716307894733,0.014405742664505894,0.0,False,True
mp-1567455,Li2Co(CO3)2,22,10.962912742778677,Monoclinic,-1.9339466196969708,0.04923798590908923,3.0151000000000003,False,False
mp-1567493,Li2V(CO3)2,22,11.843592980849865,Monoclinic,-2.1308927592424256,0.04986913173295626,3.1228,False,False
mp-1568135,Li2Fe(CO3)2,22,11.677744434544792,Orthorhombic,-1.9989787669696968,0.04040492909090876,4.1415,False,False
mp-1569254,Li2Ni2BiO6,22,11.393081042557412,Orthorhombic,-1.485754448333334,0.02375741200757986,0.8308999999999997,False,False
mp-1573955,Li2VP2O7,48,11.577137626585747,Triclinic,-2.6443232017460314,0.04453120917534559,2.8697999999999997,False,False
mp-1574529,Li2MnO2F,24,9.488801085426445,Orthorhombic,-2.4584269407662833,0.036284853333335754,2.0922,False,False
mp-1575669,Li2CoP2O7,24,11.585776186533757,Triclinic,-2.5109954984126976,0.017526677013867342,3.2057,False,False
mp-1579309,Li2MnP2O7,24,12.507553788950043,Monoclinic,-2.6340323190736172,0.037212172916639474,4.3759,False,False
mp-1638898,Li2FePHO5,20,9.957229634211012,Triclinic,-2.2626005007559526,0.04680596512499591,3.7896,False,False
mp-1639439,Li2Ni2SbO6,22,10.800855263677192,Orthorhombic,-1.707517661060607,0.04728175833333381,0.006800000000000139,False,False
mp-1643079,Li2MnO2F,24,9.514389917316135,Orthorhombic,-2.4582293778496163,0.036482416250002814,2.1220999999999997,False,False
mp-1644021,Li2FeP2O7,48,12.24137836912511,Triclinic,-2.5416418015376974,0.03323583201388747,4.3451,False,False
mp-1645783,Li2Si2NiO6,44,11.63797430103868,Monoclinic,-2.656881666742424,0.035816276363644484,3.7949,False,False
mp-1648306,Li2FeP2O7,24,12.187423590904238,Monoclinic,-2.5413149992460315,0.03356263430555284,4.3689,False,False
mp-1661410,Li2Mn3FeO8,28,10.177736828863804,Monoclinic,-1.976341573961412,0.03501854636903268,0.5552999999999999,False,False
mp-1661760,Li2Mn3FeO8,28,10.20173328089832,Triclinic,-1.9776093232471266,0.03375079708331796,0.43699999999999983,False,False
mp-1662213,Li2Fe2P4H3O16,27,10.977571361057564,Triclinic,-2.225593939962522,0.04822570736111764,0.0,False,True
mp-1662321,Li2TiV3O8,28,10.463640241001341,Triclinic,-2.7049563614285717,0.025662784642852543,1.2624999999999997,False,False
mp-1663191,Li2Fe2P4H3O16,54,11.006793545386392,Triclinic,-2.224175348110669,0.049644299212969756,0.0,False,True
mp-1663998,Li2Mn3FeO8,28,10.201501185791896,Orthorhombic,-1.9797252557471268,0.03163486458331821,0.4568000000000003,False,False
mp-1664329,Li2Mn2P4H3O16,27,10.589027808386609,Triclinic,-2.280859207587043,0.03640370180555319,0.8808999999999999,False,False
mp-1664598,Li2Mn3FeO8,28,10.162277360494855,Monoclinic,-1.9776687886042694,0.033691331726175555,0.7011999999999996,False,False
mp-1665188,Li2CrFe(PO4)2,28,10.987671674246943,Triclinic,-2.510004321139456,0.019913659646067394,2.5057,False,False
mp-1667139,NaLi2FePCO7,52,11.27188433047701,Triclinic,-2.321148765014525,0.02578505903846029,3.9832000000000005,False,False
mp-1667394,NaLi2MnPCO7,52,11.579148404958865,Triclinic,-2.408014384470759,0.024327490448736278,3.5987999999999998,False,False
mp-1982622,Li2FeP2O7,48,11.394301428050378,Triclinic,-2.5277196346626982,0.04715799888888661,4.0783,False,False
mp-2724101,Li2HfO3,6,10.803879831264174,Orthorhombic,-3.1704083286111113,0.0,4.0572,True,False
mp-768020,Li2MnSiO4,32,10.997509471667248,Orthorhombic,-2.670455061824713,0.01962935218749884,2.8232,False,False
mp-768110,Li2Ti3CoO8,56,10.753393020566941,Cubic,-2.9825733069047615,0.0,2.4415999999999998,True,False
mp-768216,Li2BiPCO7,24,13.458785408090655,Monoclinic,-2.2818161846924596,0.0491974379166642,3.7498999999999993,False,False
mp-768289,Li2FeBO4,16,9.55325005286953,Monoclinic,-2.3103105794791663,0.040235063749999966,2.63,False,False
mp-768312,Li2FeBO4,32,9.555569575638936,Orthorhombic,-2.309629928541666,0.040915714687500326,2.5281,False,False
mp-768412,Li2CoSnO4,16,10.325396881378373,Orthorhombic,-1.9643554914583339,0.02211738874999991,1.7159000000000004,False,False
mp-768413,Li2FeNi3O8,14,9.87148512691625,Trigonal,-1.3120567183333338,0.03521650987621605,0.0,False,True
mp-768471,Li2FePCO7,48,11.270719457038409,Triclinic,-2.2892142196924605,0.014101428229163382,2.3411999999999997,False,False
mp-768485,Li2FePCO7,48,11.322833092005206,Triclinic,-2.289156398650793,0.014159249270830898,2.1595,False,False
mp-768491,Li2FePCO7,48,11.352810531266263,Triclinic,-2.29024883969246,0.01306680822916384,2.2695999999999996,False,False
mp-768508,Li2FePCO7,48,11.372248248178247,Triclinic,-2.2897843274007936,0.013531320520829837,2.1050999999999997,False,False
mp-768545,Li2MnV(PO4)3,38,12.108922285447303,Triclinic,-2.5942497691329622,0.01682477460526499,0.9468000000000001,False,False
mp-768547,Li2MnV(PO4)3,38,12.095145283726612,Triclinic,-2.599220383869804,0.011854159868423864,1.0027999999999997,False,False
mp-768548,Li2MnV(PO4)3,38,12.187244568737594,Triclinic,-2.596951694922435,0.014122848815792288,1.0845,False,False
mp-768549,Li2MnV(PO4)3,38,12.215476883000418,Triclinic,-2.5956521980803293,0.015422345657897907,0.9026000000000001,False,False
mp-768550,Li2MnV(PO4)3,38,12.160279361324262,Triclinic,-2.5847230972908566,0.02635144644737064,1.1412,False,False
mp-768567,Li2MnV(PO4)3,38,12.147406425827507,Triclinic,-2.5821103886066457,0.02896415513158157,1.1589999999999998,False,False
mp-768580,Li2MnV(PO4)3,38,12.13027081333458,Triclinic,-2.585755413606646,0.025319130131581602,1.1712,False,False
mp-768590,Li2Ni2(SO4)3,38,11.419714118260575,Monoclinic,-1.9166288202192978,0.015751782500000644,3.5479000000000003,False,False
mp-768596,Li2MnV(PO4)3,38,12.087971132434937,Triclinic,-2.5830301970276976,0.028044346710529133,0.891,False,False
mp-768624,Li2FePCO7,48,11.440716556023496,Triclinic,-2.2849389574007932,0.018376690520830685,2.4417999999999997,False,False
mp-768640,Li2FePCO7,48,11.415605338184337,Monoclinic,-2.2794875838591264,0.02382806406249749,2.4528999999999996,False,False
mp-768644,Li2FePCO7,48,11.462567593250988,Monoclinic,-2.279546434900794,0.023769213020830016,2.4490999999999996,False,False
mp-768645,Li2FePCO7,48,11.437028669049639,Monoclinic,-2.286168891359127,0.017146756562496535,2.4693,False,False
mp-768646,Li2FePCO7,48,11.39775403325658,Monoclinic,-2.2809480171924608,0.022367630729163146,2.4902,False,False
mp-768648,Li2FePCO7,48,11.42684214860011,Triclinic,-2.282859679275793,0.020455968645830325,2.454,False,False
mp-768659,Li2Co2(SO4)3,38,11.78402482319503,Monoclinic,-1.9131836110087717,0.036282792763159044,2.703,False,False
mp-768681,Li2Cr3SnO8,14,11.264463485880617,Trigonal,-2.2492703444047613,0.03143878265873745,0.0,False,True
mp-768707,Li2FePCO7,48,11.476935636249765,Monoclinic,-2.279225387400793,0.024090260520830853,2.4507999999999996,False,False
mp-768740,Li2Bi5B3O13,46,13.895015138634848,Monoclinic,-2.1323126764855083,0.042100806250005895,2.1380000000000003,False,False
mp-768742,Li2Mn2(SO4)3,38,12.561836102842147,Monoclinic,-2.13388588026467,0.012794903157892001,4.3938,False,False
mp-768755,Li2Sn2(SO4)3,76,15.779374733920612,Orthorhombic,-1.9766104983771928,0.03514805328946835,3.9623,False,False
mp-768831,Li2Fe2(SO4)3,38,12.119813857882596,Monoclinic,-2.0084532578508765,0.01661025276314909,4.2958,False,False
mp-768832,Li2Cu2(SO4)3,38,11.858292873825814,Monoclinic,-1.781498495219298,0.023142097499997405,0.23499999999999988,False,False
mp-768844,Li2Mn3CrO8,14,10.508849131792505,Trigonal,-2.1302787864614112,0.01730110228572279,0.0,False,True
mp-768896,Li2Ni2(SO4)3,76,12.084837540552579,Orthorhombic,-1.9235648516666664,0.008815751052631882,0.0,False,True
mp-768927,Li2MnPCO7,48,11.440200278770915,Triclinic,-2.3267640061867128,0.030424194004624816,0.513031838617177,False,False
mp-768945,Li2CrFeO4,8,9.332444334040789,Monoclinic,-2.170326068333334,0.006851230416666354,1.6617000000000002,False,False
mp-768948,Li2MnPCO7,48,11.388720150496722,Monoclinic,-2.32620255597838,0.030985644212957908,0.0,False,True
mp-769002,Li2BiO3,12,11.755298883105171,Monoclinic,-1.8385283244444455,0.033635122916665594,0.0,False,True
mp-769287,Li2TiS2O,24,17.221301521590647,Monoclinic,-2.0103958154166666,0.027613073564816126,2.2463,False,False
mp-769380,Li2TiSn3(PO4)6,36,13.353905685299477,Trigonal,-2.6443123248015863,0.006984568402779168,2.7486999999999995,False,False
mp-769527,Li2MgCo13O28,44,10.860950522451137,Triclinic,-1.2438242402651527,0.039352647897720416,1.0534,False,False
mp-769550,Li2Mn5(FeO6)2,42,11.10294131186159,Monoclinic,-1.9556049729200877,0.035171608333318005,0.3998000000000004,False,False
mp-769597,Li2CoGe3O8,56,9.80679756147762,Cubic,-2.105510020654762,0.013278495535717028,2.4709,False,False
mp-769617,Li2VCrO4,24,9.406835458161408,Triclinic,-2.43104627875,0.02015516895833347,1.2694,False,False
mp-769620,Li2VCrO4,24,9.402682082657495,Triclinic,-2.4392219362500005,0.011979511458332759,1.9324999999999997,False,False
mp-769631,Li2Mn3NiO8,14,10.21127272234481,Trigonal,-1.933180654318555,0.01747268535714319,0.5476000000000001,False,False
mp-769635,Li2VCrO4,24,9.413984831811486,Triclinic,-2.431138037083333,0.020063410625000166,1.3192,False,False
mp-769636,Li2Cu2(SO4)3,76,12.408036697212733,Orthorhombic,-1.7715592142982448,0.03308137842105108,0.0,False,True
mp-769653,Li2TiFe2O5,20,9.563047144483248,Triclinic,-2.3326630835000004,0.04911731349999915,1.4740000000000002,False,False
mp-769658,Li2TiFeO4,32,9.597568229378814,Monoclinic,-2.56365062375,0.04319502562499533,0.8561000000000001,False,False
mp-770175,Li2Mn3FeO8,28,10.187298629030215,Hexagonal,-1.962827313604269,0.04853280672617544,0.0,False,True
mp-770191,Li2V2(SO4)3,76,12.943925182325593,Orthorhombic,-2.1500046382456146,0.046455135886422916,3.4617999999999998,False,False
mp-770199,Li2CoSn3(PO4)6,36,13.061080555603128,Trigonal,-2.391588839431217,0.04691622953703778,0.0,False,True
mp-770383,Li2Cr2(SO4)3,38,12.64608415914013,Monoclinic,-2.083754239166666,0.04884403287594452,2.2954,False,False
mp-770390,Li2Cr4O13,76,15.614383067066097,Monoclinic,-1.7304895108771932,0.023441563719297065,1.5539,False,False
mp-770410,Li2Cr2(SO4)3,76,13.19114040745416,Orthorhombic,-2.0868305983771935,0.04576767366541734,2.5069999999999997,False,False
mp-770477,Li2CuAsCO7,24,12.168454661519783,Monoclinic,-1.748669122013889,0.04356025805555053,0.12069999999999992,False,False
mp-770534,Li2Mn3O7,24,9.757942270839324,Triclinic,-2.011608467954981,0.013383061006948083,1.3963999999999999,False,False
mp-770588,Li2FeH4(SO5)2,38,10.245261139850077,Triclinic,-1.8017507508771937,0.048862017105257394,4.236700000000001,False,False
mp-770598,Li2CoH8(CO5)2,46,8.838872335950423,Monoclinic,-1.5909393807246377,0.02536786195651164,3.0362,False,False
mp-770624,Li2CoPO4F,72,10.507513160566667,Orthorhombic,-2.5231364825066134,0.04991024486111062,2.9606000000000003,False,False
mp-770627,Li2MnFeO4,16,9.516411227373803,Orthorhombic,-2.0211628018247136,0.03124055406249937,0.17870000000000008,False,False
mp-770628,Li2CrO3,24,8.83218457582419,Monoclinic,-2.234609702777778,0.02170414458333436,0.0,False,True
mp-770629,Li2AlFeO4,32,10.456382718630605,Orthorhombic,-2.4871787420833327,0.033761349375000194,3.0927000000000002,False,False
mp-770678,Li2Cr2O7,44,12.112519988685058,Monoclinic,-1.8718963865151517,0.023877214212120634,2.4367,False,False
mp-770704,Li2AlFeO4,32,11.332084775180242,Monoclinic,-2.488014498645833,0.03292559281250007,3.0421,False,False
mp-770707,Li2AlFeO4,32,11.030832724394774,Orthorhombic,-2.488819323333333,0.03212076812499998,3.0695000000000006,False,False
mp-770709,RbLi2Fe2(BO3)3,34,12.580887968607463,Monoclinic,-2.3915042298039215,0.024596515980391587,2.3855,False,False
mp-770733,Li2AlFeO4,32,11.2732054786814,Orthorhombic,-2.4878525792708333,0.03308751218749961,3.0507,False,False
mp-770764,Li2Fe(BO2)5,72,11.203086937567848,Monoclinic,-2.644180773888889,0.019535402638894972,3.0402,False,False
mp-770772,NaLi2FePCO7,26,11.133050012421482,Monoclinic,-2.3212324225145258,0.02570140153846001,3.9699,False,False
mp-770851,Li2TiNi2O5,20,9.01077376872226,Monoclinic,-2.2287190685,0.047687693499993244,2.1103,False,False
mp-770852,Li2TiNi2O5,20,9.056017996362192,Monoclinic,-2.2369224489999993,0.039484312999993776,2.0374000000000003,False,False
mp-770853,Li2CoPO4F,72,10.357071883737024,Orthorhombic,-2.5370522027843916,0.035994524583332854,2.6148000000000002,False,False
mp-770856,Li2MnCrO4,64,9.420621952963023,Triclinic,-2.2603897708872127,0.0238561378125004,0.6476999999999999,False,False
mp-770862,Li2Cr2O7,44,13.046324888261022,Triclinic,-1.858383299696969,0.037390301030303164,2.4529,False,False
mp-770894,Li2CrPO4F,72,10.72744801287135,Orthorhombic,-2.6891856058399477,0.013983521736099291,2.2453,False,False
mp-770949,Li2VPCO7,24,11.441572222508869,Monoclinic,-2.4739373742757937,0.013545932604165145,2.2484,False,False
mp-770967,Li2MnP2O7,48,12.402553913937856,Monoclinic,-2.6646778276152845,0.00656666437497222,4.0774,False,False
mp-770972,Li2Ni3BiO8,56,10.738894148015833,Cubic,-1.3546826724404764,0.01156141250000342,0.32699999999999996,False,False
mp-770997,Li2HfO3,6,10.085103100610128,Monoclinic,-3.159298665277776,0.011109663333335185,4.1189,False,False
mp-771003,NaLi2MnPCO7,26,11.579577683172849,Triclinic,-2.4063933462015283,0.025948528717966823,3.5916,False,False
mp-771007,NaLi2FePCO7,52,11.21120572744632,Triclinic,-2.3105122878991406,0.03642153615384469,3.835,False,False
mp-771016,Li2FeBO4,32,11.19859502575502,Monoclinic,-2.313577470416666,0.0369681728125002,2.395,False,False
mp-771027,Li2FeAsCO7,48,12.34344850384803,Monoclinic,-1.9527329968055553,0.026211699999994842,2.1987,False,False
mp-771039,NaLi2MnPCO7,26,11.500915641580814,Triclinic,-2.3912686515861434,0.04107322333335173,3.4761,False,False
mp-771076,Li2Ti3VO8,28,10.73690890254447,Hexagonal,-3.074562339761904,0.037150200535730704,0.25680000000000014,False,False
mp-771112,Li2Mn3NiO8,56,10.150981183969902,Cubic,-1.9506533396756975,0.0,1.3205,True,False
mp-771151,Li2MnAsCO7,48,12.388939428142775,Monoclinic,-2.0141254676748095,0.026254811597210548,0.7415000000000002,False,False
mp-771159,Li2V3WO8,28,11.436895162150552,Trigonal,-2.4239996254761897,0.0005850828571478672,1.5147000000000004,False,False
mp-771575,Li2TiMn3O8,28,10.40967514283382,Orthorhombic,-2.382050965628079,0.026799954642864776,0.7279,False,False
mp-771658,Li2NiH12(SO7)2,62,9.429223204606627,Monoclinic,-1.560249456344086,0.0453213330645168,4.8361,False,False
mp-771704,Li2Cr3SbO8,28,10.622921249578836,Hexagonal,-2.318546847261904,0.007521525714285104,1.9309000000000003,False,False
mp-771708,Li2Ni3SbO8,28,10.091577736048006,Hexagonal,-1.5247786676190478,0.029557892499996186,0.0,False,True
mp-771712,Li2Fe3SbO8,28,10.911548016502508,Hexagonal,-1.9291776447619051,0.0,1.8902,True,False
mp-771776,Li2Cr3NiO8,14,9.666847056329685,Trigonal,-2.019459474047618,0.04605280833333314,0.4205000000000001,False,False
mp-771836,Li2ScFe(SiO3)4,20,11.147053870684646,Monoclinic,-3.0459465405833344,0.008767615291661812,2.9333000000000005,False,False
mp-771895,Li2Ni3WO8,28,10.252891145210368,Hexagonal,-1.6670057511904761,0.03255441821428473,0.0,False,True
mp-771918,Li2MnPO4F,72,10.791621352497664,Monoclinic,-2.7247066358878396,0.029435256527779785,3.5992999999999995,False,False
mp-771953,Li2NbNi3O8,28,10.291559971141139,Hexagonal,-1.7757593465476194,0.04356199807142502,0.0,False,True
mp-771959,Li2Mn3WO8,28,10.499875635574693,Hexagonal,-2.152717911818555,0.048671843214286525,0.0,False,True
mp-771960,Li2Ni3TeO8,28,10.257742922068633,Hexagonal,-1.517521372738095,0.012020001785714385,0.0,False,True
mp-771971,Li2Mn3NiO8,28,9.961615041725924,Hexagonal,-1.903497037532841,0.04715630214285671,1.0297,False,False
mp-772049,Li2Ti2O5,36,13.83751163343898,Orthorhombic,-3.120236325092593,0.03708509444444097,3.7603999999999997,False,False
mp-772073,Li2Nb4O11,34,12.647899090038841,Monoclinic,-2.913297645980392,0.04348333676470695,2.5441,False,False
mp-772115,Li2Cr3(CoO6)2,76,13.966717830076055,Orthorhombic,-1.7578217362719304,0.002351124802629556,1.9332000000000003,False,False
mp-772133,Li2VAsCO7,48,12.315193104365136,Monoclinic,-2.1283700182638885,0.04141836216666395,2.0674,False,False
mp-772134,Li2Cr3Ni(SO4)6,36,12.74614161669263,Triclinic,-1.9985507694907412,0.0279509003472187,0.5190999999999999,False,False
mp-772151,Li2Ti4O9,30,10.061168588955939,Trigonal,-3.2841991766666676,0.013415855833333268,2.8924,False,False
mp-1235059,LiO8,9,11.296489368340296,Monoclinic,-0.4270690881481482,0.0,0.0,True,True
mp-1235089,LiTi4O8,13,11.666424343314846,Monoclinic,-3.332484099743589,0.0345778584615406,0.0,False,True
mp-1235138,Rb2LiPr2(WO4)4,25,14.451159250569697,Triclinic,-2.5841367992666666,0.03083418583332609,2.2714000000000003,False,False
mp-1235185,LiO8,9,11.157112173110658,Monoclinic,-0.4217075570370368,0.00536153111111215,0.0,False,True
mp-1235226,LiVFe(P2O7)2,21,12.875906074677749,Triclinic,-2.546587445328798,0.027297968095195024,1.5996,False,False
mp-1235252,LiO8,9,12.462113168880911,Monoclinic,-0.41782946370370333,0.009239624444445482,0.48340000000000005,False,False
mp-1235295,LiVFe(P2O7)2,21,12.826325707334185,Triclinic,-2.5525062019954654,0.02137921142852761,1.6635,False,False
mp-1235333,LiTi8O16,25,10.744120725604539,Triclinic,-3.3940175328,0.0407213024000086,0.0,False,True
mp-1235348,LiV6O15,22,12.46507116138227,Monoclinic,-2.307886444015152,0.044545075909097065,0.4986999999999999,False,False
mp-1235362,LiTi4O8,13,11.412723951167465,Monoclinic,-3.3185740935897434,0.048487864615385234,0.0,False,True
mp-1235368,LiMn2Fe2(PO4)4,25,11.905577227139297,Monoclinic,-2.4090773159106744,0.04353635929999644,0.0,False,True
mp-1235457,Rb2LiNd2(WO4)4,25,14.470147747851506,Triclinic,-2.5789399705333333,0.048302310776188406,1.9255999999999998,False,False
mp-1235477,Rb2LiNd2(WO4)4,25,14.304011847608773,Triclinic,-2.591263523333333,0.03597875797618855,2.2845000000000004,False,False
mp-1235516,LiY5(MoO6)2,20,13.146180508943857,Monoclinic,-3.2209348896666676,0.04385044120312109,0.1155999999999997,False,False
mp-1235553,Ba2LiEu(CuO2)4,16,13.907086636377908,Triclinic,-1.9519192223958335,0.027637014062500853,0.0,False,True
mp-1235612,LiSm4(Mo2O7)2,23,13.114871209864292,Triclinic,-2.8260895062318845,0.01009569885092887,1.5364999999999993,False,False
mp-1235619,LiMn2P2(H2O5)2,19,10.337974454748563,Triclinic,-2.1408512986042694,0.02046000802631376,0.7675999999999998,False,False
mp-1235763,Rb2Li(TcO4)2,13,19.021438606369877,Triclinic,-2.0912501583333327,0.016191571813187977,0.005800000000000027,False,False
mp-1235802,LiEr2Tl2(WO4)4,25,13.631957241173929,Triclinic,-2.4504957864000003,0.04524731165833984,1.9454000000000002,False,False
mp-1235807,Rb2Li(TcO4)2,13,18.6123723331491,Monoclinic,-2.0822489267948723,0.025192803351648863,0.06010000000000004,False,False
mp-1235847,LiVFe(P2O7)2,21,12.744639752391546,Triclinic,-2.559250214376417,0.01463519904757593,1.5870000000000002,False,False
mp-1236127,LiO8,9,13.085693507612673,Triclinic,-0.4113611992592594,0.01570788888888952,0.08889999999999999,False,False
mp-1236154,LiV4O10,15,18.57100152726466,Triclinic,-2.337486830222223,0.04453588433333522,1.2247000000000001,False,False
mp-1236208,LiSm4(Mo2O7)2,23,13.140885303650345,Trigonal,-2.79449765057971,0.041687554503102575,1.5385,False,False
mp-1236612,Rb2LiPr2(WO4)4,25,14.604527899520608,Triclinic,-2.573634490466667,0.04133649463332567,1.9318,False,False
mp-1247560,LiVPO4F,64,13.838410151247242,Monoclinic,-2.802961444747025,0.034706170312500007,1.9749,False,False
mp-1247728,LiV2FeO7,132,12.473072987600489,Monoclinic,-2.232389034848485,0.009941988409086555,2.2984,False,False
mp-1247735,LiCr2(PO4)3,36,12.239762699208894,Monoclinic,-2.464936310958993,0.03477595972221703,0.06880000000000008,False,False
mp-1259488,LiFe(SiO3)2,40,14.519891311174627,Orthorhombic,-2.7312981765833344,0.034484612166664874,3.2173000000000003,False,False
mp-1263751,LiFeSi3O8,52,13.081596003773873,Monoclinic,-2.840777587371794,0.042016406410256835,3.1168000000000005,False,False
mp-1265272,LiMgAl3(SO4)6,70,12.247421108444396,Triclinic,-2.3362951593809522,0.01088115303571957,5.8981,False,False
mp-1266318,LiFe(SiO3)2,80,13.088173334281072,Orthorhombic,-2.7376602190833337,0.028122569666665598,3.0363,False,False
mp-1272804,LiMn2O4,14,10.618483105397704,Orthorhombic,-2.0681063427421997,0.0,0.42689999999999984,True,False
mp-1273137,LiV3O4,16,9.936962435370942,Monoclinic,-2.2865593154166675,0.016392744479166055,0.06700000000000017,False,False
mp-1273274,LiNi3O4,16,9.067309843578995,Monoclinic,-1.3549585010416667,0.003079798541667067,0.10050000000000026,False,False
mp-1273466,LiNiO2,32,8.549117033091242,Orthorhombic,-1.4583306314583337,0.03966066770833354,0.0,False,True
mp-1273482,LiNiO2,32,8.549700334119352,Monoclinic,-1.4606319411458335,0.03735935802083379,0.0,False,True
mp-1273834,Li(CoO2)2,14,9.946236551936769,Monoclinic,-1.457144359761904,0.04933403267857095,0.9786999999999999,False,False
mp-1273900,LiCo(CO3)2,40,9.60033723831683,Triclinic,-1.7464610713333335,0.03970758295833221,0.0,False,True
mp-1274433,LiV3O4,16,9.810224970426992,Monoclinic,-2.2847912416666674,0.018160818229166154,0.3733000000000004,False,False
mp-1274978,LiNbFeO4,28,12.251557949225619,Orthorhombic,-2.4503343836904756,0.04540951035714258,1.6567,False,False
mp-1274983,LiMn2O3F,28,11.296407270882197,Monoclinic,-2.3106304763136296,0.03199668455357951,0.7336,False,False
mp-1275142,LiMn2O3F,28,11.266340584105134,Monoclinic,-2.3113528430993435,0.031274317767865156,1.0508999999999997,False,False
mp-1275497,LiCo3NiO8,26,10.84035927625072,Monoclinic,-1.2238279187179477,0.024526580288455335,0.2097,False,False
mp-1275540,LiMnO2,32,9.367281425734356,Triclinic,-2.113506532191092,0.04636343187500103,0.0,False,True
mp-1275794,LiFe2OF3,14,12.113314540529313,Trigonal,-2.4029077826190472,0.03453563999999787,2.9945,False,False
mp-1275948,LiNi3O4,16,9.043836136019623,Orthorhombic,-1.351354603541667,0.006683696041666742,0.0,False,True
mp-1275975,LiV3O4,16,9.94590069135342,Tetragonal,-2.2750933897916674,0.027858670104166094,0.32860000000000067,False,False
mp-1276026,LiVO2,16,9.391516982343292,Monoclinic,-2.483221481458334,0.01055956062499952,1.6942999999999997,False,False
mp-1277483,LiLa4CoO8,56,13.281309114032215,Orthorhombic,-3.226707183452381,0.04057340785713848,1.237,False,False
mp-1278550,LiV3O4,16,10.01613902028013,Monoclinic,-2.284585810416667,0.01836624947916654,0.0,False,True
mp-1279659,LiCo(CO3)2,40,9.533001799115116,Triclinic,-1.7581531428333341,0.028015511458331588,0.0,False,True
mp-1280709,LiV3Zn2O8,28,10.774014585701888,Monoclinic,-2.3199964495238103,0.0,1.5006999999999997,True,False
mp-1281247,LiMn4O8,13,11.20116486314642,Monoclinic,-1.9273210526967284,0.030077929173078388,0.17879999999999985,False,False
mp-1281748,LiNiO2,16,8.598712504992728,Orthorhombic,-1.4758337708333338,0.02215752833333351,0.0,False,True
mp-1281785,LiNiO2,16,8.627192115901595,Monoclinic,-1.4743685658333332,0.02362273333333409,0.0,False,True
mp-1282711,LiCo(CO3)2,40,9.658757984902751,Trigonal,-1.759157667083334,0.027010987208331727,0.0,False,True
mp-1282881,Li(CoO2)4,26,10.754893476609006,Monoclinic,-1.292840721025641,0.01330887182691498,1.1762000000000001,False,False
mp-1283531,LiVO2,8,9.314859917024188,Tetragonal,-2.4701892433333343,0.02359179874999917,0.6681999999999997,False,False
mp-1284451,LiMn3O4,16,10.545237082652372,Monoclinic,-2.0472931096408047,0.048926755625000595,0.0,False,True
mp-1284778,LiMnO2,32,9.390083025157717,Triclinic,-2.115988743128593,0.04388122093750013,0.0,False,True
mp-1285020,LiCoAsO4,28,11.117319461878234,Triclinic,-1.8063811169047628,0.018864763690479514,2.2016999999999998,False,False
mp-1285961,Li(CoO2)3,20,10.490999813069504,Monoclinic,-1.3490072603333332,0.02725741237499868,1.0357999999999998,False,False
mp-1285988,LiV3O4,16,9.99002076649291,Triclinic,-2.287102911041668,0.015849148854165662,0.2220999999999993,False,False
mp-1287495,LiNiO2,16,8.507703002186233,Monoclinic,-1.4633222364583336,0.0346690627083337,0.0,False,True
mp-1287546,LiMnCo3O8,26,10.82709200243609,Monoclinic,-1.4583605639434132,0.024297428525638765,0.7955999999999999,False,False
mp-1288099,LiMnO2,16,9.340026239704917,Orthorhombic,-2.1389714221910925,0.02089854187500073,0.4942000000000002,False,False
mp-1288227,LiV2O4,14,10.846769496408948,Orthorhombic,-2.507835831904763,0.01287099821428761,0.6926000000000001,False,False
mp-1288374,LiV3O4,16,9.915560177095339,Orthorhombic,-2.283764467916667,0.01918759197916664,0.4256000000000002,False,False
mp-1290247,Li(CoO2)4,26,10.735543859557115,Monoclinic,-1.289614062179487,0.016535530673069232,1.1774,False,False
mp-1290445,Na2Li(NiO2)3,12,9.803959602596116,Triclinic,-1.3712264471743303,0.016858561527782534,0.22540000000000004,False,False
mp-1290585,LiVOF2,20,11.526486282037329,Triclinic,-2.9628412556666683,0.02281401574999009,1.9785000000000001,False,False
mp-1290806,LiTiNiO4,14,10.400304741291071,Monoclinic,-2.342190586666667,0.04616325176348823,0.6869000000000001,False,False
mp-1290989,LiV3Zn2O8,28,10.78277197940369,Triclinic,-2.315471248452382,0.00452520107141563,1.1698,False,False
mp-1291335,LiFeBO3,36,10.189809731063708,Monoclinic,-2.326494315694445,0.005646302222221955,3.2068000000000003,False,False
mp-1291590,LiMn3O4,16,10.527864256839157,Triclinic,-2.046289298390805,0.04993056687500008,0.08599999999999985,False,False
mp-1291653,LiCo5O7F,28,10.1337670886972,Monoclinic,-1.4935634120238106,0.046492111530612945,0.6257999999999999,False,False
mp-1295192,LiMn(CO3)2,40,9.83041839259013,Triclinic,-1.9842330658764382,0.0,0.9213999999999998,True,False
mp-1296423,LiMnCo3O8,26,10.717545721596526,Monoclinic,-1.4596493381741824,0.023008654294869757,0.8042,False,False
mp-1298536,LiFe2O3,12,9.96002377818983,Monoclinic,-1.7631188913888884,0.02734540291666665,1.6018,False,False
mp-1298961,LiLa4CoO8,56,13.258199036547031,Orthorhombic,-3.226868643630953,0.04041194767856737,1.2603999999999997,False,False
mp-1299391,LiAlVO4,14,10.01356032468144,Monoclinic,-2.805474823333334,0.04526492964286444,1.7526000000000002,False,False
mp-1299546,LiNiO2,32,8.546263648483757,Monoclinic,-1.4580042552083334,0.03998704395833386,0.0,False,True
mp-1301164,LiCo3NiO8,26,10.799738025962533,Monoclinic,-1.220046264871794,0.02830823413460859,0.11359999999999992,False,False
mp-1301329,LiTiMnO4,28,10.970636072437694,Monoclinic,-2.730021838513959,0.019573659285709866,1.5162,False,False
mp-1302478,LiV3Zn2O8,28,10.795304273301513,Monoclinic,-2.31965543452381,0.0003410149999867329,1.2586,False,False
mp-1303262,LiMnO2,32,9.348249309231075,Triclinic,-2.1133385362535932,0.04653142781249997,0.0,False,True
mp-1303296,LiNbFeO4,28,12.16481161527894,Orthorhombic,-2.456033660833332,0.03971023321428646,2.1653000000000002,False,False
mp-1303340,LiMnCo3O8,26,11.019507133467041,Monoclinic,-1.4353231200972592,0.04733487237179279,0.7829000000000002,False,False
mp-1303576,LiCo(CO3)2,40,11.923976924248024,Triclinic,-1.7434503373333334,0.04271831695833228,0.9369000000000001,False,False
mp-1303832,LiV3Zn2O8,28,10.784514854773906,Monoclinic,-2.318190333095238,0.0018061164285585463,1.2309999999999999,False,False
mp-1305171,LiMn(CO3)2,40,9.811234395984796,Triclinic,-1.9810565281264374,0.0031765377499866077,1.1284999999999998,False,False
mp-1305316,LiFe(PO3)3,14,15.640207386868067,Trigonal,-2.519382250161565,0.034602553928571034,4.1560999999999995,False,False
mp-1306620,LiNbFeO4,28,12.241328379098716,Monoclinic,-2.4546634779761902,0.04108041607142887,1.7464,False,False
mp-1306886,Li(CoO2)4,26,10.116790759427879,Monoclinic,-1.2584620883333337,0.04768750451922177,1.1016000000000001,False,False
mp-1307265,LiV3OF11,32,14.298348487218414,Triclinic,-2.975146463958333,0.03500755066406036,1.8749,False,False
mp-1307826,Li(CoO2)3,20,10.45352344978181,Monoclinic,-1.339025491833334,0.03723918087499811,0.7074,False,False
mp-1309364,LiFe2O3,12,9.969108694703015,Monoclinic,-1.7475255963888887,0.04293869791666616,1.63,False,False
mp-1310345,LiCo3NiO8,26,10.855242133626607,Triclinic,-1.2193385264102568,0.029015972596146078,0.46609999999999996,False,False
mp-1311636,LiV3Zn2O8,28,10.801541013996417,Triclinic,-2.315042295952381,0.004954153571415709,1.0554000000000001,False,False
mp-1311873,LiMnO2,32,9.406696387516867,Triclinic,-2.1099045650035926,0.04996539906250064,0.8029999999999999,False,False
mp-1312869,LiCrCoO4,14,10.200152463343667,Triclinic,-1.8708879961904756,0.03816644240079192,9.999999999998899e-05,False,False
mp-1313454,LiMnCo3O8,26,10.882305910130414,Monoclinic,-1.4532527704818752,0.029405221987176766,1.0232,False,False
mp-1314136,LiMnCo3O8,26,11.027010654249748,Triclinic,-1.443260284328029,0.03939770814102239,1.3092,False,False
mp-1314210,Li(NiO2)2,14,9.210751355268737,Orthorhombic,-1.2163243440476188,6.878767857187995e-05,0.12990000000000013,False,False
mp-1318786,LiCo3NiO8,26,10.845255424224872,Monoclinic,-1.2196724052564112,0.028682093749991644,0.5293000000000001,False,False
mp-1367343,LiTi2O4,28,10.209212301674073,Orthorhombic,-3.2021060632142855,0.0441043289285723,0.0,False,True
mp-1377260,Li(CoO2)2,56,9.363271775006217,Tetragonal,-1.46037545797619,0.04610293446428493,0.0,False,True
mp-1404711,LiCoO2,16,8.68668611323527,Trigonal,-1.7000694295833343,0.04559034124999961,1.9959999999999996,False,False
mp-1517013,NaLi(WO3)4,18,12.532161448795385,Orthorhombic,-2.170353649706257,0.04465365651881115,0.0,False,True
mp-705367,LiV4P7O24,72,12.714804263330445,Triclinic,-2.6588585425231477,0.03064004944442722,1.9612,False,False
mp-705372,LiCo(PO3)5,88,14.112950280486475,Monoclinic,-2.3362865868885283,0.04458467234848662,0.014900000000000024,False,False
mp-705376,LiFe5(P2O7)4,84,13.21238099609242,Triclinic,-2.3937200390589575,0.04287414299603398,1.0594000000000001,False,False
mp-705884,LiFePHO5,36,10.106465552154084,Triclinic,-2.2375727857473544,0.002035459166668474,2.327,False,False
mp-709066,Rb4LiH3(SO4)4,112,16.082447352517807,Tetragonal,-2.0442951510565477,0.0010295781249993752,5.0068,False,False
mp-709186,K4LiH3(SO4)4,112,14.631515824797864,Tetragonal,-2.0419844825386906,0.0007510860267858632,5.394,False,False
mp-709885,Rb4LiH3(SO4)4,112,16.228475710711145,Monoclinic,-2.0227178289136902,0.02260690026785639,4.0899,False,False
mp-720554,LiPH4NO3F,44,9.252721908117742,Monoclinic,-1.767021102088744,0.01366800723484829,5.104100000000001,False,False
mp-721067,LiCaP3H8O13,52,10.633953564374318,Triclinic,-2.1267462829716117,0.035634863461525335,5.2237,False,False
mp-723426,NaLiP2(H4O5)2,132,10.295466460182183,Trigonal,-1.8937556714696218,0.03386146007575963,5.129099999999999,False,False
mp-725121,K3LiMn4(MoO4)6,76,16.813727119673587,Trigonal,-2.143332453994934,0.0,3.0348,True,False
mp-729006,LiLa(MoO4)2,96,14.749107339438496,Orthorhombic,-2.534886955069446,0.008190204444444404,3.7483999999999997,False,False
mp-729135,LiCo(PO3)4,72,12.203991960527077,Monoclinic,-2.393650153300265,0.0350534558333333,0.13600000000000012,False,False
mp-730585,LiBH2OF4,72,10.01097276356954,Orthorhombic,-2.583052676805555,0.01171426865740699,7.129,False,False
mp-735483,Na3LiMo2(H6O7)2,64,11.080695783780536,Trigonal,-1.665262489920977,0.008728226875000189,4.6221,False,False
mp-738389,Rb4Li(SO4)4,100,18.712770845265307,Tetragonal,-1.9929408501333326,0.04781399330000102,0.0,False,True
mp-740710,Na2LiP3H8O13,54,11.09756651782635,Triclinic,-2.0310104398155753,0.03332314101852063,5.0012,False,False
mp-740714,LiB5H2O9,68,10.41253496823539,Monoclinic,-2.5712875568627465,0.0,6.0817,True,False
mp-740717,LiH4SNO4,88,9.272882967979392,Monoclinic,-1.443089968371212,0.004437605113636778,5.2707,False,False
mp-752421,Na5LiCo2P2(CO7)2,52,11.889811485870183,Monoclinic,-2.2327163465198305,0.012793575865383211,2.6602000000000006,False,False
mp-752431,LiVPO4,28,10.597315807377196,Orthorhombic,-2.621742527210884,0.020640287142884794,2.5717999999999996,False,False
mp-752433,LiLa3Ti4O12,20,12.146047405059063,Monoclinic,-3.5655037400833343,0.02872535756250727,0.0,False,True
mp-752490,LiVFe(P2O7)2,42,12.65932239439994,Triclinic,-2.5682291362811793,0.005656277142813693,1.6782,False,False
mp-752501,LiSiBiO4,28,13.261664327624386,Orthorhombic,-2.5046636636904758,0.041154447738096955,3.0338999999999996,False,False
mp-752528,LiP2WO7,22,13.21838169629663,Monoclinic,-2.516418642965368,0.015295144886364298,3.7304000000000004,False,False
mp-752531,Li(NiO2)2,14,9.508864558645167,Orthorhombic,-1.1730156176190474,0.043377514107143966,0.0,False,True
mp-752540,LiMn(CO3)2,40,12.433708676123123,Monoclinic,-1.940791399876438,0.04390509649998631,1.6734,False,False
mp-752611,LiNbTe2WO12,17,12.317472001242862,Triclinic,-1.9914027056862744,0.02375345684873853,1.8301999999999996,False,False
mp-752617,LiFe(SiO3)2,10,14.128176323510843,Orthorhombic,-2.746548358333334,0.01923443041666495,3.0234,False,False
mp-752635,Li(CoO2)3,10,9.643493257386556,Monoclinic,-1.3672647343333337,0.00899993837499835,0.0,False,True
mp-752638,LiCuCO3,24,10.512889361532238,Orthorhombic,-1.6839977563888897,0.04318522416666504,2.4586,False,False
mp-752723,LiVH2OF5,20,11.792957047239286,Monoclinic,-2.5295829895833335,0.0317818761875035,1.9578,False,False
mp-752778,CsLiMnP3HO10,68,15.460642761965516,Monoclinic,-2.4936586302116535,0.04867522977940375,1.7609999999999997,False,False
mp-752850,LiNiO2,16,8.311394735642082,Monoclinic,-1.487490075208333,0.010501223958334194,0.0,False,True
mp-752885,LiVOF3,24,11.151662956837713,Triclinic,-2.949711009305556,0.0426819012500097,1.2543,False,False
mp-752891,LiTi3O6,20,10.833281395887274,Orthorhombic,-3.2842299243333337,0.04053398575000955,0.0,False,True
mp-752899,LiMn(PO3)3,56,15.981587156044016,Trigonal,-2.597946474656638,0.035836773392829535,3.9618999999999995,False,False
mp-752921,LiMn4O8,13,11.275750926530792,Monoclinic,-1.9142605257736507,0.04313845609615541,0.5066000000000002,False,False
mp-752999,LiFeCo3O8,13,10.7764217465624,Trigonal,-1.3539666264102561,0.03298530509614572,0.3771,False,False
mp-753011,LiMnPO4,14,13.132775400013369,Tetragonal,-2.6141394929867476,0.019289240357136528,3.5997999999999997,False,False
mp-753051,LiCrPHO5,18,9.405690475033715,Triclinic,-2.438222418247354,0.0,1.7705000000000002,True,False
mp-753087,LiVP2(HO4)2,28,10.626073077027831,Orthorhombic,-2.4134334046513604,0.0032371988644648297,1.9417999999999997,False,False
mp-753103,LiCo(CO3)2,20,9.537867422773264,Trigonal,-1.7661323068333339,0.020036347458331605,0.0,False,True
mp-753144,LiMn2O2F3,16,11.512046360357434,Monoclinic,-2.5409742792744243,0.04600400458333542,1.2784,False,False
mp-753147,LiV(PO3)3,28,11.951076496911124,Triclinic,-2.6131584530187077,0.0425064788979439,1.4381000000000004,False,False
mp-753151,LiVCoO4,14,11.197468864011695,Orthorhombic,-2.11914724547619,0.011242294560439348,1.9367,False,False
mp-753180,LiP2WO7,22,12.270457985271959,Triclinic,-2.484585409329004,0.04712837852272855,3.4961,False,False
mp-753201,LiV2H4(OF5)2,19,12.645314800620012,Triclinic,-2.4238104746491236,0.03229301587719213,1.0103000000000002,False,False
mp-753227,LiCrO2,16,9.318656292206477,Hexagonal,-2.374578680208333,0.03404317312500016,2.9621000000000004,False,False
mp-753228,LiMn3O6,10,11.359415498708476,Monoclinic,-1.9617821557126434,0.03607814350832772,0.9631000000000003,False,False
mp-753239,LiSnPHO5,18,12.201097063964937,Triclinic,-2.240177631580688,0.04874012106481729,2.3396,False,False
mp-753259,LiCo(CO3)2,40,11.974225157807922,Monoclinic,-1.7506636753333347,0.035504978958330824,0.3558,False,False
mp-753327,LiSiBiO4,28,12.954634715966474,Orthorhombic,-2.5252663454761906,0.02055176595238173,3.3908,False,False
mp-753341,LiMn3(OF3)2,24,11.459082699426828,Monoclinic,-2.641776542677203,0.022251508472223236,0.8258999999999999,False,False
mp-753344,LiNi6O7,28,8.779146504853175,Triclinic,-1.2812803755952384,0.01677806702380824,0.0,False,True
mp-753353,Sr4LiCu(CO5)2,18,12.81533423784608,Tetragonal,-2.526757375185186,0.0,1.0264000000000002,True,False
mp-753362,LiFeSiO4,28,12.812634886819353,Orthorhombic,-2.5148879479761894,0.03358831714285948,2.8739999999999997,False,False
mp-753374,LiVSiO4,28,10.1293406359122,Orthorhombic,-2.8301384283333326,0.013857958303564288,2.1713999999999998,False,False
mp-753403,LiCu2(CO3)2,22,12.4959064205015,Triclinic,-1.5706338998484854,0.025262265909089976,0.0,False,True
mp-753408,KLiCoO2,10,13.31139233817224,Monoclinic,-1.5843800291166672,0.009855603562498594,1.7016,False,False
mp-753415,LiFe2(PO4)2,26,14.11579825380888,Monoclinic,-2.3706766640476187,0.049999325576924214,1.4168000000000003,False,False
mp-753425,LiCuCO3,12,12.156118121018016,Orthorhombic,-1.6802986963888895,0.04688428416666479,1.7011,False,False
mp-753431,LiMn2O2F3,16,11.294071181131539,Monoclinic,-2.548330136149424,0.03864814770833558,0.7375999999999999,False,False
mp-753432,LiMnFeO4,14,10.613687413681266,Orthorhombic,-1.9407857487520528,0.007291860714284226,0.6196999999999999,False,False
mp-753433,SrLiLa3MnO8,56,13.397232210832003,Orthorhombic,-3.2090488190188844,0.020087179497027208,1.6632999999999996,False,False
mp-753447,LiMn(SiO3)2,20,10.978675037030394,Monoclinic,-2.8085874446264376,0.03783304273470378,0.6123000000000003,False,False
mp-753451,LiFe2P2HO8,28,12.991660226616991,Triclinic,-2.2864857259906453,0.02652021946429084,3.8901000000000003,False,False
mp-753554,LiCoPO4,28,15.552186881400498,Hexagonal,-2.3548493107823125,0.0492406374999943,2.9865,False,False
mp-753559,LiNiOF,16,9.102237965567761,Tetragonal,-2.1516805202083344,0.039559856875000854,2.243,False,False
mp-753560,LiVPHO5,36,10.240888418931466,Triclinic,-2.4903931990806885,0.0,1.9686999999999997,True,False
mp-753562,LiCo2(PO4)2,26,13.364023784024253,Monoclinic,-2.2256456394322344,0.047645323076924484,0.005400000000000071,False,False
mp-753612,LiMn2O2F3,16,12.356735042021393,Orthorhombic,-2.558074872399425,0.028903411458334638,0.6333,False,False
mp-753613,LiMnPO4,28,16.47352739119145,Hexagonal,-2.5885863065581765,0.04484242678570727,3.6121999999999996,False,False
mp-753631,LiAlVO4,28,9.99069023396412,Orthorhombic,-2.809097857976191,0.0416418950000077,1.7215000000000003,False,False
mp-753639,LiTiPCO7,22,12.54821691596649,Monoclinic,-2.658894087846319,0.03890172363636779,2.7399999999999998,False,False
mp-753644,LiVSiO4,28,9.47170903778675,Orthorhombic,-2.8002005122619047,0.043795874374993105,0.8512999999999993,False,False
mp-753684,LiFe(SiO3)2,20,16.225463986680914,Triclinic,-2.7275754148333333,0.03820737391666551,3.0559000000000003,False,False
mp-753697,LiFeBO3,24,11.587528195485207,Monoclinic,-2.2825214658333337,0.04961915208333245,2.7733999999999996,False,False
mp-753702,LiVSiO4,28,10.171288841137537,Orthorhombic,-2.839018775119048,0.0049776115178499225,2.0535000000000005,False,False
mp-753719,SrLiNb2O6F,11,14.257940229145346,Tetragonal,-3.191889638939394,0.03249809727268804,1.7698999999999998,False,False
mp-753729,LiMnVP2(HO5)2,17,10.625798048010763,Triclinic,-2.332317458414711,0.039394968129093044,1.0308000000000002,False,False
mp-753767,LiMnBO3,24,10.679584453024953,Triclinic,-2.5082231184051715,0.006736496250002055,2.8469,False,False
mp-753779,LiMn2(PO4)2,26,11.732789866777674,Monoclinic,-2.537934068729316,0.007935958653848552,0.0,False,True
mp-753804,LiCo2(PO4)2,13,13.902132723255594,Monoclinic,-2.234346248663004,0.0389447138461545,0.5239,False,False
mp-753805,LiVPCO7,44,12.626601592337295,Monoclinic,-2.378122645952381,0.04338029954545508,1.4824,False,False
mp-753835,LiMn2O3F,28,11.233793254498197,Orthorhombic,-2.3179942063136303,0.024632954553578834,1.1058,False,False
mp-753843,LiNi2(PO4)2,26,10.809633138297405,Monoclinic,-2.170040676355311,0.047716301730767796,0.0,False,True
mp-753845,LiCuO2,16,11.453727803244092,Triclinic,-1.4131226914583332,0.03745871937499956,0.2729999999999999,False,False
mp-753848,Li(CuO)3,14,10.280887233618218,Tetragonal,-1.1124665361904766,0.04039339821428811,0.0,False,True
mp-753865,LiVP2HO7,48,11.12492850075862,Triclinic,-2.4623045736557536,0.04495290137820884,2.6279,False,False
mp-753869,LiV2(PO4)2,26,11.403649009880372,Monoclinic,-2.6566835590476194,0.014024001084814941,0.5545000000000004,False,False
mp-753871,LiV2(PO4)2,26,11.090309063958026,Orthorhombic,-2.626767276739927,0.043940283392506885,0.0,False,True
mp-753899,LiFe(CO3)2,40,9.143098097201467,Trigonal,-1.9144250328333334,0.0,2.1191999999999998,True,False
mp-753902,LiFeBO3,12,10.342017649106653,Triclinic,-2.329483669583334,0.0026569483333327426,3.5155999999999996,False,False
mp-753909,LiV(CO3)2,40,10.376881469275702,Monoclinic,-2.104707588083334,0.03635523924999973,2.04,False,False
mp-753924,LiCo2(PO4)2,26,13.370381945861471,Monoclinic,-2.230112094047619,0.04317886846153929,0.33609999999999995,False,False
mp-753926,LiVCoO4,14,10.446705187173105,Orthorhombic,-2.1208165983333336,0.009572941703296145,1.5911,False,False
mp-753934,LiLa4CoO8,56,13.21257876659412,Tetragonal,-3.2307117739880957,0.03656881732142381,1.4673999999999996,False,False
mp-753984,LiMnCoO4,14,10.076765802971309,Orthorhombic,-1.7857876823234824,0.029435061388876527,0.0,False,True
mp-754033,LiMn2(PO4)2,26,13.69788836865703,Monoclinic,-2.497412933344701,0.04845709403846321,0.0,False,True
mp-754080,LiV3Zn2O8,14,10.746170074281734,Trigonal,-2.2913176980952383,0.02867875142855869,0.0,False,True
mp-754133,LiCrBO3,36,10.305026595871022,Hexagonal,-2.444927581250001,0.0498942693055513,1.4489999999999998,False,False
mp-754162,LiGdO2,16,13.580352463217205,Monoclinic,-3.201050415833336,0.012791336874997228,3.0625999999999998,False,False
mp-754170,LiCoP2O7,22,11.429757876376867,Triclinic,-2.339841529783549,0.04541204674242749,1.1067999999999998,False,False
mp-754204,LiGdO2,8,13.59072311832355,Tetragonal,-3.1733347670833343,0.0405069856249991,3.1304999999999996,False,False
mp-754206,LiBi3(ClO2)2,20,18.805950496233997,Orthorhombic,-1.6849622638333344,0.02326612808333639,2.7135000000000002,False,False
mp-754235,LiMnP2HO7,48,11.19891641236246,Triclinic,-2.4521730405666733,0.027115932083328964,3.7928,False,False
mp-754237,LiTmO2,8,11.954584335992648,Tetragonal,-3.3490706883333345,0.00019347562500016124,4.3152,False,False
mp-754339,LiSbTe2WO12,17,12.016933992208541,Triclinic,-1.729649354509804,0.040831310318626635,1.8125,False,False
mp-754346,SrLiLa3MnO8,14,13.348786860616366,Orthorhombic,-3.203038486161741,0.026097512354169794,1.5871000000000004,False,False
mp-754378,LiV3O4,16,9.683482047924302,Orthorhombic,-2.288864624166667,0.014087435729166486,0.0,False,True
mp-754427,LiFe3(OF3)2,24,11.348750250719085,Monoclinic,-2.467506870277777,0.01240559541666375,1.9676000000000002,False,False
mp-754428,Na5LiMn2P2(CO7)2,52,12.224540105599713,Triclinic,-2.3669844586683726,0.01109338525642567,3.2957,False,False
mp-754499,LiMnCSO7,22,13.66009660300054,Monoclinic,-1.9809660089785799,0.04633608700757996,1.2825,False,False
mp-754509,LiCoNiO4,14,9.334971812787979,Orthorhombic,-1.3700531340476192,0.0,0.0,True,True
mp-754519,LiNb(TeO4)3,17,12.147457384981736,Triclinic,-1.7953732219607839,0.01997600824579937,1.5556,False,False
mp-754522,LiVCoO4,28,11.331200784014426,Orthorhombic,-2.0846372476190473,0.04575229241758194,2.1929,False,False
mp-754568,Na5LiMn2P2(CO7)2,26,12.307283270410116,Monoclinic,-2.369287569052987,0.008790274871811832,3.3952,False,False
mp-754605,LiLuO2,8,11.55695016633743,Tetragonal,-3.38577283375,0.0,4.5008,True,False
mp-754656,LiMnO2,4,9.184634511652082,Monoclinic,-2.159869964066093,0.0,1.1872999999999996,True,False
mp-754728,LiScVO4,28,11.475746987917304,Orthorhombic,-2.9921709040476188,0.04074483589285727,1.3262999999999998,False,False
mp-754793,LiCoPHO5,18,9.173068922855787,Triclinic,-2.064567898802911,0.03125441555555497,2.1142,False,False
mp-754807,LiFeSbO4,28,11.85927747563745,Tetragonal,-1.9496061154761901,0.0022759496428452763,1.2033000000000005,False,False
mp-754813,LiFe2OF3,28,12.124128260414865,Orthorhombic,-2.3915995565476185,0.04584386607142665,2.3114999999999997,False,False
mp-754842,LiFeSiO4,14,12.745217280449314,Monoclinic,-2.515435684761904,0.03304058035714519,0.0,False,True
mp-754849,LiV4O5F7,17,12.278632438609703,Triclinic,-2.8024239807843143,0.04548677267972945,0.8641,False,False
mp-754937,LiTi3O6,10,10.545457934554003,Monoclinic,-3.291512927333333,0.03325098275001004,0.0,False,True
mp-754977,LiFeO2,8,9.662082792436292,Hexagonal,-1.9061695495833328,0.03876719812499996,1.7748999999999997,False,False
mp-755045,Li(NiO2)2,14,9.71783289527653,Triclinic,-1.1827365997619046,0.03365653196428653,0.4230999999999998,False,False
mp-755270,LiCrP2HO7,24,11.536702109074135,Triclinic,-2.424457104489086,0.03494989971726614,2.9568,False,False
mp-755271,LiNiBO3,36,9.60887555847285,Hexagonal,-2.216087830138889,0.02737696236110665,3.0096,False,False
mp-755275,LiFeNiO4,14,10.141155721912437,Orthorhombic,-1.4364215861904768,0.04173173850243472,0.0,False,True
mp-755327,LiCr3(FeO4)2,14,10.912360471068125,Trigonal,-2.1241155623809527,0.018947510714282245,1.3003,False,False
mp-755339,LiMn2P2HO8,28,11.854138334690086,Monoclinic,-2.4328000446236513,0.036997299732133726,3.418,False,False
mp-755386,Li(CoO2)2,28,9.863018606877768,Orthorhombic,-1.4778078851190475,0.028670507321427507,0.0,False,True
mp-755468,LiMnP2(HO4)2,56,10.630591406120653,Orthorhombic,-2.296222867182149,0.011244359940471682,1.0886,False,False
mp-755477,LiMnPHO5,36,10.059294394698586,Triclinic,-2.3190956177396913,0.0006044875462976051,1.0004000000000002,False,False
mp-755485,LiMnPO4,28,17.21381722743455,Orthorhombic,-2.585306701558175,0.04812203178570851,3.4347,False,False
mp-755531,LiVP4(H2O7)2,48,10.706674683346735,Triclinic,-2.305218696954365,0.03388165479166805,2.1292,False,False
mp-755562,LiMnO2,16,9.77695196661388,Monoclinic,-2.1243801603160932,0.03548980374999999,0.9007000000000001,False,False
mp-755618,LiVP4(H2O7)2,24,11.651620940460994,Triclinic,-2.3237067248710317,0.015393626875001232,2.2388000000000003,False,False
mp-755625,LiVNiO4,14,10.940921263926782,Orthorhombic,-2.103868048333333,0.008291844999998688,0.49160000000000004,False,False
mp-755701,LiMnSbO4,28,12.198274579019776,Tetragonal,-2.099758429109196,0.0,1.3797000000000001,True,False
mp-755703,LiSbO2,8,15.529537642152338,Monoclinic,-1.9541586061458327,0.03866165218749984,2.0381,False,False
mp-755707,K3LiTi7O16,27,13.598210470122721,Triclinic,-3.2432186562376537,0.003254682361097494,2.8255999999999997,False,False
mp-755709,LiFeO2,16,9.018166201815449,Cubic,-1.943657715833333,0.0012790318749997809,1.6166999999999998,False,False
mp-755827,LiV3O8,24,12.68082695032197,Monoclinic,-2.310817972361112,0.03609337666667045,1.8409,False,False
mp-755843,LiFe2OF5,18,11.535372852870545,Monoclinic,-2.5668030875925925,0.03128871160493496,2.2705,False,False
mp-755862,LiMnCo3O8,26,10.996691116509814,Monoclinic,-1.4497221731741825,0.03293581929486944,1.2513,False,False
mp-755891,CsLiH4SO5,12,13.200093652542266,Monoclinic,-1.6907098150407087,0.04750246558332272,4.507499999999999,False,False
mp-755916,LiMn(PO3)3,28,11.813452769918813,Triclinic,-2.5883014267994957,0.04548182124997169,4.4927,False,False
mp-755934,LiMnSnO4,14,12.039939763714939,Orthorhombic,-2.135656558037766,0.0017614235714304982,1.0382000000000002,False,False
mp-755956,LiNi3O4,16,8.6641143932489,Orthorhombic,-1.3458402179166669,0.012198081666666916,0.0,False,True
mp-755965,LiTiFeO4,28,10.871588735864844,Orthorhombic,-2.6175385659523807,0.02351350479592007,1.3314000000000004,False,False
mp-755968,Na5LiFe2P2(CO7)2,26,12.040125866263098,Monoclinic,-2.2840783149813686,0.009503854423075886,3.5831,False,False
mp-756035,LiTi4O8,13,11.169131193379638,Monoclinic,-3.317378679743589,0.04968327846153997,0.0,False,True
mp-756037,LiMnCo3O8,26,10.74372670908485,Trigonal,-1.4631656724049515,0.019492320064100177,0.0,False,True
mp-756046,LiFeBO3,36,10.482025241477137,Hexagonal,-2.2845043881944442,0.04763622972222237,2.6311,False,False
mp-756170,Sr3LiTa4(O6F)2,22,13.704643711320749,Trigonal,-3.4438430846666677,0.03804013238786652,0.0,False,True
mp-756188,LiCu3O4,16,9.819641452166213,Monoclinic,-1.1505724860416668,0.04611569062499932,0.0,False,True
mp-756201,LiVFeO4,14,11.591981995553043,Orthorhombic,-2.2103885561904764,0.014798152410717691,2.2008,False,False
mp-756203,Li(WO3)2,18,12.11752313669769,Orthorhombic,-2.1909256753703708,0.03704523097222712,0.0,False,True
mp-756218,LiVCrO4,14,9.972191331751418,Orthorhombic,-2.460201116904763,0.0005200259821478426,1.1529999999999996,False,False
mp-756221,K2LiFeO3,28,15.38637479031638,Orthorhombic,-1.746968267190476,0.027620603333332383,2.0402,False,False
mp-756254,LiNiSbO4,28,11.596949240882685,Orthorhombic,-1.8821763740476196,0.0,1.5918999999999999,True,False
mp-756257,LiV4CuO12,18,13.742034569333885,Monoclinic,-2.0843625407407407,0.04364892003472054,0.38710000000000006,False,False
mp-756275,LiTiCrO4,28,10.715125459099111,Orthorhombic,-2.8864166684523807,0.0,1.6508999999999996,True,False
mp-756295,LiVAsCO7,44,14.35183908187646,Monoclinic,-2.022574075075758,0.04985753545454319,1.9692,False,False
mp-756311,LiFeSnO4,28,11.976116934830257,Orthorhombic,-2.013281224404761,0.0014347419642870562,1.6326999999999998,False,False
mp-756333,LiFe2P2HO8,28,11.66543726591255,Monoclinic,-2.2776255734906448,0.035380371964291335,3.5894000000000004,False,False
mp-756362,LiCrO2,16,8.7556237861732,Cubic,-2.4070661877083337,0.001555665624999314,3.0591000000000004,False,False
mp-756366,LiMnNiO4,14,9.987947900599725,Orthorhombic,-1.7064839194663395,0.0,0.19090000000000007,True,False
mp-756371,LiMn2O4,14,10.459228350445878,Trigonal,-2.0218396470279134,0.04626669571428632,0.2907000000000002,False,False
mp-756415,LiNbFeO4,28,11.871344119826363,Tetragonal,-2.4957438940476186,0.0,2.1149000000000004,True,False
mp-756446,LiNiO2,20,8.613961064758989,Triclinic,-1.4675106808333331,0.03048061833333371,0.0,False,True
mp-756475,LiMnO2,40,9.510036419930199,Triclinic,-2.1100580948160923,0.04981186925000003,0.8066,False,False
mp-756497,LiFeO2,20,9.49607640372589,Triclinic,-1.9175608363333325,0.027375911374999617,1.4355000000000002,False,False
mp-756502,LiV(TeO4)3,17,12.623568066995562,Monoclinic,-1.6311366090196078,0.030792497573530753,1.4234999999999998,False,False
mp-756504,LiMn3CrO8,13,10.994694172331807,Trigonal,-2.021911351317418,0.018381067564103404,1.1147999999999998,False,False
mp-756507,LiFePHO5,18,10.163312481817874,Triclinic,-2.239608244914022,0.0,4.432116111185991e-05,True,True
mp-756519,Li(ReO3)4,17,12.415845435635687,Orthorhombic,-2.1237572872549038,0.03184856446079287,0.0,False,True
mp-756529,LiMnPCO7,22,12.605624452466758,Triclinic,-2.1900268832642933,0.01922003184343879,0.9189,False,False
mp-756531,LiNd6(CuO6)2,21,13.950092558091672,Monoclinic,-3.0535684137301593,0.025656944035711504,0.0,False,True
mp-756544,LiLaO2,16,15.304444455382734,Monoclinic,-3.1810686583333334,0.014486134062499545,3.5436000000000005,False,False
mp-756548,LiV5(BO5)2,36,10.13395139458885,Orthorhombic,-2.5373866623148142,0.021503986177670242,0.0,False,True
mp-756557,LiY4Ti4(S2O5)2,23,14.676397415127287,Monoclinic,-3.190923624637682,0.020244042913043714,0.0,False,True
mp-756613,LiNbTe2WO12,17,12.314213620023729,Triclinic,-1.988481568627451,0.026674593907562105,1.7579000000000002,False,False
mp-756620,LiNiBO3,24,9.643147507717336,Monoclinic,-2.201304787500001,0.04216000499999417,3.2699999999999996,False,False
mp-756648,LiNdO2,16,14.581800626923364,Monoclinic,-3.1253456564583324,0.011220649687498252,3.611,False,False
mp-756664,LiFeBO3,36,10.186069002971104,Hexagonal,-2.326425081805556,0.005715536111110531,2.8956999999999997,False,False
mp-756734,Na2LiMnPCO7,26,12.045992886113993,Triclinic,-2.3776347206666033,0.01853113358976266,3.3857999999999997,False,False
mp-756747,LiMnO2,24,9.37652191708768,Triclinic,-2.127784483232759,0.03208548083333351,0.022699999999999942,False,False
mp-756773,Li(CoO2)2,14,9.579970990879186,Trigonal,-1.463757071904762,0.04272132053571376,0.5920000000000001,False,False
mp-756797,LiNiSnO4,14,11.383464695127996,Orthorhombic,-1.7523396919047625,0.006895322440476193,0.34620000000000006,False,False
mp-756823,LiMg2Mn3O8,14,10.666138889615372,Trigonal,-2.309574234794746,0.024940516160714132,0.0,False,True
mp-756854,Sr2LiNb3O10,16,13.626723116159482,Monoclinic,-3.1368711920833343,0.042790213906258145,1.7679,False,False
mp-756858,LiV3O8,24,12.083643903019974,Monoclinic,-2.3184465502777782,0.028464798750004405,1.7675,False,False
mp-756861,LiLa4Ti3O12,20,12.441629732401157,Triclinic,-3.6487660511666666,0.0306488670000018,0.0,False,True
mp-756864,LiCrSnO4,28,11.255436351375037,Orthorhombic,-2.279595191904762,0.0,2.3777,True,False
mp-756865,LiCrPO4,28,10.86284723368295,Orthorhombic,-2.5491806682823133,0.0222095088392793,2.4892000000000003,False,False
mp-756943,LiVNiO4,14,10.265458415654896,Orthorhombic,-2.1110403397619057,0.0011195535714270122,2.5579,False,False
mp-756958,LiFePO4,28,13.186873240476643,Monoclinic,-2.471676515425169,0.008219499285714527,3.5818,False,False
mp-757027,LiFePO4,28,12.981975447023157,Orthorhombic,-2.4639693268537406,0.01592668785714224,3.5233,False,False
mp-757037,LiFeSi3O8,26,12.815999424167446,Triclinic,-2.84630608602564,0.03648790775641064,3.3579,False,False
mp-757038,LiSiBiO4,28,12.743257640963654,Orthorhombic,-2.518143309761905,0.02767480166666747,3.6391999999999998,False,False
mp-757063,LiNi2O3,24,8.52130341990779,Monoclinic,-1.4028505926388892,0.0018387068055574218,0.0,False,True
mp-757073,Ba4LiY2Cu5O14,26,13.860425224201228,Monoclinic,-2.258967747435897,0.02414033295405993,0.0,False,True
mp-757096,LiCrPO4,84,12.243103307107782,Monoclinic,-2.52639610840136,0.04499406872023215,3.0056,False,False
mp-757097,LiFePO4,56,12.818507077935944,Orthorhombic,-2.465972641853741,0.013923372857142624,3.523,False,False
mp-757158,LiTa3O8,48,12.565170839003647,Orthorhombic,-3.213355904819444,0.0410387427083343,2.2078,False,False
mp-757168,LiP4WO13,38,15.116489366786578,Triclinic,-2.519142074837093,0.0066763400438674125,2.0451,False,False
mp-757231,LiMn2P2HO8,28,13.424660502668184,Triclinic,-2.432383750695081,0.037413593660704514,3.3759,False,False
mp-757306,LiCu(PO3)4,36,13.669208632487338,Monoclinic,-2.3293605795502645,0.01599767907406502,0.5950000000000001,False,False
mp-757307,LiV(SiO3)2,30,11.14947203448211,Triclinic,-2.945193912333335,0.029251357374999287,2.0452999999999997,False,False
mp-757319,LiVPO4,84,10.610419105206173,Orthorhombic,-2.6325407855442173,0.009842028809551095,2.6677,False,False
mp-757358,LiMnPO5,32,10.608951216133036,Monoclinic,-2.3485437748009037,0.025899476597227356,1.2614999999999998,False,False
mp-757359,LiFe2(PO4)2,26,14.30525888243108,Monoclinic,-2.380744783278388,0.039931206346154546,1.5209000000000001,False,False
mp-757374,LiTi3V(PO4)6,35,13.242145155920383,Trigonal,-2.8839434828911563,0.014664702642862792,1.2412999999999998,False,False
mp-757406,LiFePO4,28,12.868418509323233,Orthorhombic,-2.4344094618537406,0.04548655285714265,3.4944,False,False
mp-757419,LiTi(SiO3)2,80,10.623125339692661,Orthorhombic,-3.1297535340416673,0.038861226991670605,0.17879999999999985,False,False
mp-757434,LiSi6Bi9O26,42,13.763633780730423,Trigonal,-2.374117398888891,0.038561432579362176,2.8648,False,False
mp-757447,LiFeSiO4,28,13.75727103152317,Cubic,-2.5042313936904756,0.04424487142857281,3.1533,False,False
mp-757449,LiFe(SiO3)2,80,10.702547316723772,Orthorhombic,-2.7554032543333333,0.010379534416665948,2.7455,False,False
mp-757527,LiTi6O12,38,10.982414151843697,Monoclinic,-3.3717571991228077,0.03982902026315038,0.0,False,True
mp-757577,LiPWO5,32,12.095527763497909,Triclinic,-2.4723497009970252,0.021436351249995766,2.2083,False,False
mp-757580,LiP4WO12,36,13.402144848156802,Monoclinic,-2.51548890010582,0.024236221249998913,4.1522,False,False
mp-757596,LiFeSi3O8,26,12.99512423903059,Triclinic,-2.8333885717948712,0.049405421987179565,3.1603999999999997,False,False
mp-757604,LiCr(SiO3)2,80,10.49597570411821,Orthorhombic,-2.923718253083332,0.006938639666667967,3.1566,False,False
mp-757610,LiP(WO4)2,48,13.773690262327323,Monoclinic,-2.3563397375396824,0.03908383208333355,1.8364,False,False
mp-757614,LiFeO2,8,9.012489634994983,Orthorhombic,-1.9449367477083328,0.0,1.6202000000000005,True,False
mp-757615,LiP2WO7,44,11.801167193602272,Monoclinic,-2.4838883797835494,0.04782540806818236,3.9162000000000003,False,False
mp-757620,LiVOF3,24,10.665354411296542,Monoclinic,-2.9647348572222234,0.027658053333342814,1.8346999999999998,False,False
mp-757630,LiCoPO4,84,12.335323284587503,Monoclinic,-2.3593782430442167,0.04471170523809054,3.0892,False,False
mp-757672,LiCoPO4,28,12.543686217467927,Orthorhombic,-2.3585993529251703,0.045490595357136954,2.7779999999999996,False,False
mp-757681,LiNiPO4,28,12.248612343919367,Orthorhombic,-2.3299546122108845,0.03509353499999879,3.3735,False,False
mp-757720,LiV(CO3)2,40,12.713269315862297,Tetragonal,-2.1097569158333336,0.03130591149999873,1.897,False,False
mp-757758,LiTi3Nb(PO4)6,35,13.623563564545423,Trigonal,-2.9800119068911566,0.012087736571441354,2.5172999999999996,False,False
mp-757759,LiMnPO5,32,10.44992877551558,Triclinic,-2.3370662788634036,0.03737697253472749,0.3419000000000003,False,False
mp-757764,LiMnPO5,32,10.720713933789774,Monoclinic,-2.326246262300903,0.04819698909722803,0.0,False,True
mp-757777,LiSiBi3O7,24,13.893147554695766,Hexagonal,-2.1275447244444456,0.04156884680555617,2.9754000000000005,False,False
mp-757803,LiTi2V3O12,72,14.26130738821938,Triclinic,-2.736890009027778,0.017602541944436112,2.2849,False,False
mp-757804,LiCoPO4,28,12.61349238599362,Orthorhombic,-2.398611155782313,0.005478792499993723,3.1147,False,False
mp-757809,LiMnPO4,168,11.620885555635587,Hexagonal,-2.5856422588200796,0.04778647452380369,3.4096,False,False
mp-757813,LiCoSbO4,28,11.552086258688606,Tetragonal,-1.878950433690477,0.01487695428571989,1.4278999999999997,False,False
mp-757829,LiCrPO4,42,12.035274655073048,Hexagonal,-2.5252042413775513,0.04618593574404084,2.9298999999999995,False,False
mp-757842,LiVCoO4,28,10.503486523387439,Tetragonal,-2.094816608333333,0.035572931703296895,1.4663,False,False
mp-757866,LiMn(SiO3)2,80,10.632822100883235,Orthorhombic,-2.8096728130014377,0.036747674359703275,0.08639999999999981,False,False
mp-757874,LiSiBiO4,56,13.132364968583564,Orthorhombic,-2.518751875297619,0.02706623613095349,3.0288,False,False
mp-757890,LiSiBiO4,84,12.43250739250137,Orthorhombic,-2.4987336914285727,0.047084420000000016,3.4201,False,False
mp-757902,LiCoPO4,28,12.47936011052391,Triclinic,-2.3633691397108842,0.04072080857142257,2.9087000000000005,False,False
mp-757908,LiFeP2O7,44,11.564951594270982,Monoclinic,-2.4821499827380946,0.043609396590909455,2.2834,False,False
mp-757927,LiMn3Al2(HO2)6,48,9.139665185467285,Triclinic,-2.0262436822761014,0.02250732166666669,0.0,False,True
mp-757931,LiV(PO3)3,56,15.092894822240353,Orthorhombic,-2.613703838018707,0.041961093897944224,2.5322,False,False
mp-757934,LiNiPO4,28,12.51021966809972,Monoclinic,-2.33080697292517,0.034241174285713605,3.4387,False,False
mp-757936,LiCoPO4,56,12.388755602394172,Orthorhombic,-2.39959615542517,0.004493792857136469,3.1546000000000003,False,False
mp-757951,LiP3(WO6)2,72,13.342209640794486,Monoclinic,-2.529690222208995,0.0011622812500018398,2.5949000000000004,False,False
mp-757956,LiP2WO7,11,11.793735177314108,Monoclinic,-2.490311893419913,0.04140189443181885,3.7422,False,False
mp-757970,LiNiPO4,28,10.891906248168565,Orthorhombic,-2.3202347018537415,0.04481344535714271,3.6709000000000005,False,False
mp-757973,LiP4WO12,72,14.788033706953671,Orthorhombic,-2.539725121355819,0.0,3.9179999999999997,True,False
mp-757975,LiMn2O4,14,10.699734557413011,Monoclinic,-2.018593539170772,0.04951280357142718,0.617,False,False
mp-757994,LiP4WO12,36,13.074240868270069,Triclinic,-2.5280765509391525,0.011648570416666004,4.0129,False,False
mp-757995,LiP4WO12,36,15.443693780803752,Monoclinic,-2.5082420978835978,0.031483023472221205,3.7489,False,False
mp-757999,LiV(CO3)2,40,10.024097049340245,Monoclinic,-2.0929688860833346,0.04809394124999855,1.9825000000000002,False,False
mp-758019,LiP2WO7,44,12.838765347736711,Monoclinic,-2.481785948874459,0.04992783897727282,3.5039999999999996,False,False
mp-758022,LiCoPO4,28,12.78096159553645,Monoclinic,-2.404089948282313,0.0,3.2239,True,False
mp-758086,LiSn(PO3)3,56,13.531071050921385,Orthorhombic,-2.4904585651615645,0.04659936872023529,4.1888,False,False
mp-758098,LiP3(WO6)2,36,13.825167658124698,Triclinic,-2.5308525034589957,0.0,2.7636000000000003,True,False
mp-758130,LiVP2O7,44,11.42415333825561,Monoclinic,-2.6828457616017314,0.035507948409104984,0.17749999999999977,False,False
mp-758148,LiNiPO4,56,12.176223877353712,Orthorhombic,-2.3274477879251703,0.03760035928571348,3.5117999999999996,False,False
mp-758184,LiFe(PO3)3,56,11.74373516472328,Orthorhombic,-2.548739892840137,0.005244911249999262,4.0098,False,False
mp-758231,LiMn3Al2(HO2)6,48,9.116532045498966,Triclinic,-2.0242424554011014,0.024508548541666286,0.13090000000000002,False,False
mp-758239,LiP2WO8,48,14.42496590105709,Monoclinic,-2.5137517854265874,0.04832438034722575,3.3890000000000002,False,False
mp-758241,LiCrSiO4,28,9.33658700689743,Tetragonal,-2.7396824858333337,0.04432821357142824,2.7106,False,False
mp-758248,LiCoPO4,28,12.424194761851206,Monoclinic,-2.356592409710884,0.047497538571422915,2.9506000000000006,False,False
mp-758307,LiV(PO3)3,56,11.894533265351242,Orthorhombic,-2.6370519096258502,0.018613022290801418,2.8372,False,False
mp-758328,LiMn3Al2(HO2)6,48,9.038730312229587,Triclinic,-2.023458611026101,0.02529239291666663,0.0,False,True
mp-758339,LiMn3Al2(HO2)6,48,9.076872952688515,Triclinic,-2.0271283704011016,0.021622633541666048,0.3788999999999998,False,False
mp-758346,LiMn3Al2(HO2)6,48,9.091898240468892,Triclinic,-2.0307974518594345,0.017953552083334046,0.8297999999999999,False,False
mp-758348,LiMn3Al2(HO2)6,48,8.844195400895945,Triclinic,-2.009896588109435,0.03885441583333282,0.0,False,True
mp-758351,LiP4WO12,72,13.383670889801484,Monoclinic,-2.5081642255224867,0.03156089583333266,4.1084,False,False
mp-758360,LiVP2O7,44,12.421537691722797,Monoclinic,-2.6745249143290035,0.043828795681832844,2.2423,False,False
mp-758364,LiP4WO12,36,15.310166674679841,Monoclinic,-2.5053215670502635,0.03440355430555542,1.5214000000000003,False,False
mp-758368,LiP4WO12,36,12.604226616575747,Monoclinic,-2.5309871742724863,0.008737947083332642,4.170400000000001,False,False
mp-758373,LiCoPO4,56,12.427814245800876,Orthorhombic,-2.3985886163180266,0.005501331964280709,3.1530000000000005,False,False
mp-758385,LiPWO5,32,11.965050672370081,Monoclinic,-2.4563185072470244,0.037467544999996605,2.4877,False,False
mp-758389,LiNb(TeO4)3,17,13.291599167124946,Monoclinic,-1.8023720649019603,0.012977165304623561,1.6135000000000002,False,False
mp-758390,LiNiPO4,28,9.93487378288648,Orthorhombic,-2.342996729710884,0.022051417499999282,3.6481000000000003,False,False
mp-758394,LiP3(WO6)2,36,13.848690745092624,Monoclinic,-2.524694594570107,0.006157908888889452,2.5008000000000004,False,False
mp-758410,LiP3W2O13,76,13.577524772856963,Monoclinic,-2.4774135776190476,0.04764913350876654,3.2300999999999997,False,False
mp-758416,LiP2WO7,44,12.528285722008674,Monoclinic,-2.4965635197835496,0.035150268068182555,1.5098000000000003,False,False
mp-758454,LiP4WO13,76,13.407362785107413,Orthorhombic,-2.522353976942356,0.0034644379386046253,2.5523000000000002,False,False
mp-758455,LiP3W2O13,76,15.188877371080187,Monoclinic,-2.4769334291979943,0.048129281929819356,2.8850000000000002,False,False
mp-758467,LiP4WO12,36,13.5493932273284,Monoclinic,-2.4913483237169305,0.04837679763888847,1.5051999999999999,False,False
mp-758472,LiMnCO4,28,10.540235884526528,Monoclinic,-2.05323571089491,0.01955117136904594,1.0439999999999998,False,False
mp-758499,LiFeSiO4,28,12.671416787353271,Orthorhombic,-2.520721034047618,0.027755231071431297,2.9611,False,False
mp-758506,LiFeSiO4,28,12.787470524835864,Monoclinic,-2.5271259779761897,0.021350287142859692,3.0258,False,False
mp-758507,LiFeSiO4,56,12.682024620689605,Orthorhombic,-2.515714324761904,0.03276194035714486,2.9586,False,False
mp-758562,LiFeSiO4,42,12.438371358870235,Trigonal,-2.5367672876190475,0.011708977500002327,2.6843,False,False
mp-758574,LiFeSiO4,28,12.776844472644171,Orthorhombic,-2.513495400833333,0.034980864285715896,2.963,False,False
mp-758583,LiVP2O7,44,12.904102277528539,Monoclinic,-2.678429040465368,0.03992466954546803,2.2103,False,False
mp-758612,LiMn(PO3)3,56,13.161797740773068,Triclinic,-2.593071203585209,0.040712044464258135,1.9428999999999998,False,False
mp-758624,LiCuPO4,56,12.149635035184206,Orthorhombic,-2.18618154542517,0.04928105642856817,0.0,False,True
mp-758629,LiCrCo3O8,26,10.854739102713744,Trigonal,-1.5078762929487182,0.025791755288445017,0.0,False,True
mp-772177,Li2Fe3CuO8,14,10.607070496315515,Trigonal,-1.5338653376190468,0.049116316464284715,0.0,False,True
mp-772234,NaLi2MnPCO7,52,11.264213528158798,Triclinic,-2.3875216200476825,0.04482025487181307,3.5433,False,False
mp-772240,Li2MnH4(SO5)2,38,10.20181129986962,Monoclinic,-1.8740921383998792,0.03426635605262618,4.4361999999999995,False,False
mp-772267,Li2AlFeO4,16,11.077468097262216,Monoclinic,-2.496377974583333,0.024562116874999873,3.1075,False,False
mp-772313,NaLi2MnPCO7,52,11.241523505114404,Triclinic,-2.3847346129322977,0.04760726198719745,3.4936,False,False
mp-772318,Li2Cr2O7,22,13.180105566034792,Triclinic,-1.8476339665151509,0.048139634212120974,2.4928999999999997,False,False
mp-772323,Li2Cr4O13,76,15.997819215078913,Monoclinic,-1.7298400583771922,0.02409101621929821,1.5055,False,False
mp-772333,Li2Ni3SbO8,28,9.941996467665314,Trigonal,-1.5398301869047626,0.01450637321428161,0.42289999999999983,False,False
mp-772400,Li2W(OF2)2,36,11.743197749777936,Orthorhombic,-2.7839873087962967,0.00343760923611125,4.1690000000000005,False,False
mp-772416,Li2Ti3Sn(PO4)6,36,12.804692048131354,Trigonal,-2.8937209244312165,0.002175978819444424,2.5061,False,False
mp-772420,Li2Co3SnO8,28,9.881877363207398,Hexagonal,-1.6666336751190474,0.036968742410715016,0.0,False,True
mp-772429,Li2V(BO2)5,72,11.324578149631169,Monoclinic,-2.744421657916667,0.0407926022916687,2.8421000000000003,False,False
mp-772430,Li2AlFeO4,32,10.304615403411876,Monoclinic,-2.4751743805208326,0.04576571093750026,2.1542,False,False
mp-772509,Li2NbV3O8,28,11.345847491700605,Trigonal,-2.6441810790476197,0.009065413303572356,1.1083000000000003,False,False
mp-772558,NaLi2MnPCO7,52,11.340044278602132,Triclinic,-2.3896426202399903,0.04269925467950486,3.5568,False,False
mp-772569,Li2Ni2BiO6,22,11.340333241119346,Orthorhombic,-1.4767924265151522,0.03271943382576126,0.0,False,True
mp-772578,Li2Mn3SnO8,28,10.847513877041852,Orthorhombic,-2.1019525757471262,0.003643716785720841,0.7262000000000004,False,False
mp-772588,Li2V5B3O13,46,9.805486600733044,Monoclinic,-2.6095997397463777,0.04378763293476773,1.9400999999999997,False,False
mp-772591,Li2Mn2Si2O7,52,12.236298425605781,Monoclinic,-2.6832962978868258,0.048240177564102815,2.4605,False,False
mp-772597,Li2CuNiO4,16,9.168877756348794,Monoclinic,-1.4528639895833333,0.02142236541666609,0.0,False,True
mp-772612,Li2TiCr3O8,28,10.166812428660487,Hexagonal,-2.542343447142857,0.041776418194444886,0.03410000000000002,False,False
mp-772618,NaLi2MnPCO7,52,11.297168148245895,Triclinic,-2.3898960715861435,0.042445803333351684,3.5574000000000003,False,False
mp-772651,NaLi2MnPCO7,52,11.291439989930062,Triclinic,-2.385815908893836,0.04652596602565939,3.5422,False,False
mp-772717,NaLi2FePCO7,52,11.079353768731847,Triclinic,-2.308263950014525,0.03866987403846078,3.8388,False,False
mp-772718,NaLi2FePCO7,52,11.10736195606572,Triclinic,-2.305527133091448,0.04140669096153715,3.8463000000000003,False,False
mp-772783,Li2Mg3Ti6O16,54,11.262700092879243,Monoclinic,-3.2985875965432085,0.01656225490741825,3.288,False,False
mp-772839,Li2ZnCr3(SO4)6,36,12.957827700397536,Triclinic,-2.0259546317129624,0.02696430972221897,0.7164000000000001,False,False
mp-772854,Li2NbV3O8,56,11.321730123809143,Cubic,-2.6427063751190474,0.010540117232144652,1.21,False,False
mp-772868,Li2MgCr3(SO4)6,36,12.956299520443974,Triclinic,-2.1194228712962957,0.022582782946429347,0.9556999999999998,False,False
mp-772927,NaLi2FePCO7,52,11.240349781440493,Triclinic,-2.3104188002068327,0.03651502384615313,3.9249,False,False
mp-772938,Li2Ta4O11,34,12.349779139673247,Trigonal,-3.1842546994705865,0.032188219411768415,3.4741000000000004,False,False
mp-772964,Li2Cr3SnO8,56,10.965490227200016,Cubic,-2.2498161756547614,0.030892951408737268,0.20489999999999986,False,False
mp-772967,Li2Cr3BiO8,56,11.655677270768331,Triclinic,-2.1240346608333334,0.03536556926587586,0.3616999999999999,False,False
mp-772974,Li2U(WO5)2,60,13.07933314235826,Monoclinic,-2.604790827444445,0.04045927708333252,1.2383,False,False
mp-772981,Li2Zn3(Ge3O8)2,54,10.657742643791908,Monoclinic,-2.099200858209877,0.029315650555558292,2.5146000000000006,False,False
mp-773018,Li2MgCr3Se3(SO8)3,36,13.718006188939476,Triclinic,-1.8492153972554979,0.04050328685185711,0.6478000000000002,False,False
mp-773039,Li2Ti6Zn3O16,54,11.213511636011594,Monoclinic,-3.0179365837654326,0.001448613148133937,2.849,False,False
mp-773051,Li2Mn3(SeO3)4,42,14.56158657667163,Triclinic,-1.7388128640397507,0.0,2.7672999999999996,True,False
mp-773062,Li2Mn3CuO8,56,10.35532930717807,Triclinic,-1.8603878246756989,0.013209582833331623,0.06570000000000009,False,False
mp-773082,Li2V3CrO8,56,10.705774482737933,Monoclinic,-2.4804857879761903,0.010228198526789356,1.0848,False,False
mp-773084,Ba6Li2Ti7Nb9O42,66,13.443878697945964,Monoclinic,-3.267548283636364,0.012780779909103757,0.0,False,True
mp-773087,Li2MgCu2(SiO3)4,21,10.633240914860583,Triclinic,-2.6595734491269845,0.049382347261905934,0.4535,False,False
mp-773089,K3Li2Nb6(PO8)3,38,14.729863609553098,Trigonal,-2.857350029535402,0.03265348226871723,0.0,False,True
mp-773105,Li2Zr7Fe(PO4)12,70,14.615947089024122,Triclinic,-3.0032700147482987,0.02301133742857253,0.0,False,True
mp-773118,Ba6Li2Ta9Ti7O42,66,13.341540917358802,Monoclinic,-3.410324074939395,0.006872653991319311,0.0,False,True
mp-773163,Li2Fe3SnO8,28,10.925538335933952,Hexagonal,-1.8608730969047624,0.008652488220236343,0.0,False,True
mp-773176,Li2CrAsCO7,48,12.148046444276963,Monoclinic,-2.0940265703472227,0.026140855555554232,2.96,False,False
mp-773179,Li2TiCo3O8,28,9.34194824099072,Monoclinic,-1.966310272857142,0.037415026160718234,0.0,False,True
mp-773325,Li2V3O8,52,11.220001870972823,Orthorhombic,-2.4023160945512823,0.0474509413461508,1.6301999999999999,False,False
mp-773418,Li2NiSnO4,32,9.969408338045346,Tetragonal,-1.9595862083333335,0.013450210312500488,1.4935999999999998,False,False
mp-773423,Li2V3WO8,56,11.384572903675112,Cubic,-2.419001327261905,0.005583381071433635,1.7313000000000005,False,False
mp-773456,Li2MnCr3O8,56,10.235383951162467,Cubic,-2.223047792828407,0.031337588373014924,0.0,False,True
mp-773482,Li2V3FeO8,56,10.787721330617714,Tetragonal,-2.346177711726191,0.02676905763392945,1.2138,False,False
mp-773804,Li2MnFe3O8,56,10.659571253043058,Cubic,-1.8183514267569794,0.03112325516665848,0.0,False,True
mp-774155,Li2FeO3,24,8.978486998104483,Monoclinic,-1.8779592727777779,0.0,0.0965999999999998,True,False
mp-774164,Li2V3SnO8,56,11.390023419115677,Tetragonal,-2.4091189342261905,0.020113366964285007,1.1949,False,False
mp-774192,Li2VO3,24,9.022488778104343,Triclinic,-2.477306122361112,0.022451055833339062,1.6959,False,False
mp-774276,Li2Cr3SnO8,56,11.131172071657142,Tetragonal,-2.268205161011905,0.012503966051593984,0.9318,False,False
mp-774309,Li2MnV(P2O7)2,44,12.250518133141655,Monoclinic,-2.6519405412804136,0.012413605227258984,0.36339999999999995,False,False
mp-774345,Li2Mn2(PO4)3,38,11.926055143702202,Triclinic,-2.459698747708281,0.025254914356730218,0.9609,False,False
mp-774358,Li2MnV(P2O7)2,44,12.293267616601797,Monoclinic,-2.6521945996895053,0.01215954681816811,0.47119999999999984,False,False
mp-774386,Li2Cr3P4(HO4)4,58,11.612034071181979,Monoclinic,-2.290420843973727,0.03207514862069338,2.8400000000000003,False,False
mp-774393,Li2MnFe(BO3)2,36,10.376828757838998,Monoclinic,-2.4184230521886962,0.00512706409721897,2.7044000000000006,False,False
mp-774512,Li2U(WO5)2,60,12.866686724184142,Orthorhombic,-2.626815781111111,0.018434323416666842,1.4931,False,False
mp-774554,Li2Y14Ti14(S2O5)7,79,14.898971419713758,Triclinic,-3.2333337924472567,0.010051659417721126,0.0,False,True
mp-774582,Li2Ti3MnO8,56,11.210346906602654,Cubic,-3.0663342276498358,0.02400584767856806,1.7513000000000005,False,False
mp-774583,Li2Fe3SbO8,56,11.386658456826071,Cubic,-1.9268095892261903,0.0023680555357152855,2.0734,False,False
mp-774631,Li2TiV3O8,56,10.416299390555116,Cubic,-2.6961085069642863,0.03451063910713792,0.34509999999999996,False,False
mp-774639,Li2MnSiO4,32,11.153192220208341,Orthorhombic,-2.6786572280747123,0.011427185937499473,2.8799,False,False
mp-774680,Li2Ti3NiO8,56,10.586254329710854,Hexagonal,-2.917161681369049,0.041233697142857295,2.1304000000000003,False,False
mp-774694,Li2Ni3SnO8,14,10.412485270210384,Trigonal,-1.4481788608333335,0.03963521220238242,0.0,False,True
mp-774752,Li2MgTi3O8,56,10.775466084471748,Cubic,-3.236714967440475,0.0,3.2916,True,False
mp-774760,Li2Ti3CrO8,56,10.744120181292141,Cubic,-3.0616784551190483,0.005405782827379468,0.0,False,True
mp-774781,Li2Ni2SnO6,22,10.80174958190562,Orthorhombic,-1.6286312656060602,0.035627296742424264,0.6304000000000003,False,False
mp-774797,Li2Ti3ZnO8,56,10.762361580452987,Cubic,-3.055663913869047,0.0,3.1267999999999994,True,False
mp-774798,Li2Mn3SnO8,56,11.350991697303403,Tetragonal,-2.0827941368185554,0.022802155714291672,0.6080999999999999,False,False
mp-774819,Li2Ni3SbO8,56,10.436945070542306,Cubic,-1.532780051726191,0.021556508392852614,0.22350000000000003,False,False
mp-774820,Li2Mn3CrO8,56,10.000049979334355,Cubic,-2.1051595018185543,0.042420386928579745,0.0,False,True
mp-774822,Li2Mn3CoO8,14,10.186626692629002,Trigonal,-1.9332590900328412,0.017786280714299885,0.0,False,True
mp-774832,Ba10Li2Bi4O21,74,18.049215931497223,Orthorhombic,-2.368056011801802,0.0,0.0,True,True
mp-774838,Li2Y14Ti14(S2O5)7,79,14.896203662246979,Triclinic,-3.233316367383966,0.01006908448101207,0.0,False,True
mp-774906,Li2MnNi3O8,56,9.759286157665029,Triclinic,-1.4484255656855498,0.013012959910716049,0.2229000000000001,False,False
mp-774951,Li2MnCr3O8,56,10.478872022465719,Orthorhombic,-2.224417566221265,0.029967814980157215,0.6859999999999999,False,False
mp-775011,Li2NbFe3O8,28,10.95122069227169,Hexagonal,-2.1826626711904757,0.025934929910716775,1.8009,False,False
mp-775023,Li2Fe3SnO8,28,11.376125658941364,Trigonal,-1.848115953690476,0.021409631434521792,0.0,False,True
mp-775027,Li2Mn3CoO8,14,10.214572647212892,Trigonal,-1.920574845747127,0.030470525000014348,0.6341000000000001,False,False
mp-775161,Li2Ti3VO8,56,10.9270471367896,Cubic,-3.111089365297619,0.0006231750000154079,0.5531999999999995,False,False
mp-775164,Li2NbCr3O8,56,11.084330590674764,Cubic,-2.559328634761904,0.009600973571432192,2.2504,False,False
mp-775165,Li2Mn3CuO8,56,10.137937327028506,Orthorhombic,-1.840547514497128,0.033049893011901865,0.0,False,True
mp-775166,Li2TiMn3O8,56,10.80806044709596,Triclinic,-2.3934622513423642,0.015388668928579818,0.7382,False,False
mp-775170,Li2AlCr2SbO8,84,10.294316646437542,Triclinic,-2.4990120964285722,0.009773758511903097,2.0373,False,False
mp-775189,Li2MnFe(PO4)2,84,10.961724160687789,Monoclinic,-2.5540411703964336,0.002621203630954305,4.020199999999999,False,False
mp-775194,Li2Fe3WO8,28,11.070808667800382,Orthorhombic,-1.9672440933333328,0.030262151428569695,1.2702999999999998,False,False
mp-775204,Li2V3WO8,28,10.904402621913036,Hexagonal,-2.421827291190477,0.0027574171428614846,1.4997000000000003,False,False
mp-775261,Li2MnFe(BO3)2,36,10.371066697020911,Monoclinic,-2.417982141910919,0.005567974374995899,2.7141,False,False
mp-775271,Li2Cr3WO8,28,10.5982491213102,Hexagonal,-2.3428865690476184,0.01104083642857212,2.1889,False,False
mp-775278,Li2MnV3O8,28,10.802765405110753,Trigonal,-2.4294255031855494,0.016981726696426946,1.3458,False,False
mp-775281,Li2MnFe(BO3)2,36,10.378401425595406,Monoclinic,-2.4179082596886974,0.005641856597217831,2.7149,False,False
mp-775285,Li2CoNi3O8,56,9.671771559712814,Orthorhombic,-1.2838733449404762,0.009349787946431043,0.03139999999999965,False,False
mp-775291,Li2Mn2Cr3O12,76,14.717531853677803,Orthorhombic,-1.9525065506594068,0.03903512921052954,1.7234,False,False
mp-775292,Li2V(Si2O5)3,96,12.609467631783913,Orthorhombic,-3.051494560173611,0.03126196232639167,1.9546,False,False
mp-775295,Li2MnCr3O8,14,10.423710550989908,Trigonal,-2.233557675328408,0.02082770587301397,0.0,False,True
mp-775306,Li2Ti3FeO8,56,11.02554032738457,Trigonal,-3.000462087797619,0.004141965000002301,1.9457,False,False
mp-775326,Li2Ti3NiO8,56,10.665861931424304,Cubic,-2.958395378511906,0.0,2.7066,True,False
mp-775327,Li2MnV3O8,56,10.975077837823111,Cubic,-2.437405645685549,0.009001584196425938,1.5656000000000003,False,False
mp-775328,Li2TiNi3O8,56,9.802724350850559,Orthorhombic,-1.7658573673214286,0.04050667240186456,0.6650999999999998,False,False
mp-775329,Na3Li2Fe5(SiO3)10,100,11.051002169586008,Triclinic,-2.7356672977160916,0.008298986966655875,2.7301999999999995,False,False
mp-775349,Li2Cr(Si2O5)3,96,12.8785775454092,Hexagonal,-2.990837399756945,0.039665327812500095,1.4101000000000001,False,False
mp-775393,Li2Cr3SbO8,56,11.12505425324888,Cubic,-2.32606837297619,0.0,2.8111999999999995,True,False
mp-775412,NaLi2V3O9,60,13.084395207859984,Monoclinic,-2.390861973369732,0.01969171516667423,3.0393,False,False
mp-775461,Li2V3FeO8,56,10.797651437006275,Tetragonal,-2.344080999226191,0.02886577013392877,1.1613000000000002,False,False
mp-775479,Li2Fe3CuO8,56,10.629117778388942,Cubic,-1.5404078835119037,0.04257377057142797,0.0622999999999998,False,False
mp-775484,Ba6Li2Ti16O39,63,13.063788182292182,Monoclinic,-3.4656044776984127,0.015576935396849123,2.3147,False,False
mp-775492,Li2MnV3O8,56,10.855752329961527,Orthorhombic,-2.4138911594355497,0.03251607044642668,0.9618000000000002,False,False
mp-775524,Li2V3FeO8,28,10.433407890330617,Orthorhombic,-2.335138387976191,0.037808381383928946,1.2463999999999995,False,False
mp-775564,Li2TiV3O8,56,10.812766568016224,Orthorhombic,-2.7245398344642857,0.006079311607138038,1.2315000000000005,False,False
mp-775679,Li2Mn3CrO8,56,10.4757203840152,Tetragonal,-2.143387065925697,0.004192822821437403,0.6906999999999996,False,False
mp-775742,Li2Fe3TeO8,28,11.113551085577365,Hexagonal,-1.7929600605952376,0.04216059464285582,0.06780000000000008,False,False
mp-775865,Li2Ti3MnO8,56,11.069956323245098,Cubic,-3.0903400753284083,0.0,2.3697,True,False
mp-775874,Li2Ti3FeO8,56,10.813846281061345,Hexagonal,-2.9742572933333338,0.030346759464286777,1.3264999999999998,False,False
mp-775903,Li2MnP2O7,48,12.320698086182178,Triclinic,-2.653161069281951,0.01808342270830643,3.7889,False,False
mp-775905,Li2MnP2O7,48,12.05145508265788,Monoclinic,-2.6418685940736175,0.029375897916639637,4.0492,False,False
mp-775945,Li2MnFe(PO4)2,56,10.973690104500358,Monoclinic,-2.554168678670244,0.0024936953571437215,3.6405999999999996,False,False
mp-775946,Li2MnVP2(O4F)2,48,11.462458774730122,Triclinic,-2.7340810789927126,0.026904917812499818,0.3408178584827415,False,False
mp-775972,Li2MnVP2(O4F)2,32,11.528277523276387,Triclinic,-2.7328029661802136,0.028183030624999716,0.6967056906124283,False,False
mp-776063,Li2MnPO4F,72,10.991016196263821,Orthorhombic,-2.7269831176933965,0.027158774722223278,3.0801,False,False
mp-776064,Li2VPO4F,72,10.860961645976355,Orthorhombic,-2.7454199813955023,0.01700451176440243,2.6846,False,False
mp-776085,Li2V3SnO8,28,10.578785925714056,Hexagonal,-2.3845154526190475,0.044716848571428436,0.5726000000000004,False,False
mp-776087,Li2MnVP2(O4F)2,32,11.432214422039229,Triclinic,-2.7332373521177136,0.027748644687499713,0.7482,False,False
mp-776112,Li2Fe3NiO8,56,10.435121407870238,Cubic,-1.5686779911904754,0.03577263766625549,0.0,False,True
mp-776115,Li2NbFe3O8,28,11.318818740701586,Trigonal,-2.161215765833333,0.047381835267859884,1.2802,False,False
mp-776130,Li2V5O12,76,13.995549397410427,Orthorhombic,-2.43917377745614,0.03355151342105955,0.0,False,True
mp-776146,Li2V3FeO8,56,10.676384037094532,Monoclinic,-2.340023019761905,0.03292374959821487,1.0216000000000003,False,False
mp-776285,Li2CrPCO7,48,11.225432302729041,Monoclinic,-2.4296444982341274,0.012863353020833301,2.8952999999999998,False,False
mp-776318,Li2FeNi3O8,56,9.783201687453738,Triclinic,-1.3260666802976186,0.021206547911931217,0.03180000000000005,False,False
mp-776393,Li2MnP2O7,48,11.64222378076893,Monoclinic,-2.6279468440736182,0.04329764791663848,4.0615,False,False
mp-776396,Li2MnP2O7,48,12.10089503769646,Monoclinic,-2.628943425740284,0.04230106624997276,3.1414999999999997,False,False
mp-776446,Li2MnVP2(O4F)2,48,11.476830427953985,Triclinic,-2.733105018992712,0.027880977812499985,0.5817000000000001,False,False
mp-776449,Li2MnVP2(O4F)2,32,11.374433247632652,Triclinic,-2.7305516830552135,0.03043431374999983,0.5015999999999998,False,False
mp-776451,Li2MnVP2(HO5)2,54,10.145719983818994,Triclinic,-2.403954050725005,0.030691746177237356,0.5120999999999998,False,False
mp-776477,Li2MnVP2(O4F)2,48,11.462141223321145,Triclinic,-2.732948224617713,0.028037772187500032,0.6942999999999999,False,False
mp-776480,Li2MnVP2(O4F)2,32,11.694833165720285,Triclinic,-2.7306590383677136,0.030326958437499663,0.0,False,True
mp-776481,Li2MnVP2(O4F)2,48,11.481739678835742,Triclinic,-2.7229920929510456,0.03799390385416679,0.0,False,True
mp-776482,Li2MnVP2(HO5)2,54,10.138652050373176,Triclinic,-2.4036256585027824,0.031020138399459718,0.49140000000000006,False,False
mp-776501,Li2MnVP2(O4F)2,32,11.47467054214792,Triclinic,-2.7359123533677137,0.025073643437499626,0.3185000000000002,False,False
mp-776504,Li2MnVP2(O4F)2,48,11.473693648607458,Triclinic,-2.7359723152427122,0.025013681562500167,0.07470659178353545,False,False
mp-776506,Li2MnVP2(HO5)2,54,10.269007169685077,Triclinic,-2.3990295944287086,0.03561620247353403,0.0867,False,False
mp-776553,Li2MnVP2(HO5)2,36,10.128791062619051,Triclinic,-2.4035543459101896,0.03109145099205257,0.2936000000000001,False,False
mp-776556,Li2MnVP2(HO5)2,36,10.128529091139754,Triclinic,-2.404443211187969,0.03020258571427359,0.7447999999999997,False,False
mp-776560,Li2MnVP2(O4F)2,48,11.391552730477672,Triclinic,-2.726334174617713,0.034651822187499626,0.0947,False,False
mp-776576,Li2Ti2MnCr2(PO4)6,37,12.310112095923692,Triclinic,-2.8001728564627437,0.013191622972971828,2.4354,False,False
mp-776578,Li2MnVP2(O4F)2,48,11.444889288982482,Triclinic,-2.734633598992712,0.026352397812500428,0.3107,False,False
mp-776588,Li2MnVP2(O4F)2,48,11.578067758608453,Triclinic,-2.7325919112843793,0.028394085520832668,0.07660132451233004,False,False
mp-776591,Li2MnVP2(HO5)2,54,10.123787808657747,Triclinic,-2.3954787592435234,0.03916703765871876,0.5434999999999999,False,False
mp-776741,Li2Mn3SbO8,56,11.541061674321186,Cubic,-2.07796491360427,0.0342432964285706,0.7369999999999997,False,False
mp-776769,Li2Fe2(PO4)3,38,12.458103051340757,Monoclinic,-2.3827877376629076,0.0418888391447334,0.0,False,True
mp-776870,Li2V3SnO8,28,10.935990879844079,Monoclinic,-2.4292323011904764,0.0,1.2406000000000001,True,False
mp-776874,Li2V3(FeO6)2,76,14.227058024367283,Orthorhombic,-2.1298562503508776,0.03313991710526221,0.0,False,True
mp-776995,Li2P8W3O29,84,14.912783083508776,Monoclinic,-2.4827906291383224,0.02552479515872985,2.209,False,False
mp-777396,Li2Mn3FeO8,56,10.597610195946567,Tetragonal,-2.0040345296756974,0.007325590654747138,0.8681000000000001,False,False
mp-777412,Li2VO2F,24,9.281332912691404,Monoclinic,-2.6692054356944444,0.04811374375000188,1.4806999999999997,False,False
mp-777480,Li2Ti3MnO8,56,10.947382878077892,Hexagonal,-3.0569051097926936,0.03343496553570979,1.4421999999999997,False,False
mp-777497,Li2VO2F,12,9.282561731858756,Monoclinic,-2.669844458611111,0.047474720833334594,1.0852,False,False
mp-777511,Li2MnFe(BO3)2,48,10.327138518258518,Triclinic,-2.4181251792025855,0.005424937083328807,3.0795000000000003,False,False
mp-777570,Li2MnFe(BO3)2,24,10.357177079546576,Triclinic,-2.419005170660919,0.0045449456249953,3.1508000000000003,False,False
mp-777573,Li2Fe2(SO4)3,76,12.732687755973338,Orthorhombic,-2.016949885877193,0.008113624736832747,3.8848000000000003,False,False
mp-777653,Li2Cr3FeO8,56,10.580188164437326,Triclinic,-2.1174095570833322,0.04664628799603321,0.1177999999999999,False,False
mp-777666,Li2V3CrO8,28,10.361259993342747,Monoclinic,-2.4624727269047617,0.028241259598217994,1.1225,False,False
mp-777682,Li2NbV3O8,28,10.916721057088564,Hexagonal,-2.650353332619048,0.0028931597321442126,1.4940000000000002,False,False
mp-777758,Li2MnFe(BO3)2,24,10.524462914072672,Triclinic,-2.417907892327586,0.005642223958328252,3.1309000000000005,False,False
mp-777803,Li2MnV(P2O7)2,44,12.303995914789503,Monoclinic,-2.6522898353713233,0.012064311136349204,0.28690000000000015,False,False
mp-777815,Li2MnFe(BO3)2,36,10.378961421425208,Monoclinic,-2.4182882596886963,0.005261856597218895,2.7056000000000004,False,False
mp-777817,Li2Mn2(SO4)3,76,13.126937022482457,Orthorhombic,-2.1418677259225647,0.004813057499997164,4.4361,False,False
mp-777856,Li2MnFe(BO3)2,48,10.31764043569286,Triclinic,-2.418842170452585,0.004707945833328786,3.0498000000000003,False,False
mp-777896,Li2V3NiO8,28,10.367916104089058,Trigonal,-2.289423585476191,0.04124538714285553,1.6475999999999997,False,False
mp-777904,Li2Ti3CrO8,28,10.370690237865052,Hexagonal,-3.034193229761906,0.03289100818452262,0.0,False,True
mp-777909,Li2Cr2(PO4)3,38,12.033678710946047,Monoclinic,-2.5638696971365906,0.0322571157631657,0.0,False,True
mp-777931,Li2Sn2(SO4)3,152,15.09983146448124,Orthorhombic,-1.980316683245614,0.031441868421047126,3.8156,False,False
mp-778070,Li2MnVP2(HO5)2,36,10.21077479037809,Triclinic,-2.4007464870213022,0.033899309880940365,0.4171999999999998,False,False
mp-778108,Li2MnV(P2O7)2,44,12.234762086974008,Triclinic,-2.65224276923496,0.012111377272712609,0.601,False,False
mp-778123,Li2Mn3P4(HO4)4,58,11.524217320019583,Monoclinic,-2.3257532996217662,0.028675827068962434,3.6289,False,False
mp-778184,Li2V2P7HO24,72,12.985105030502679,Monoclinic,-2.464040349872685,0.043986131296296804,1.4868000000000001,False,False
mp-778197,Li2Cr3TeO8,28,10.850633581624335,Hexagonal,-2.171037528809524,0.02293386205357173,0.0,False,True
mp-778200,Li2MnV(P2O7)2,44,12.190000458130429,Monoclinic,-2.651164406962232,0.01318973954544056,0.42820000000000014,False,False
mp-778202,Li2MnFe(BO3)2,36,10.38973093301421,Monoclinic,-2.4184117213553638,0.005138394930551016,2.6787,False,False
mp-778232,Li2V3Cr2O12,76,13.800570374272926,Orthorhombic,-2.3273413249561394,0.027379885676172222,0.0,False,True
mp-778246,Li2Mn2(PO4)3,38,12.060789868158542,Monoclinic,-2.455321072181964,0.029632589883046734,0.0,False,True
mp-778325,Li2TiV3O8,28,10.411156212936728,Monoclinic,-2.707522738214286,0.023096407857138956,1.2078000000000002,False,False
mp-778486,Li2MnV(P2O7)2,44,12.230957807199362,Triclinic,-2.6520674919622325,0.012286654545440534,0.6505000000000001,False,False
mp-778578,Li2Co2(SO4)3,76,12.32123986480835,Orthorhombic,-1.9365665931140348,0.012899810657895472,2.9645,False,False
mp-778674,Li2CrP4(H2O3)6,74,10.238800578964053,Monoclinic,-1.9560360073037326,0.033896985168911264,2.4080000000000004,False,False
mp-778728,Li2MnVP2(HO5)2,36,10.133087522159698,Triclinic,-2.404733690076856,0.029912106825386253,0.46629999999999994,False,False
mp-778744,Li2MnNi(PO4)2,28,10.682964590811176,Monoclinic,-2.494743772777387,0.004494667500000382,3.0241,False,False
mp-778815,Li2CoP2O7,48,11.859816569512928,Monoclinic,-2.513903054662698,0.014619120763867066,2.9811000000000005,False,False
mp-778841,Li2MnV(P2O7)2,66,12.311711121284999,Triclinic,-2.6523835483258704,0.01197059818180346,0.4790000000000001,False,False
mp-778864,Li2Mn3(PO4)3,40,11.311216613001173,Monoclinic,-2.5368770289694162,0.03963854550000878,0.013500000000000068,False,False
mp-779056,Li2FeP2O7,48,12.013348924305761,Monoclinic,-2.570515454246031,0.004362179305553937,3.9628,False,False
mp-779070,Li2NiP2O7,48,11.58347838098585,Monoclinic,-2.5077568242460306,0.004232519722227046,4.312200000000001,False,False
mp-779088,Li2MnV(PO4)3,38,12.176230682849624,Triclinic,-2.5897475859750667,0.021326957763160515,1.1678,False,False
mp-779305,Li2FeBO4,32,9.666984235861518,Orthorhombic,-2.3048163226041662,0.045729320625000014,2.6807999999999996,False,False
mp-779362,Li2MnFe(BO3)2,24,10.546697396134572,Triclinic,-2.417686388577586,0.005863727708327993,3.1151,False,False
mp-779418,Li2MnFe(BO3)2,36,10.39178932512538,Monoclinic,-2.418352701077586,0.005197415208328948,2.6850000000000005,False,False
mp-779443,Li2MnP2HO8,28,10.46832667201535,Monoclinic,-2.4629872128666728,0.005548779196436371,1.1661,False,False
mp-779444,Li2MnFe(BO3)2,24,10.457482591776307,Triclinic,-2.4178602081609193,0.005689908124995036,3.148,False,False
mp-779471,Li2MnFe(BO3)2,24,10.545845184028325,Triclinic,-2.4183195323275846,0.00523058395832976,3.0889,False,False
mp-779885,Li2MnV(P2O7)2,44,12.257037161478449,Monoclinic,-2.652929194462232,0.011424952045440584,0.28559999999999985,False,False
mp-779890,Li2MnFe(BO3)2,36,10.378599056117032,Monoclinic,-2.4181497152442524,0.005400401041662839,2.7177000000000007,False,False
mp-780102,Li2Mn3(BO3)3,34,11.014994919492358,Triclinic,-2.462590013703516,0.04486356352941279,0.17900000000000005,False,False
mp-780135,Li2Mn3(BO3)3,34,11.08786417366099,Triclinic,-2.46159901193881,0.045854565294119354,0.0,False,True
mp-780190,Li2Cr3(NiO6)2,76,13.692223977733363,Orthorhombic,-1.7356143860087725,0.004565447324560878,2.4448999999999996,False,False
mp-780202,Li2FeO2F,24,8.926708300551782,Orthorhombic,-2.3166791448611104,0.03474383833333494,1.6583999999999999,False,False
mp-780300,Li2VP4(H2O3)6,74,10.274251857219076,Monoclinic,-1.976670450817246,0.029240368123117477,2.6006,False,False
mp-780329,Li2MnV(P2O7)2,44,12.215981519972564,Triclinic,-2.6519107767349595,0.012443369772713098,0.4272999999999998,False,False
mp-780483,Li2MnFe(BO3)2,36,10.377023674410204,Monoclinic,-2.4190880082998083,0.004462107986106467,2.6393999999999997,False,False
mp-780497,Li2MnFe(BO3)2,36,10.37972868916147,Monoclinic,-2.4184819144109193,0.005068201874995459,2.6795999999999998,False,False
mp-780499,Li2MnFe(BO3)2,24,10.49240021107357,Triclinic,-2.417736865660918,0.005813250624996158,3.0423999999999998,False,False
mp-780583,Li2MnFe(BO3)2,24,10.484935130119693,Triclinic,-2.418061565244251,0.0054885510416626815,3.0729999999999995,False,False
mp-780594,Li2Fe(SO4)2,104,11.645849768006975,Orthorhombic,-2.0945472244551278,0.0075716631730724515,4.5495,False,False
mp-780666,Li2MnSiO4,32,11.094456055464327,Orthorhombic,-2.6793094540122127,0.010774959999999112,2.8823999999999996,False,False
mp-780694,Li2Mn(PO3)4,76,13.540983875289788,Monoclinic,-2.633050490035218,0.018875927850888985,4.1741,False,False
mp-780709,Li2MnSiO4,32,11.266900926035056,Orthorhombic,-2.680500501824712,0.009583912187499877,2.9646999999999997,False,False
mp-780736,Li2VP2HO8,56,11.274796445895225,Triclinic,-2.5451132571215984,0.041074399124569005,2.3775,False,False
mp-780778,Li2Mn7(P2O7)4,90,12.013118039491737,Orthorhombic,-2.5909124100961494,0.01460246344445082,3.2243000000000004,False,False
mp-780857,Li2VOF4,16,12.022872863033092,Orthorhombic,-3.031692705208333,0.003700841250010356,1.6283,False,False
mp-780897,Li2Mn2P4H6O17,62,9.980583468842882,Triclinic,-2.18936479285807,0.02526637029571166,0.8574,False,False
mp-782667,Li2MnSiO4,32,11.218239195149923,Monoclinic,-2.6452486140122122,0.04483579999999954,2.7851000000000004,False,False
mp-783909,Li2MnSiO4,32,11.265031357031908,Monoclinic,-2.6811892902622123,0.008895123749999456,2.8790999999999998,False,False
mp-831190,Li2V2P2(H4O5)3,66,8.855346771786142,Monoclinic,-1.903390251392497,0.036825581439401844,2.33,False,False
mp-831245,Li2MnSiO4,32,11.154359489347303,Monoclinic,-2.6847457390122127,0.005338674999999071,1.9572000000000003,False,False
mp-831264,Li2VPO4F,72,10.703008208146677,Monoclinic,-2.7273575798677245,0.035066913292180146,1.2128000000000005,False,False
mp-849240,Li2Fe3P4(HO4)4,58,11.236735245098917,Monoclinic,-2.2187670086288986,0.021336940862074272,3.9236999999999997,False,False
mp-849317,Li2V2(PO4)3,76,11.981303837506776,Monoclinic,-2.6957382420050124,0.0015366469956212825,1.1137,False,False
mp-849334,Li2Fe2(PO4)3,76,12.258139568830208,Orthorhombic,-2.4020891327944867,0.022587444013153934,0.0,False,True
mp-849336,Li2V3P4(HO4)4,58,11.42017309431314,Monoclinic,-2.343245681215107,0.037139978081890845,2.3911999999999995,False,False
mp-849420,Li2Mn3CuO8,14,10.271930737703512,Trigonal,-1.8323071593185563,0.041290248190473555,0.0,False,True
mp-849423,Li2MnVP2(HO5)2,54,10.169083203170585,Triclinic,-2.4037294659101893,0.03091633099205282,0.5207999999999999,False,False
mp-849445,Li2MnVP2(HO5)2,36,10.102792810804402,Triclinic,-2.4181548764657443,0.016490920436497802,0.06059999999999999,False,False
mp-849523,Li2MnVP2(HO5)2,54,10.145875009876116,Triclinic,-2.404884945354634,0.02976085154760888,0.7122000000000002,False,False
mp-849539,Li2MnVP2(HO5)2,36,10.293595260177744,Triclinic,-2.4003119670213002,0.0343338298809428,0.4617,False,False
mp-849542,Li2MnVP2(HO5)2,36,10.318381822751654,Triclinic,-2.3978773084101905,0.03676848849205161,0.5762,False,False
mp-849570,Li2V3SbO8,56,11.427911963807361,Cubic,-2.4063894442261917,0.003846390892856988,2.0776000000000003,False,False
mp-849623,Li2FeP2O7,96,11.236335505774305,Monoclinic,-2.5623286504960316,0.012548983055553187,3.9852,False,False
mp-849682,Li2MnVP2(HO5)2,54,10.167106329353405,Triclinic,-2.402719908132412,0.03192588876983038,0.0,False,True
mp-849953,Li2Mn3VO8,56,10.814064977736733,Monoclinic,-2.184148837175698,0.04418871654378087,0.5,False,False
mp-850187,Li2V3CrO8,14,10.551682243867608,Trigonal,-2.4561713283333333,0.034542658169646856,0.0,False,True
mp-850231,Li2TiFe3O8,14,10.833504424385865,Trigonal,-2.146936383571428,0.046374116421772804,0.0,False,True
mp-850798,Li2MnSiO4,32,11.411852433884558,Monoclinic,-2.660856281824712,0.029228132187499867,2.9571999999999994,False,False
mp-850862,Li2Cr(SO4)2,104,11.968752651321012,Orthorhombic,-2.144749577820513,0.03595240469780503,2.3360999999999996,False,False
mp-850881,Li2Mn3(BO3)3,34,10.928192344441282,Triclinic,-2.462322988409399,0.045130588823530715,0.7908000000000002,False,False
mp-850906,Li2Cr2(PO4)3,38,11.9482396645326,Triclinic,-2.567449980294485,0.028676832605271763,0.0,False,True
mp-850927,Li2Co(SO4)2,104,11.340703578490348,Orthorhombic,-2.0388638971474355,0.0086382949038466,3.0926,False,False
mp-850939,Li2MnV(P2O7)2,22,12.34568048929869,Triclinic,-2.6643541465076876,0.0,0.010100000000000442,True,False
mp-851105,Li2Cu2(SO4)3,152,11.916414428786487,Orthorhombic,-1.7653428908771929,0.03929770184210302,0.0,False,True
mp-859108,Li2Mn2Si2O7,26,11.310911881208217,Orthorhombic,-2.7008281475022105,0.030708327948717695,2.8691000000000004,False,False
mp-860461,Li2VCrO4,24,9.429659086049032,Triclinic,-2.431703807916666,0.019497639791667076,1.319,False,False
mp-860789,Li2Mn(PO4)2,26,11.5988124501484,Triclinic,-2.459901432606416,0.04190689433761374,0.8988,False,False
mp-860880,Li2Mn4Si4O13,46,11.542975976728426,Triclinic,-2.7445596218865576,0.0158130702173942,2.3463999999999996,False,False
mp-861061,Li2Si3Ni3O10,36,10.595647930172879,Monoclinic,-2.43581092925926,0.031880829583338155,3.7239,False,False
mp-861527,Li2CrFe(PO4)2,28,10.982528474751991,Monoclinic,-2.5104806214966,0.019437359288923872,2.4576,False,False
mp-861530,Li2Cr2FeSbO8,56,10.687645441991677,Triclinic,-2.1849296442261905,0.008841819345236424,1.9131000000000005,False,False
mp-861570,Li2FeCo3O8,28,9.756650707861533,Trigonal,-1.562395027261905,0.0010325988332002822,0.0,False,True
mp-861577,Li2VO3,24,9.007208948892929,Monoclinic,-2.475888592361112,0.023868585833339395,1.7501999999999995,False,False
mp-861602,Li2VFe(PO4)2,28,10.859321339547735,Monoclinic,-2.5575049086394563,0.010759549464289364,2.7365999999999993,False,False
mp-861603,Li2SiNiO4,32,10.538169476306516,Orthorhombic,-2.4406474708333334,0.02604504375000083,3.3465999999999996,False,False
mp-861714,Li2VCrP2(O4F)2,32,11.314313507035584,Triclinic,-2.797854901309523,0.00032320552082065745,2.0339,False,False
mp-863081,Li2CrFeO4,24,9.260725615104265,Monoclinic,-2.1657274637499992,0.011449835000000519,2.0437,False,False
mp-865750,Li2TeO3,12,15.278350131018314,Monoclinic,-2.014053239722223,0.00731243208333332,3.6445,False,False
mp-867580,Li2Cr5(Si2O7)2,50,11.989275371348194,Triclinic,-2.660144944066666,0.0,2.7093,True,False
mp-867983,Li2TiCr3O8,56,10.575206376493039,Cubic,-2.5563037682142857,0.027816097123016803,0.0,False,True
mp-878729,Li2Fe3CoO8,56,10.486463418720941,Cubic,-1.633041790297619,0.04428430310673548,0.0,False,True
mp-881807,Li2VFeO4,16,9.447637082117115,Orthorhombic,-2.1980188189583334,0.04717891156249987,0.7824999999999998,False,False
mp-887677,Li2CoNi3O8,56,9.671960553248583,Cubic,-1.2441102820833336,0.049112850803573416,0.0,False,True
mp-887724,Li2FeO3,24,8.448367838628497,Monoclinic,-1.8744459473611108,0.0035133254166668237,0.0,False,True
mp-1003313,Li2Mn3O6,22,9.72380621780809,Monoclinic,-2.0608957682236166,0.04418623909090247,0.016499999999999737,False,False
mp-1019547,BaLi2Mg(PO4)2,14,11.582092180752898,Trigonal,-3.014410405782313,0.008847377321435701,5.638199999999999,False,False
mp-1019606,Cs2Li2B2P4O15,50,14.67884293069731,Triclinic,-2.756388813915271,0.0,5.4224000000000006,True,False
mp-1020009,Li2Ca2Si2O7,78,12.245075847255922,Hexagonal,-3.1925931838461543,0.010006000705135243,4.7378,False,False
mp-1020012,Li2Ge4O9,60,11.910779536920574,Orthorhombic,-2.1772262141111116,0.04561557033333319,2.7380999999999998,False,False
mp-1020013,Li2S2O7,44,12.530553321833558,Orthorhombic,-2.0959345735606054,0.0,5.5360000000000005,True,False
mp-1020015,Li2B3PO8,112,11.120538464529421,Triclinic,-2.792678821254252,0.0,5.4366,True,False
mp-1020163,Na3Li2Al(SiO4)2,64,11.853618033118007,Orthorhombic,-2.824217587081537,0.007223642421875454,4.051,False,False
mp-1020646,NaLi2B(PO4)2,28,10.934134638423513,Triclinic,-2.7367376929641685,0.0,5.8332999999999995,True,False
mp-1020725,Sr4Li2B12O23,82,10.415034922676172,Monoclinic,-3.0197155655284553,0.0047199554471824,4.6951,False,False
mp-1080241,Li2Ge(S2O7)3,180,13.814608197080075,Trigonal,-1.8529329463333335,0.0,3.7659,True,False
mp-1101152,Li2MnCrO4,16,9.394030711463493,Monoclinic,-2.2604548686997132,0.023791039999999875,0.8481000000000001,False,False
mp-1101482,NaLi2FePCO7,52,11.090297680673737,Triclinic,-2.3087076321299103,0.038226191923075525,4.016713430719998,False,False
mp-1101535,Li2MnP2O7,48,12.126567492902659,Triclinic,-2.6644973219902846,0.006747169999972158,4.2661999999999995,False,False
mp-1101539,Li2Mo(PO4)2,52,12.292504821791123,Monoclinic,-2.5502547473809516,0.03256443538460996,1.7283,False,False
mp-1101544,Li2Cr5(PO4)4,27,12.474584633371798,Triclinic,-2.4990051164902987,0.018507725717590517,2.5833999999999997,False,False
mp-1101550,Li2Cr(PO3)5,46,13.17022081493609,Monoclinic,-2.6226554089078666,0.033132966014495224,3.3963,False,False
mp-1101555,Li2MoP4O13,40,14.606866508713022,Triclinic,-2.5919288902619058,0.012547427541671041,1.8745999999999998,False,False
mp-1101557,Li2Mn(PO4)2,52,10.923227730253492,Monoclinic,-2.461528704529494,0.040279622414535865,0.6558999999999999,False,False
mp-1101596,Li2FeP2O7,48,11.920847180059397,Monoclinic,-2.5342341998710314,0.04064343368055301,0.11521251350913086,False,False
mp-1101604,Li2CrP2O7,48,11.911919644363252,Monoclinic,-2.628985709662698,0.030548145416673833,3.4997,False,False
mp-1101703,NaLi2FePCO7,52,11.158963583917936,Triclinic,-2.308056320591448,0.03887750346153762,2.0244021145054276,False,False
mp-1101716,NaLi2FePCO7,52,11.204589093182996,Triclinic,-2.3084713555914482,0.038462468461537114,1.3709031717910094,False,False
mp-1103771,BaLi2MnV2O8,28,13.119645405883455,Trigonal,-2.6072542206855513,0.0,2.719707862167564,True,False
mp-1104879,Li2H6PtO6,15,8.440802750372486,Trigonal,-1.413235701611111,0.027762352388892353,2.6608,False,False
mp-1173879,Li2CoO3,24,7.8819656078596205,Monoclinic,-1.7770496544444494,0.0,0.26759999999999984,True,False
mp-1173884,Li2MnCoO4,16,9.09195226851265,Monoclinic,-1.9205420586997128,0.03250027531250055,0.7161,False,False
mp-1173885,Li2MnCoO4,16,9.100554819924401,Triclinic,-1.9314812286997132,0.021561105312500217,0.8275000000000001,False,False
mp-1173893,Li2MnCoO4,16,9.107187557760266,Monoclinic,-1.9242357380747128,0.028806595937500568,0.8718000000000004,False,False
mp-1173910,Li2MnCoO4,16,9.124409605442626,Monoclinic,-1.9315159436997131,0.021526390312500254,0.8774000000000002,False,False
mp-1173929,Li2MnCoO4,16,8.489200119090139,Monoclinic,-1.9322245024497127,0.02081783156250072,0.0,False,True
mp-1173949,Li2MnCoO4,16,9.345271580336663,Monoclinic,-1.9031414274497127,0.04990090656250068,0.6658,False,False
mp-1177748,Li2VOF4,32,10.780560265230939,Monoclinic,-3.020372528958333,0.01502101750001028,2.1068000000000002,False,False
mp-1177757,Li2VO2F,12,9.250767189623966,Orthorhombic,-2.6924838877777777,0.02483529166666809,1.6205000000000003,False,False
mp-1177765,Li2VFeP2(HO5)2,54,10.154697179074356,Triclinic,-2.3647369736177244,0.012711798716937395,1.7279,False,False
mp-1177766,Li2VFeP2(HO5)2,36,10.143245093229512,Triclinic,-2.3623495171362427,0.015099255198419037,1.7845,False,False
mp-1177767,Li2VFeP2(HO5)2,36,10.166226796985727,Triclinic,-2.369444006580688,0.008004765753973686,1.8818999999999995,False,False
mp-1177768,Li2VFeP2(HO5)2,36,10.164849259841898,Triclinic,-2.3676546385251322,0.009794133809529093,2.0587,False,False
mp-1177769,Li2VNiO4,24,9.081569652563578,Triclinic,-2.141640659583334,0.04517890999999796,1.513,False,False
mp-1177776,Li2VFe(P2O7)2,44,12.182661331865678,Monoclinic,-2.6280285506926404,0.0009834372727279828,1.8972000000000002,False,False
mp-1177777,Li2VFeP2(HO5)2,36,10.157170465958233,Triclinic,-2.361526294636243,0.01592247769841837,1.7599068804258686,False,False
mp-1177778,Li2VFe(P2O7)2,66,12.204660672203744,Triclinic,-2.62829456478355,0.0007174231818192212,1.8187,False,False
mp-1177780,Li2VFe(P2O7)2,44,12.194446678455643,Triclinic,-2.6282422000108228,0.0007697879545451869,1.8738000000000001,False,False
mp-1177781,Li2VFe(P2O7)2,44,12.265536081544338,Triclinic,-2.6290119879653684,0.0,2.0322000000000005,True,False
mp-1177788,Li2VFeO4,8,9.502606515101354,Monoclinic,-2.199489730833334,0.04570799968749917,1.1006999999999998,False,False
mp-1177800,Li2VCr3O8,28,10.562525189025148,Trigonal,-2.387246063690476,0.030650521473214454,1.1642000000000001,False,False
mp-1177815,Li2V3SnO8,14,11.460492699571686,Trigonal,-2.384131312261905,0.04510098892857073,0.030400000000000205,False,False
mp-1177821,Li2V3FeO8,28,10.411720732208433,Monoclinic,-2.3347738133333342,0.038172956026786053,1.2827999999999995,False,False
mp-1177823,Li2VFeP2(HO5)2,36,10.14130539094988,Triclinic,-2.362429010469577,0.015019761865084469,1.5318,False,False
mp-1177825,Li2V3WO8,56,11.396965613450861,Triclinic,-2.409013977083334,0.015570731250003078,0.9502000000000002,False,False
mp-1177831,Li2V2(PO4)3,38,12.2378031863522,Triclinic,-2.687467912926065,0.009806976074569818,1.0004,False,False
mp-1177849,Li2TiCr3O8,14,10.59179410499724,Trigonal,-2.5596383164285714,0.024481548908731554,0.0,False,True
mp-1177850,Li2TiCoO4,32,9.385122878648042,Orthorhombic,-2.5138341896875005,0.04058939937499684,1.471,False,False
mp-1177856,Li2TiV3O8,56,10.82728212052987,Tetragonal,-2.7136839678571434,0.01693517821428081,1.0926999999999998,False,False
mp-1177857,Li2Ti2Sb2O,7,17.742593122757537,Tetragonal,-1.2458521911904756,0.03996464714285963,0.0,False,True
mp-1177858,Li2TiCoO4,16,9.34712733865643,Monoclinic,-2.5166206950000003,0.03780289406249704,1.5091,False,False
mp-1177859,Li2SiNiO4,16,10.955005391191104,Orthorhombic,-2.4290004620833336,0.03769205250000063,3.5591999999999997,False,False
mp-1177860,Li2SiNiO4,32,10.607361082842303,Orthorhombic,-2.443428982395834,0.023263532187500324,3.5774999999999997,False,False
mp-1177862,Li2PtO2,5,10.935806696113604,Orthorhombic,-1.6009197853333326,0.02905620822222499,1.5326,False,False
mp-1177866,Li2SbPCO7,24,13.18453051353483,Monoclinic,-2.27128870844246,0.03035296611111349,4.0421000000000005,False,False
mp-1177872,Li2Ni5O9,32,9.686957288807793,Triclinic,-1.1759490894791673,0.040655563281250195,0.0,False,True
mp-1177876,Li2V2P4H6O17,62,10.612859392245602,Triclinic,-2.293245311862519,0.013746512570304681,2.1062,False,False
mp-1177877,Li2MnVP2(O4F)2,32,11.473327811708014,Triclinic,-2.7609859968052133,0.0,0.06499999999999995,True,False
mp-1177881,Li2MnVP2(HO5)2,54,10.124582560351216,Triclinic,-2.404952269613894,0.029693527288348953,0.9159999999999999,False,False
mp-1177882,Li2MnVP2(HO5)2,36,10.153115275279129,Triclinic,-2.400687002854634,0.033958794047608265,0.5952000000000002,False,False
mp-1177884,Li2Ti3MnO8,56,11.048492846030872,Trigonal,-3.055045322828408,0.03529475249999514,1.811,False,False
mp-1177891,Li2MnV3O8,56,10.881143878363607,Trigonal,-2.4360293758641203,0.010377854017855626,1.5143,False,False
mp-1177895,Li2MnV(PO4)3,38,12.166822477780192,Triclinic,-2.5875307699224357,0.02354377381579198,1.3347,False,False
mp-1177896,Li2MnV(P2O7)2,66,12.265416510239527,Triclinic,-2.65212325271981,0.012230893787863906,0.5374999999999999,False,False
mp-1177897,Li2MnFe(BO3)2,36,10.308535131405627,Hexagonal,-2.4190525885775864,0.004497527708328342,2.7636,False,False
mp-1177898,Li2MnFeO4,16,9.528086075942252,Monoclinic,-2.0367942293247125,0.015609126562500464,1.2092999999999998,False,False
mp-1177902,Li2MnP2O7,48,11.855270242275337,Triclinic,-2.6380722632402844,0.03317222874997228,4.1338,False,False
mp-1177908,Li2MnPCO7,48,11.481038658782998,Monoclinic,-2.328466259936713,0.02872194025462438,1.9916825645398615,False,False
mp-1177909,Li2MnV(PO4)3,38,12.187532536566534,Triclinic,-2.5874074133434877,0.02366713039474,0.9035,False,False
mp-1177911,Li2Mn3SbO8,28,11.460251529784179,Trigonal,-2.08506998360427,0.02713822642857089,0.6637,False,False
mp-1177916,Li2MnCr3O8,56,10.460002336491694,Tetragonal,-2.247750001578407,0.00663537962301497,0.9677999999999998,False,False
mp-1177922,Li2Mn3VO8,56,10.79142568415194,Orthorhombic,-2.18942661110427,0.038910942615208555,1.0272000000000001,False,False
mp-1177925,Li2Mn2(PO4)3,76,11.940282637023454,Orthorhombic,-2.466460257050386,0.01849340501462482,0.0,False,True
mp-1177928,Li2MgCo3O8,28,9.902469620804917,Monoclinic,-1.6790077379761894,0.014846473189934706,1.234,False,False
mp-1177932,Li2MnV(P2O7)2,44,12.243640274472726,Triclinic,-2.6519402501440505,0.01241389636362289,0.4958,False,False
mp-1177933,Li2MnVP2(HO5)2,54,10.13503030890362,Triclinic,-2.403072116095375,0.03157368080686762,0.5618000000000003,False,False
mp-1177943,Li2FeO2,20,9.306532016241125,Monoclinic,-1.8362572503333332,0.0437430455000003,3.1331,False,False
mp-1177947,Li2FePCO7,48,11.380211430030988,Triclinic,-2.28341092719246,0.019904720729163827,1.789107330197019,False,False
mp-1177949,Li2Mn2V3O12,76,13.782213131213823,Orthorhombic,-2.23030324039625,0.03191203098683548,0.056900000000000006,False,False
mp-1177950,Li2FeCuO4,16,8.983767396231471,Tetragonal,-1.6884549320833333,0.009304147187498835,0.16610000000000014,False,False
mp-1177959,Li2MnV(PO4)3,38,12.196758817320982,Triclinic,-2.5843656704487517,0.026708873289475576,1.3256999999999999,False,False
mp-1177960,Li2MnPCO7,48,11.504268207584351,Triclinic,-2.33134458535338,0.025843614837957496,1.838802242907839,False,False
mp-1177968,Li2FeSnO4,32,10.598010495778162,Monoclinic,-2.0186321148958335,0.020262825625000147,1.9579,False,False
mp-1177976,Li2FeCo3O8,56,9.509892600717512,Monoclinic,-1.5334859727976198,0.029941653297485438,0.0,False,True
mp-1177980,Li2MnV(PO4)3,38,12.184571514395481,Triclinic,-2.5966858617645405,0.014388681973686701,0.9885000000000002,False,False
mp-1177993,Li2Mn3SnO8,56,11.363008619133879,Orthorhombic,-2.082738113068555,0.022858179464292583,0.6745999999999999,False,False
mp-1177996,Li2MgCr3(SO4)6,36,13.030061888561708,Triclinic,-2.1176787579629632,0.02432689627976181,0.8518000000000003,False,False
mp-1177997,Li2Fe3BiO8,56,11.712283896209287,Cubic,-1.7455658663690474,0.00384116383928923,1.142,False,False
mp-1177998,Li2FeSiO4,32,11.477202714272046,Monoclinic,-2.5410857533333333,0.0221806803125002,2.9997,False,False
mp-1178000,Li2TiCr3O8,56,10.611094102523253,Orthorhombic,-2.5674402878571434,0.01667957748015958,0.7439,False,False
mp-1178001,Li2CrO2,20,10.635936144464116,Orthorhombic,-2.0891893708333327,0.020048116500000823,2.6563,False,False
mp-1178011,Li2Fe2(SO4)3,152,12.371292118804595,Orthorhombic,-2.0033598682456137,0.02170364236841138,4.1795,False,False
mp-1178023,Li2CrNiO4,8,9.004346537030049,Monoclinic,-1.961803878333333,0.03495283218750078,0.0,False,True
mp-1178024,Li2Cr2O7,22,14.123545070675709,Monoclinic,-1.8599088242424244,0.035864776484847205,2.3799,False,False
mp-1178027,Li2CoNi3O8,14,9.780879959056948,Triclinic,-1.259527619047619,0.03369551383928826,0.0,False,True
mp-1178030,Li2Cr3SbO8,28,11.142196978788016,Trigonal,-2.3217805015476185,0.004287871428571677,2.6512999999999995,False,False
mp-1178032,Li2CrCuO4,16,8.805961809546991,Tetragonal,-1.8914598164583332,0.038141815624999964,0.4601000000000002,False,False
mp-1178037,Li2CoNi3O8,56,9.443428278125838,Triclinic,-1.2905571777976195,0.002665955089288019,0.0618000000000003,False,False
mp-1178039,Li2CeO3,12,12.3980317431704,Monoclinic,-2.94948262861111,0.049345281666659524,2.176,False,False
mp-1178040,Li2Cr3(CuO6)2,76,14.022633997490123,Orthorhombic,-1.6227920007456147,0.027128394197368344,0.2216,False,False
mp-1178046,Li2Co(CO3)2,44,12.75412952164286,Monoclinic,-1.9574077717424245,0.025776833863635495,2.7568,False,False
mp-1178047,Li2Cr3WO8,28,11.171556671664176,Trigonal,-2.3356504754761898,0.018276930000000746,2.4218,False,False
mp-1178076,Li2MnV3O8,56,10.839875957947486,Triclinic,-2.4107835390784067,0.03562369080356831,0.9020000000000001,False,False
mp-1178130,Li2CrCo3O8,56,9.682326394674861,Trigonal,-1.6934484163690482,0.014317999146827631,0.5611000000000002,False,False
mp-1178263,Li2CrCo3O8,56,10.132370919668231,Triclinic,-1.6612115960119058,0.04655481950397,0.13169999999999993,False,False
mp-1182786,CsLi2(HO)3,18,12.871776031516408,Monoclinic,-1.6917119211190936,0.00311689333333387,3.6925999999999997,False,False
mp-1188395,KLi2(HO)3,18,10.213766805636858,Monoclinic,-1.714021090296296,0.0,4.2706,True,False
mp-1189942,Li2H2SeO5,20,11.939869695156768,Monoclinic,-1.6624307566510423,0.01727797791667296,4.0085,False,False
mp-1190132,Li2Ti3O7,24,10.875142457090751,Monoclinic,-3.2296051547222215,0.015399772916667942,2.9823000000000004,False,False
mp-1190183,Li2CaTa2O7,24,11.388827172110396,Orthorhombic,-3.202809283861111,0.005487230416667543,2.485331078470552,False,False
mp-1190434,Li2IrO3,24,9.002934797147839,Orthorhombic,-1.7315356798611117,0.00160570558333184,0.0,False,True
mp-1190625,Li2Ti6O13,21,12.43064083195292,Monoclinic,-3.338314180079365,0.019426686547618033,2.8382715321448866,False,False
mp-1191141,SrLi2SiO4,24,11.721338731009181,Trigonal,-3.0217631912500003,0.0,4.633529509943987,True,False
mp-1192391,RbLi2CdC2O6F,26,12.950241044563228,Hexagonal,-2.18667393724359,0.0,3.2758496876309473,True,False
mp-1193172,Li2Mn(SO4)2,52,12.709582762252678,Monoclinic,-2.193901709969054,0.0,3.580027306156486,True,False
mp-1193501,Li2Fe(SO4)2,26,12.369109934376565,Monoclinic,-2.1005534732051276,0.00156541442307212,4.2848,False,False
mp-1194119,Li2Sn(HO)6,30,9.045397102547545,Monoclinic,-1.6621580312777775,0.0009355923333318472,3.8028,False,False
mp-1194281,Li2Co(SO4)2,26,12.015813068689651,Monoclinic,-2.047502192051282,0.0,3.2307,True,False
mp-1194523,Li2CaTa2O7,48,11.400021084289955,Orthorhombic,-3.208296514277779,0.0,3.4406000000000003,True,False
mp-1194726,Li2Se2O7,44,14.545130921235064,Orthorhombic,-1.5312309833049234,0.0,2.9444999999999997,True,False
mp-1194965,Li2Th(AsO4)2,52,13.63718268382747,Monoclinic,-2.5423408585897436,0.0,3.9463,True,False
mp-1195057,K3Ba3Li2Al4B6O20F,78,14.062707738809685,Hexagonal,-3.0700400677799142,0.0,4.7003,True,False
mp-1195382,Li2SnH14Se3O7,54,12.064180597559867,Triclinic,-1.1847938133777003,0.04773198490740693,2.4135,False,False
mp-1195467,Li2MgB12(H4O7)4,59,9.269686924207218,Triclinic,-2.221135107316383,0.005803171786182837,5.849600000000001,False,False
mp-1195757,Li2Sn(H5O4)2,42,7.68679513982446,Monoclinic,-1.5561234963888888,0.0,5.0385,True,False
mp-1196457,Li2B3O4F3,48,10.73928430519407,Orthorhombic,-3.002638870763889,0.0,7.3359000000000005,True,False
mp-1196881,Li2TeWO6,40,12.770886058091955,Monoclinic,-2.088061287333333,0.007115902499999827,3.6400999999999994,False,False
mp-1197500,Ba3Li2B10(H3O11)2,86,10.1793805956688,Monoclinic,-2.6371739411821697,0.0021803773385000724,5.4423,False,False
mp-1197890,Li2Ti2(PO4)3,76,12.176866656585727,Orthorhombic,-2.9712381043295752,0.0023069271616540377,0.039300000000000335,False,False
mp-1197930,CsLi2Gd4(BO3)5,108,12.648768823842373,Monoclinic,-3.2313913766538946,0.0,2.6009,True,False
mp-1198048,Li2Cu3(Se2O7)2,46,13.439428126073066,Monoclinic,-1.3127603648278987,0.0,0.6886000000000001,True,False
mp-1198271,Li2PH3O4,80,10.560121663444171,Monoclinic,-1.9657541091309525,0.014634385511905101,5.3952,False,False
mp-1198324,Li2B8SeO15,104,11.842696572923868,Monoclinic,-2.639770570282452,0.0,4.8776,True,False
mp-1198996,K3Li2Nb5O15,50,13.37540442656822,Tetragonal,-2.8479895393366665,0.026317407599986353,1.6585999999999999,False,False
mp-1199637,Sr8Li2B22H2O43,77,10.722884727689266,Triclinic,-2.986896070205628,0.002851429653676796,4.649490134970867,False,False
mp-1199961,Li2V2(PO4)3,76,12.052780749227697,Orthorhombic,-2.694543390031329,0.002731498969304802,0.0,False,True
mp-1200209,Li2B6O9F2,38,10.67703249785204,Monoclinic,-2.8995430156140345,0.0,6.283,True,False
mp-1201206,Li2P(HO)6,120,8.786288081744983,Cubic,-1.8083548803373015,0.023587443188100465,5.4558,False,False
mp-1201246,NaLi2(RuO2)6,42,10.44993421429146,Triclinic,-1.535387979192665,0.011802191011903496,0.0,False,True
mp-1202345,Na6Li2Y3Zr3P6(CO17)2,112,12.20963719297106,Triclinic,-2.9707764209428515,0.014665324302451488,0.06389999999999985,False,False
mp-1202669,Li2CuB4(PbO5)2,38,12.025252526727368,Monoclinic,-2.336317672280701,0.007473219887216054,1.8681000000000005,False,False
mp-1202737,Li2MoO4,126,14.163855287359409,Trigonal,-2.2717391965079368,0.0013277437301502104,4.3972999999999995,False,False
mp-1203394,Li2MnP2O7,48,11.56226659424737,Monoclinic,-2.6712444919902842,0.0,4.3677,True,False
mp-1203622,Li2TeMoO6,40,12.817348460883078,Monoclinic,-2.0152423663333336,0.02442249299999144,3.1032,False,False
mp-1204808,Na2Li2NiP6(H4O5)6,130,10.07870584328614,Monoclinic,-1.8331519317274219,0.04363540907287167,4.9145,False,False
mp-1206880,Li2HgO2,5,11.537500639781014,Tetragonal,-1.5024593958333345,0.0,1.3777000000000001,True,False
mp-1209431,Rb3Li2Al(MoO4)4,52,17.930692042493657,Tetragonal,-2.295159761314103,0.015871769423063675,4.2892,False,False
mp-1209544,Rb3Li2Ga(MoO4)4,52,18.154748349742285,Tetragonal,-2.179747770641026,0.016221515230766315,4.0648,False,False
mp-1210796,Li2MnGeO4,32,11.68410506902511,Orthorhombic,-2.2674054683872127,0.0,2.6898999999999997,True,False
mp-1210797,Li2MgGeO4,16,10.69043186286612,Orthorhombic,-2.5244340633333335,0.0,0.0,True,True
mp-1210825,Li2Zn2W2O9,30,11.361825068761984,Trigonal,-2.122180268444445,0.037395115749998986,2.7668999999999997,False,False
mp-1210849,Li2Fe(WO4)2,26,11.22084723124028,Triclinic,-2.1991465466666673,0.0010667169230735851,2.9101,False,False
mp-1210877,Li2TcO3,24,8.813834564737633,Monoclinic,-2.081030448194444,0.0,1.7817000000000007,True,False
mp-1210908,Li2Lu5B3O13,46,11.20666927990056,Monoclinic,-3.525434384673912,0.002079945760872448,5.1118,False,False
mp-1210913,Li2NiGeO4,32,11.247776526600445,Orthorhombic,-2.025950692708334,0.02016135687499876,2.9925,False,False
mp-1210923,Li2FeGeO4,32,11.46767839117171,Orthorhombic,-2.1418230889583336,0.0,2.5008,True,False
mp-1210963,Li2Zn2(MoO4)3,76,13.004792374323356,Orthorhombic,-2.0393957842982458,0.010850675789477293,3.137,False,False
mp-1211121,Li2Al2Si3(HO3)4,46,12.067827728366128,Orthorhombic,-2.6978558918115945,0.01715539130434962,4.7107,False,False
mp-1211215,Li2Nd(NO3)5,92,12.364024179339975,Orthorhombic,-1.4313096113768113,0.0,3.693,True,False
mp-1211252,Li2La(NO3)5,92,12.591717523629836,Orthorhombic,-1.449697932463769,0.0,3.7234,True,False
mp-1211322,Li2Sm(NO3)5,92,12.167418365907995,Orthorhombic,-1.4287930713768124,0.0,3.6913,True,False
mp-1211383,Li2Ni2(MoO4)3,76,12.805227404222217,Orthorhombic,-1.9384175927192981,0.002540668947371927,2.9642999999999997,False,False
mp-1213707,Cs3Li2Fe(MoO4)4,52,18.910191634293213,Tetragonal,-2.135014098485853,0.01662848480770851,2.9686,False,False
mp-1213966,Cs3Li2Al(MoO4)4,52,18.830194978319362,Tetragonal,-2.311197851178162,0.006696490961545898,4.2898,False,False
mp-1220813,NaLi2(RuO2)6,21,10.427304546551477,Hexagonal,-1.5100768237164743,0.037113346488094834,0.0,False,True
mp-1222626,Li2MgZrO4,8,10.268045456297925,Tetragonal,-3.0235886389583326,0.016150631875000876,0.0002999999999997449,False,False
mp-1222642,Li2Ti3ZnO8,14,10.767767133211203,Trigonal,-3.0194907690476183,0.036173144821428416,2.3639,False,False
mp-1222649,Li2MgTi3O8,14,10.783597468746594,Trigonal,-3.1983205215476187,0.03839444589285712,2.3786,False,False
mp-1222656,Li2TiO3,6,8.88577437167565,Orthorhombic,-2.9583012575000005,0.02365314583333422,2.0711999999999997,False,False
mp-1222675,Li2VPO4F,36,10.931522421553971,Monoclinic,-2.7272302929232817,0.03519420023662345,3.1584,False,False
mp-1222689,Li2Ti2MnNiO8,28,10.604485398080445,Monoclinic,-2.594817127947455,0.027664237619045018,1.5606999999999998,False,False
mp-1222711,Li2GeTeO6,10,10.902474220222855,Trigonal,-2.0130207098333335,0.0,3.0469999999999997,True,False
mp-1222715,Li2Ti2AsPO10,32,11.573507120103182,Orthorhombic,-2.799276135654762,0.0034305754687364853,3.1349,False,False
mp-1222720,Li2Al2SiO6,11,12.86432860903795,Orthorhombic,-3.141805308787879,0.027389918560607462,4.625900000000001,False,False
mp-1222732,Li2TiMn2NiO8,28,10.454183724441206,Monoclinic,-2.260828330418719,0.02573902220237656,1.2839,False,False
mp-1222742,Li2MgSiO4,32,10.893576469807535,Orthorhombic,-2.9491180286458327,0.002903425937500259,4.7565,False,False
mp-1222757,Li2MgTi9O20,32,11.595557283164393,Monoclinic,-3.385399147864584,0.0039448421093748465,2.7058,False,False
mp-1222767,Li2AlCoO4,8,8.67372553711416,Monoclinic,-2.3871942070833336,0.03410739593749934,2.3442999999999996,False,False
mp-1222778,Li2Ti(IO3)6,27,15.113959976793755,Trigonal,-1.31082131962963,0.0,2.7776000000000005,True,False
mp-1222810,Li2InP2HO8,28,11.167785228143284,Monoclinic,-2.48351130777636,0.0,3.9210000000000003,True,False
mp-1222820,Li2MgGeO4,32,11.59412097266319,Orthorhombic,-2.5217031717708336,0.0027308915624999486,3.8882999999999996,False,False
mp-755429,Li2TiVO5,36,11.54412648887716,Tetragonal,-2.8083202633333335,0.031227467638885287,2.2828,False,False
mp-755443,Li2MnCrO4,16,9.383535446637286,Monoclinic,-2.272152621824713,0.01209328687500033,0.9948000000000001,False,False
mp-755452,Li2MnCo(PO4)2,28,10.839492410094213,Monoclinic,-2.4974057524202444,0.021353588392857503,2.4608999999999996,False,False
mp-755460,Li2AlVO4,48,8.940123815840826,Triclinic,-2.763732589375,0.031629649270834115,1.6555,False,False
mp-755474,Li2Fe2OF6,22,11.25469613163111,Triclinic,-2.6650758219696966,0.04370741151514945,2.3334,False,False
mp-755501,Li2CoSnO4,16,10.289423832270826,Monoclinic,-1.9685022683333342,0.017970611874999598,1.7113999999999994,False,False
mp-755505,Li2NbOF5,9,11.34989136696419,Monoclinic,-3.259803304074074,0.008421649027776645,0.00020000000000020002,False,False
mp-755521,Li2Ti3FeO8,14,10.90084551699785,Trigonal,-2.9746813176190483,0.029922735178573134,0.0,False,True
mp-755524,Li2AlFeO4,16,10.95546340047981,Orthorhombic,-2.487378211458333,0.03356187999999971,3.0568,False,False
mp-755540,Li2VCrO4,8,9.338399338654149,Monoclinic,-2.4491526833333346,0.0020487643749991236,0.9750000000000001,False,False
mp-755550,Li2CrFeO4,16,9.349953347119957,Triclinic,-2.1709762502083336,0.006201048541666587,2.043,False,False
mp-755564,Li2Mg2MnFe(PO4)4,52,11.207421853166974,Triclinic,-2.6805941153141974,0.012637284903822099,0.9848000000000001,False,False
mp-755590,Li2Ni3BiO8,14,11.01014088801308,Trigonal,-1.3444155269047624,0.02182855803571737,0.0,False,True
mp-755630,Li2V6O15,23,12.050548463627726,Monoclinic,-2.3658246687681164,0.044502666739127505,0.0696000000000001,False,False
mp-755695,Li2CoGeO4,32,11.249589629768138,Orthorhombic,-2.087375699270834,0.003012456562499821,2.2966999999999995,False,False
mp-755702,Li2TiVO4,16,9.111108816983942,Tetragonal,-2.7381052675,0.03606693203124944,0.0,False,True
mp-755710,Li2MnFe(BO3)2,24,10.37535713823519,Triclinic,-2.4195370498275843,0.004013066458329995,3.105,False,False
mp-755726,Li2FePCO7,24,11.527029238582207,Triclinic,-2.2731681717757932,0.030147476145830687,0.7558,False,False
mp-755754,NaLi2MnPCO7,52,11.466582727387241,Monoclinic,-2.399379505816914,0.03296236910258177,2.3055000000000003,False,False
mp-755795,Li2CrO3,12,9.829886202310066,Monoclinic,-2.248970232777778,0.0073436145833341016,1.7417,False,False
mp-755800,Li2MnFe(BO3)2,24,10.474718393465283,Triclinic,-2.417803662327586,0.005746453958328068,3.0617,False,False
mp-755803,Li2AlFeO4,16,11.459229068986073,Orthorhombic,-2.4907916270833335,0.030148464374999406,3.1189999999999998,False,False
mp-755819,Li2FePCO7,48,11.42075626455305,Monoclinic,-2.2895582574007936,0.013757390520829915,2.5029,False,False
mp-755826,Li2FeCuO4,16,8.653284614020873,Orthorhombic,-1.655145788333333,0.042613290937499215,0.0,False,True
mp-755842,Li2MnSiO4,32,11.562659085509532,Orthorhombic,-2.6762760790122133,0.01380833499999845,2.9620999999999995,False,False
mp-755848,Li2CrFeO4,24,9.171982281311138,Triclinic,-2.163455922916668,0.013721375833332772,1.9275000000000002,False,False
mp-755855,Li2Fe3BiO8,28,11.868771098121668,Trigonal,-1.735695458333333,0.013711571875003159,0.0,False,True
mp-755971,Li2Mn3TeO8,14,11.870735865635954,Trigonal,-1.9884234490804593,0.014019094241073837,0.0,False,True
mp-755975,Li2TiV3O8,14,10.78863142463328,Trigonal,-2.709517515714286,0.021101630357138745,0.006399999999999739,False,False
mp-755986,Li2NbCr3O8,28,11.097980042340172,Trigonal,-2.554107807261904,0.014821801071432716,1.8766000000000003,False,False
mp-755990,Li2MnFe(BO3)2,24,10.508547038221732,Triclinic,-2.41746913191092,0.006080984374993825,3.0858,False,False
mp-756002,Li2TiFe2O5,20,9.643904211504204,Triclinic,-2.3442553475,0.03752504950000013,1.4602999999999997,False,False
mp-756067,Li2V3SbO8,28,10.915600947482025,Hexagonal,-2.400423220119048,0.009812615000000413,1.5627000000000004,False,False
mp-756107,Li2Fe3SbO8,28,11.387263561677113,Trigonal,-1.921611299047619,0.007566345714286271,1.3362000000000003,False,False
mp-756117,Li2TiTeO6,20,10.895859446566917,Orthorhombic,-2.418253728166667,0.0,2.3234000000000004,True,False
mp-756125,Li2MnFe(BO3)2,24,10.323247501025032,Monoclinic,-2.4205950760775843,0.0029550402083300398,3.1445999999999996,False,False
mp-756138,Li2V3SbO8,28,11.43163744611449,Trigonal,-2.4102358351190483,0.0,1.193,True,False
mp-756154,Li2Cr3BiO8,28,11.668829677504444,Trigonal,-2.1438346201190472,0.015565609980161987,0.0,False,True
mp-756157,Li2Fe3CoO8,14,10.401873821051371,Trigonal,-1.639101451190476,0.03822464221387811,0.0,False,True
mp-756158,Li2Ti3VO8,56,10.904854850743957,Trigonal,-3.0987665135119045,0.012946026785730425,0.0,False,True
mp-756192,Li2ZnFe(PO4)2,56,10.66044531958144,Monoclinic,-2.488912064889455,0.024070144821428663,3.4097000000000004,False,False
mp-756193,Li2MnNi3O8,14,9.766030725000693,Trigonal,-1.4404240988998356,0.021014426696430277,0.0,False,True
mp-756196,Li2Co3NiO8,28,9.29554054850907,Hexagonal,-1.4338890751190487,0.004376688124999362,0.9328000000000003,False,False
mp-756200,Li2SiNiO4,32,10.41387685433982,Orthorhombic,-2.4509734561458334,0.015719058437500877,3.2176,False,False
mp-756223,Li2FePCO7,48,11.412466026826786,Triclinic,-2.2913237207341264,0.01199192718749753,2.4432,False,False
mp-756242,Li2CrFeO4,24,9.349560733784926,Triclinic,-2.1771772987499998,0.0,1.9855999999999998,True,False
mp-756248,NaLi2FePCO7,52,11.215375008501384,Triclinic,-2.322678406168371,0.02425541788461416,3.951,False,False
mp-756268,Li2FeNi(PO4)2,28,10.472469521823678,Monoclinic,-2.420106471139456,0.002365609821428194,3.0236,False,False
mp-756280,Li2Ti3CrO8,56,10.797993053701445,Trigonal,-3.0643824594047624,0.0027017785416649787,0.0,False,True
mp-756294,Li2Ti2O5,18,14.239765145490601,Orthorhombic,-3.1283753664814813,0.028946053055552312,3.7434000000000003,False,False
mp-756337,Li2CoCu(PO4)2,28,10.382934933075521,Monoclinic,-2.2747528686394562,0.04502340642857394,0.0,False,True
mp-756409,Li2Ti3NiO8,56,10.775446243422783,Trigonal,-2.943143192083334,0.0152521864285724,1.7219999999999995,False,False
mp-756423,Li2Co3BiO8,14,10.551647474129718,Trigonal,-1.5635104461904763,0.003028473803572851,1.1113,False,False
mp-756432,Li2Ti(TeO4)3,18,12.277244628359838,Monoclinic,-1.9159368933333336,0.023840130833330697,1.5032999999999999,False,False
mp-756486,Li2Mn3NbO8,28,11.010409586613891,Monoclinic,-2.35975752610427,0.015383305357151045,0.7198000000000002,False,False
mp-756536,Li2Ti3MnO8,28,11.268263060013128,Trigonal,-3.045533013542694,0.04480706178570948,0.6227,False,False
mp-756582,Li2CoGeO4,32,11.35291815955927,Monoclinic,-2.0903881558333337,0.0,2.402,True,False
mp-756596,Li2Mn3CuO8,14,10.44024599046938,Trigonal,-1.8531830736042707,0.020414333904759552,0.0,False,True
mp-756597,Li2HfO3,12,10.389461286783245,Monoclinic,-3.1409554944444444,0.02945283416666733,4.6913,False,False
mp-756639,Li2NbOF5,27,11.340266003267743,Trigonal,-3.2584553259259255,0.009769627175925777,3.6859,False,False
mp-756684,Sr2Li2Nb3O10,17,12.755858376853501,Orthorhombic,-3.083964506862746,0.006927576397059099,0.0,False,True
mp-756699,Li2MnPCO7,24,11.791379860781559,Triclinic,-2.34628349160338,0.010904708587958112,0.6842999999999999,False,False
mp-756730,Li2V2Si4O11,38,11.554199249333728,Triclinic,-2.9034065653508776,0.014247621798233467,0.0,False,True
mp-756781,Sr3Li2Nb4O13,22,12.985910232126889,Tetragonal,-3.10072950598485,0.01663663079543909,0.0,False,True
mp-756793,Li2Nb4ZnO12,19,11.868094067854546,Triclinic,-2.8116986108771926,0.023999023815811427,2.8733,False,False
mp-756796,Li2TiVO4,32,9.457511388371874,Orthorhombic,-2.7506568693750006,0.023515330156248737,0.0,False,True
mp-756814,Li2Mn5(Si2O7)2,50,11.976053640449653,Triclinic,-2.676340642652873,0.030034427566667077,0.0,False,True
mp-756879,Li2Mn3FeO8,14,10.603886626460623,Trigonal,-1.9868562250328412,0.02450389529760333,0.0,False,True
mp-756918,Li2Mn3SnO8,14,11.352722604746864,Trigonal,-2.056230328961412,0.04936596357143497,0.0,False,True
mp-756967,Li2CrO4,14,12.925364001496616,Orthorhombic,-2.06795511952381,0.020319052380952662,3.0643000000000002,False,False
mp-756969,Li2VFeO4,24,9.512672050460507,Triclinic,-2.2014525570833325,0.043745173437500284,1.1618,False,False
mp-757055,K2Li2CoO4,36,14.405111015283588,Triclinic,-1.663648937074075,0.038440915092589734,0.35619999999999996,False,False
mp-757075,Li2TiVO4,24,9.550499900809266,Triclinic,-2.751850674166666,0.02232152536458276,0.48139999999999983,False,False
mp-757107,Li2Fe2Si2O7,26,11.025175186101658,Orthorhombic,-2.5292642324358967,0.04536107583333315,3.1294,False,False
mp-757198,Li2VOF5,27,10.516442856967277,Trigonal,-2.9341118685185186,0.00343848388888901,2.8337000000000003,False,False
mp-757294,Li2Fe3Si3O10,36,11.339654530033707,Monoclinic,-2.5521641712037044,0.0275095257870408,3.0276000000000005,False,False
mp-757335,Li2CrP2O7,24,11.948375308374262,Triclinic,-2.6117414734126974,0.047792381666674544,3.361,False,False
mp-757337,Li2Ti3Ni(PO4)6,36,12.794504726777344,Trigonal,-2.75101111262566,0.04238994460648282,0.013399999999999967,False,False
mp-757344,Li2Si4Ni2O11,38,10.925719935814778,Triclinic,-2.69688122877193,0.027354521929829012,0.0,False,True
mp-757355,Li2MnCr(PO4)2,28,11.140164139939463,Monoclinic,-2.6001265138488145,0.0022829413839309254,2.2089000000000003,False,False
mp-757366,Li2CoP2O7,48,11.142875177633428,Triclinic,-2.4852357794543654,0.04328639597219919,2.8650999999999995,False,False
mp-757408,Li2Fe5(Si2O7)2,25,11.832815249027686,Triclinic,-2.470122319466666,0.03162278416666808,3.0941,False,False
mp-757413,Li2Si4Ni4O13,46,10.505276085946083,Triclinic,-2.425794646594203,0.041194897608697545,3.4440999999999997,False,False
mp-757421,Li2Cr3Si3O10,36,11.527339918693023,Monoclinic,-2.668100568148148,0.04276464009258696,2.1845999999999997,False,False
mp-757429,Li2Fe2Si4O11,38,11.426144998257376,Triclinic,-2.781039900614035,0.014071524166667793,3.4646,False,False
mp-757481,Li2FeP2O7,48,11.49759364150849,Monoclinic,-2.5404150823710308,0.03446255118055408,1.7603005322222636,False,False
mp-757482,Li2Mn2Si5O13,44,11.952462340287921,Triclinic,-2.93417245238767,0.018802832878787257,3.2859999999999996,False,False
mp-757513,Li2Mn3CoO8,56,10.2213324684757,Cubic,-1.9463726048542702,0.0046727658928711335,1.3741,False,False
mp-757523,Li2Fe2Si5O13,44,11.594854871382742,Triclinic,-2.824043972803032,0.03621107731060569,3.3943,False,False
mp-757558,Li2NbCo3O8,28,9.717838793547548,Hexagonal,-1.9622019844047622,0.021924155491075403,0.6339999999999999,False,False
mp-757572,Li2MnCo3O8,56,9.55934714478251,Cubic,-1.6564713430069793,0.01707366357142881,0.006399999999999961,False,False
mp-757611,Li2CoNi(PO4)2,28,10.308640596401718,Monoclinic,-2.369179571853742,0.015389475892853,2.5656999999999996,False,False
mp-757613,Li2Co3SbO8,56,10.059276927147593,Cubic,-1.748696522261904,0.0,0.7363999999999997,True,False
mp-757623,Li2Cr2Si4O11,38,11.688305049806393,Triclinic,-2.8585758558771936,0.01876987289474208,2.5679000000000003,False,False
mp-757625,Li2P4WO13,40,13.73217777095546,Triclinic,-2.563859008761905,0.049664851666673115,2.9840999999999998,False,False
mp-757664,Li2CoSiO4,32,10.936554227630804,Monoclinic,-2.467616530520834,0.04352703281249948,2.6839000000000004,False,False
mp-757714,Li2CrNi(PO4)2,28,10.647646835189443,Monoclinic,-2.460693473282313,0.03596327258928245,1.7405,False,False
mp-757718,Li2MnV(PO4)2,28,11.085540315623447,Monoclinic,-2.6345500467059586,0.0033557271428579227,2.5021,False,False
mp-757728,Li2Cr3(SiO3)4,84,12.887188794416415,Orthorhombic,-2.782306284603175,0.008848656587304049,2.1736999999999997,False,False
mp-757749,Li2Mn(PO4)2,104,10.51004891670959,Orthorhombic,-2.490655361356417,0.011152965587612584,0.48560000000000003,False,False
mp-757776,Li2CoP2O7,48,11.345862154171904,Monoclinic,-2.483919361329365,0.04460281409719968,2.9887,False,False
mp-757833,Li2FeSiO4,32,10.940963420623502,Orthorhombic,-2.549658840208333,0.013607593437500398,2.9237,False,False
mp-757835,Li2VCo3O8,28,9.204233821270915,Hexagonal,-1.7755305508333328,0.047796038201522784,0.38180000000000014,False,False
mp-757875,Li2Co3SnO8,56,10.131946783501604,Cubic,-1.6706470574404761,0.03295536008928668,0.0,False,True
mp-757895,Li2CrCo(PO4)2,28,10.789713352694276,Monoclinic,-2.4614927475680273,0.04492444857142619,1.0351999999999997,False,False
mp-757930,Li2Co3SbO8,28,9.648175555953541,Hexagonal,-1.7205982269047613,0.028098295357118275,0.5583,False,False
mp-757968,Li2TiCo3O8,56,9.628874856788446,Cubic,-1.9742787146428569,0.02944658437500358,0.02770000000000028,False,False
mp-757985,Li2CoSiO4,32,10.923941905535807,Monoclinic,-2.490956204583334,0.02018735874999944,2.8270999999999997,False,False
mp-758011,Li2Fe4Si4O13,46,11.18588806160344,Triclinic,-2.5485584461594213,0.03396868793478536,2.9365,False,False
mp-758036,Li2V2Si5O13,44,11.60181171266252,Triclinic,-2.9264678966666664,0.0396195391287808,2.3586,False,False
mp-758062,Li2NbCo3O8,56,9.961416395125775,Cubic,-1.9578257502976197,0.026300389598217677,0.7380999999999998,False,False
mp-758066,Li2V3(P2O7)2,46,11.585840854860121,Triclinic,-2.6074980556625245,0.04759185206521277,2.5200000000000005,False,False
mp-758078,Li2Co3(SiO4)2,45,12.124768668508612,Triclinic,-2.3088211108888888,0.024176697333331276,2.4703,False,False
mp-758079,Li2FeCo3O8,56,9.40226804275298,Cubic,-1.533511234404762,0.029916391690343325,0.3237000000000001,False,False
mp-758089,Li2Ti3O6,22,9.601026473837251,Orthorhombic,-3.1141508369696966,0.03502193909091034,0.0,False,True
mp-758095,Li2(NiO2)3,22,9.398214903372763,Triclinic,-1.295270281060606,0.023522184280299285,0.5394999999999999,False,False
mp-758115,Li2SnP2O7,48,12.96540808263532,Monoclinic,-2.5515421121626978,0.020379890208336526,4.0435,False,False
mp-758116,Li2Cr3WO8,56,11.130564195878781,Cubic,-2.330757987083333,0.023169418392857466,2.3180000000000005,False,False
mp-758202,Li2NbCr3O8,28,10.673417125926628,Hexagonal,-2.568839499761904,9.010857143287865e-05,1.9445999999999999,False,False
mp-758207,Li2Mn3P9O28,42,11.634730554912524,Triclinic,-2.5070153310058445,0.0492186527380678,1.0598999999999998,False,False
mp-758209,Li2FeSiO4,32,10.962963636134265,Orthorhombic,-2.5580706045833335,0.005195829062500046,3.0894000000000004,False,False
mp-758237,Li2Cr2Si5O13,44,11.865098209546995,Triclinic,-2.910064710530303,0.021210874848478056,2.8549,False,False
mp-758298,Li2NiP2O7,48,10.964396763506072,Monoclinic,-2.468800481537698,0.04318886243055964,4.3009,False,False
mp-758323,Li2Ti3Co(PO4)6,36,12.512977316785719,Trigonal,-2.768664439847883,0.036213774837965396,0.0,False,True
mp-758338,Li2Co2Si2O7,52,11.530779165045248,Monoclinic,-2.4480929570512826,0.04816126070512894,2.8249,False,False
mp-758370,Li2P5WO15,46,13.876663988521331,Monoclinic,-2.5449848378209112,0.03017553833333242,1.5090000000000003,False,False
mp-758372,Li2CoSiO4,32,11.077125846395267,Orthorhombic,-2.5014755614583333,0.009668001875000165,2.8004999999999995,False,False
mp-758399,Li2VCrP2(HO5)2,54,10.088215496839045,Triclinic,-2.4659981241732796,0.0012595596295765787,1.9209,False,False
mp-758465,Li2FeSiO4,32,10.95523965821422,Monoclinic,-2.540541718958333,0.02272471468750048,3.2006999999999994,False,False
mp-758473,Li2CoSiO4,32,10.781238576550496,Monoclinic,-2.4897582233333333,0.02138534000000014,2.7693000000000003,False,False
mp-758511,Li2V2(PO4)3,38,12.16613644778912,Triclinic,-2.692501939505013,0.004772949495620793,1.146,False,False
mp-758524,Li2NiO2F,12,8.683767951439831,Trigonal,-2.0414089244444438,0.012050426388890756,0.0,False,True
mp-758609,Li2Fe(PO3)4,38,13.757797960746666,Monoclinic,-2.546345641854637,0.04678192258773173,4.0099,False,False
mp-758636,Li2Fe3(P2O7)2,46,11.422210074693748,Triclinic,-2.4530095191407857,0.026547044565215394,3.7628999999999997,False,False
mp-758637,Li2CoSiO4,32,10.71356736548993,Monoclinic,-2.4968534639583337,0.014290099374999699,2.9336,False,False
mp-758638,Li2CoSiO4,32,10.556337794219374,Orthorhombic,-2.504611972708334,0.006531590624999417,0.5201000000000002,False,False
mp-758640,Li2Cr(Si2O5)2,34,12.503878440759559,Triclinic,-2.935426703039217,0.04838999862745208,2.6140000000000003,False,False
mp-758665,Li2CrO4,14,13.262886543801661,Triclinic,-2.0386889716666667,0.04958520023809587,2.8805,False,False
mp-758684,Li2NiSnO4,32,10.14605232901897,Orthorhombic,-1.960669603645834,0.012366815000000031,2.1116,False,False
mp-758722,Li2FeCu(PO4)2,28,10.261485031079898,Monoclinic,-2.321484118996598,0.03619518928571175,0.0,False,True
mp-758725,Li2(CoO2)3,22,9.097858911626766,Monoclinic,-1.5708158146969695,0.022637624431817827,1.1551999999999998,False,False
mp-758726,Li2(NiO2)3,66,9.343346603951511,Triclinic,-1.2773995653030301,0.04139290003787455,0.0,False,True
mp-758770,Li2Mg3Ti6O16,54,11.286361877145259,Monoclinic,-3.3005215237654313,0.014628327685196396,3.3131,False,False
mp-758798,Li2FePO4F,72,10.700507997930334,Orthorhombic,-2.593236056534392,0.03877094472222087,3.6955,False,False
mp-758805,Li2VO2F,24,9.278317786134814,Monoclinic,-2.6675367677777775,0.0497824116666683,0.9741,False,False
mp-758816,Li2Mn(PO4)2,26,10.637493729337614,Triclinic,-2.4588910714525705,0.042917255491459194,0.6234000000000002,False,False
mp-758818,Li2Mn3(PO4)4,50,11.413550747962365,Triclinic,-2.4296193983612477,0.04656983796667458,0.0,False,True
mp-758823,Li2FeSiO4,32,11.158234170482846,Orthorhombic,-2.5547424486458334,0.008523985000000067,2.9464,False,False
mp-758831,Li2(NiO2)3,22,9.363309207783288,Monoclinic,-1.2788689346969706,0.03992353064393406,0.3176000000000001,False,False
mp-758865,Li2Fe(PO3)4,38,12.929134904657216,Triclinic,-2.5644143523809517,0.02871321206141708,4.3505,False,False
mp-758894,Li2Ti(TeO4)3,36,12.213038206001805,Monoclinic,-1.930162530277778,0.009614493888886244,1.5785000000000005,False,False
mp-758903,Li2VP4(H4O5)4,86,9.736808912404564,Monoclinic,-1.8898401837264671,0.014781171175714647,1.8897,False,False
mp-758963,Li2Cr2CoO6,22,10.020565197404283,Monoclinic,-2.0541285887878784,0.0441405457575792,0.6529000000000003,False,False
mp-758969,Li2Mn(SO4)2,104,12.068025140083021,Orthorhombic,-2.180368591315208,0.013533118653845655,4.3788,False,False
mp-758983,Li2Fe(NiO3)2,33,9.765447021835556,Triclinic,-1.4383718087878785,0.047071803432335635,0.0,False,True
mp-759005,Li2VCrP2(HO5)2,54,10.084005515206346,Triclinic,-2.4559334802843917,0.011324203518464415,2.09,False,False
mp-759051,Li2FeCo9O20,32,10.838821567867297,Triclinic,-1.2620671352083344,0.03308648281249127,0.008199999999999985,False,False
mp-759082,Li2VCrP2(O4F)2,48,11.291069551257957,Triclinic,-2.7972230782886918,0.0009550285416528581,1.8744,False,False
mp-759106,Li2Fe3(SiO4)2,45,12.63061880928357,Triclinic,-2.391226659111112,0.049815508500001826,2.2295999999999996,False,False
mp-759126,Li2Mn2(PO4)3,76,11.894760133701176,Triclinic,-2.4610043938924915,0.023949268172519744,0.32699999999999996,False,False
mp-759138,Li2MnFe(PO4)2,28,10.98147367115629,Orthorhombic,-2.5555789924202443,0.0010833816071436075,3.7336,False,False
mp-759220,Li2MnPO4F,72,10.891746279549151,Orthorhombic,-2.7128216863045065,0.04132020611111287,3.6651,False,False
mp-759228,Li2FeP4(H4O5)4,86,9.572132515173376,Monoclinic,-1.8613846516334434,0.014989369069764003,2.6388,False,False
mp-759229,Li2FePO4F,72,10.668941138630315,Monoclinic,-2.6002603048677253,0.03174669638888705,3.7155,False,False
mp-759293,Li2CrPO4F,72,10.80762996453472,Monoclinic,-2.676447923201059,0.02672120437498826,2.6172999999999997,False,False
mp-759299,Li2MnP4(H4O5)4,86,9.702368707381046,Monoclinic,-1.8861513976318396,0.015288130348834805,4.1786,False,False
mp-759308,Li2Mn2(PO4)3,38,11.924062103892997,Triclinic,-2.4706171937609125,0.014336468304098737,0.8459,False,False
mp-759322,Li2Nb4ZnO12,57,11.91803034826613,Triclinic,-2.8100529598245627,0.025644674868443573,3.0476,False,False
mp-759347,Li2V(SO4)2,104,11.852923916194422,Orthorhombic,-2.191077170705128,0.03629283257085092,3.4122000000000003,False,False
mp-759350,Li2U(WO5)2,60,13.016093871497343,Triclinic,-2.6276541331111103,0.017595971416666245,1.5676999999999999,False,False
mp-759380,Li2VCrO4,16,9.367507996830252,Orthorhombic,-2.428684617708334,0.02251682999999982,1.7347000000000006,False,False
mp-759428,Li2VFe(P2O7)2,44,12.195531573781931,Triclinic,-2.6282609445562772,0.0007510434090907125,1.8673000000000002,False,False
mp-759437,Li2Fe2(PO4)3,76,12.33947629520836,Triclinic,-2.390384560557644,0.03429201624999667,0.0,False,True
mp-759481,Li2V2(PO4)3,76,12.103819694387388,Triclinic,-2.690546230031328,0.006728658969306522,0.8700000000000001,False,False
mp-759506,Li2VCr(P2O7)2,44,12.075754657875756,Triclinic,-2.7022733388744586,0.0008918361363638994,2.2571,False,False
mp-759509,Li2MnO2F,24,10.335174476979638,Monoclinic,-2.4522817978496154,0.0424299962500001,2.2011000000000003,False,False
mp-759523,Li2VFe(P2O7)2,44,12.226150911563888,Monoclinic,-2.628510323192641,0.0005016647727273948,1.8512,False,False
mp-759552,Li2CrP4(H4O5)4,86,9.699865866194546,Monoclinic,-1.8756471572148388,0.015225835377907337,2.7064,False,False
mp-759575,Li2FeSiO4,32,10.741349883760869,Orthorhombic,-2.5631007136458335,0.00016572000000003584,3.1210999999999993,False,False
mp-759605,Li2Fe(CO3)2,22,12.780178748378658,Monoclinic,-2.0079907442424254,0.031392951818181025,4.0751,False,False
mp-759630,Li2VCr(P2O7)2,44,12.115093984029409,Monoclinic,-2.7026511684199126,0.0005140065909099434,2.1060999999999996,False,False
mp-759663,Li2VCr(P2O7)2,44,12.100822873388603,Monoclinic,-2.7025918586471858,0.0005733163636367777,2.1997,False,False
mp-759671,Li2CoSiO4,32,10.817473705730775,Orthorhombic,-2.505341069270834,0.0058024940624994414,2.9941999999999993,False,False
mp-759723,Li2Zr7Fe(PO4)12,70,14.641132209292252,Triclinic,-3.0046915157483,0.021589836428571374,0.0,False,True
mp-759726,Li2MnSiO4,32,11.05624128846723,Orthorhombic,-2.6898988183872135,0.00018559562499831372,3.0698999999999996,False,False
mp-759753,Li2VCr(P2O7)2,66,12.111867925923791,Triclinic,-2.70276536660173,0.0003998084090923726,2.1773999999999996,False,False
mp-759760,Li2VFe(P2O7)2,44,12.176699919930451,Monoclinic,-2.6279154702380954,0.0010965177272730386,1.6987,False,False
mp-759781,Li2Co(CO3)2,44,12.670184242924641,Monoclinic,-1.9435528051515158,0.03963180045454351,2.1152,False,False
mp-759783,Li2VCrP2(O4F)2,48,11.28653343148222,Triclinic,-2.7968860409970246,0.0012920658333195334,2.0115000000000003,False,False
mp-759803,Li2VCrP2(HO5)2,54,10.068137520753636,Triclinic,-2.466024715839947,0.0012329679629097257,1.9830999999999999,False,False
mp-759811,Li2VCrP2(HO5)2,36,10.081834922535714,Triclinic,-2.465311019080689,0.001946664722168201,0.0,False,True
mp-759813,Li2TiVO4,32,9.447056165585584,Monoclinic,-2.7507689478125004,0.02340325171874902,0.27309999999999945,False,False
mp-759849,Li2Ti6Zn3O16,54,11.238366077220748,Monoclinic,-3.0193851969135808,0.0,2.8292,True,False
mp-759938,Li2Cu3(P2O7)2,46,11.138307767364159,Triclinic,-2.201181475879917,0.047758408695645294,0.11569999999999991,False,False
mp-759942,Li2FeSiO4,32,11.029799268427958,Monoclinic,-2.555955118020833,0.007311315625000425,3.1532999999999998,False,False
mp-759948,Li2VCrP2(HO5)2,36,10.07895900555918,Triclinic,-2.461206917136244,0.006050766666612084,2.1447000000000003,False,False
mp-760004,Li2VCr(P2O7)2,66,12.085753316281885,Triclinic,-2.7025710208441542,0.0005941541666683037,2.133,False,False
mp-760025,Li2MnCu3O8,56,10.2376463964729,Cubic,-1.3507827230069782,0.04054167958630295,0.0,False,True
mp-760034,Li2VFeP2(HO5)2,54,10.180603870593123,Triclinic,-2.3661582249140207,0.011290547420641062,1.4812000000000003,False,False
mp-760048,Li2CoOF2,24,9.163678552656892,Tetragonal,-2.4916046969444445,0.041935987916666306,0.1825000000000001,False,False
mp-760105,Li2VCr(P2O7)2,44,12.120220134130493,Triclinic,-2.7026271384199134,0.000538036590909563,2.2926,False,False
mp-760112,Li2MnO2F,24,9.001756461755807,Orthorhombic,-2.4465491186829493,0.04816267541666974,0.0,False,True
mp-760143,Li2VCrP2(O4F)2,32,11.299303620372108,Triclinic,-2.7868279550595236,0.011350151770820105,2.1005000000000003,False,False
mp-760164,Li2VFe(P2O7)2,44,12.208287385448404,Monoclinic,-2.628126123874459,0.0008858640909092941,1.7203999999999997,False,False
mp-760167,Li2VCrP2(HO5)2,54,10.064743342645219,Triclinic,-2.465010671395502,0.002247012407353921,1.6957000000000004,False,False
mp-760210,NaLi2NiPCO7,52,10.229829223251231,Monoclinic,-2.269664982322217,0.024900952564100187,3.9389000000000003,False,False
mp-760219,Li2MgCo13O28,44,11.096117125720822,Triclinic,-1.2551274202651514,0.02804946789772167,0.9273,False,False
mp-760236,Li2VCrP2(O4F)2,48,11.290411871356376,Triclinic,-2.7981781068303575,0.0,1.9782000000000002,True,False
mp-760258,Li2VFeP2(HO5)2,54,10.172243562676728,Triclinic,-2.366115182136243,0.01133359019841862,1.646,False,False
mp-760282,Li2VOF4,16,10.894269734810372,Monoclinic,-3.0266917445833332,0.00870180187501024,2.1898999999999997,False,False
mp-760326,Li2VOF5,18,11.366476359653934,Monoclinic,-2.912346617407408,0.02520373499999984,2.5852,False,False
mp-760344,NaLi2CoPCO7,52,10.962611576952506,Monoclinic,-2.2711725511683722,0.02832648923076242,2.9398,False,False
mp-760356,Li2MnV(P2O7)2,66,12.255814416160389,Triclinic,-2.6512629454470824,0.013091201060590585,0.3428,False,False
mp-760364,Li2NbFe3O8,56,11.379992221826734,Cubic,-2.159492217440476,0.049105383660716484,1.6136,False,False
mp-760483,Li2PdO3,12,8.950907225189765,Monoclinic,-1.631415405277777,0.0,1.8641000000000005,True,False
mp-760516,Li2CoSiO4,32,10.31832293733655,Orthorhombic,-2.4965126670833335,0.014630896249999914,2.6928,False,False
mp-760774,Li2Ni3SnO8,56,10.287175041581778,Tetragonal,-1.4695695077976194,0.018244565238096477,0.5037000000000003,False,False
mp-760822,Li2VFeP2(HO5)2,36,10.160218205847091,Triclinic,-2.361279379636244,0.01616939269841744,1.7307000000000001,False,False
mp-761069,Li2CrP2O7,96,11.371848557068349,Monoclinic,-2.628613736641865,0.03092011843750697,2.3913,False,False
mp-761070,Li2VP2O7,96,11.306199556771565,Monoclinic,-2.6515140922668645,0.03734031865451293,2.8095000000000003,False,False
mp-761112,Li2VCr(P2O7)2,44,12.109485927293196,Monoclinic,-2.7024748786471857,0.0006902963636372661,2.1081000000000003,False,False
mp-761121,Li2VCr(P2O7)2,66,12.088205451283642,Triclinic,-2.7025018887229426,0.0006632862878799273,2.0869,False,False
mp-761238,Li2MnV(P2O7)2,66,12.27318230549754,Triclinic,-2.652726917719809,0.01162722878786493,0.39260000000000006,False,False
mp-761240,Li2MnV(P2O7)2,44,12.246045599853884,Monoclinic,-2.652399216053141,0.011954930454531443,0.1770999999999998,False,False
mp-761245,K2Li2CoO4,36,14.477595495791554,Monoclinic,-1.6824221776296302,0.01966767453703433,1.2409,False,False
mp-761246,Li2MnFe(PO4)2,28,10.994478834334144,Orthorhombic,-2.5561282309916726,0.0005341430357148624,3.4593,False,False
mp-761247,Li2CoSiO4,32,10.724866853584802,Orthorhombic,-2.5049012298958333,0.006242333437500136,2.9181,False,False
mp-761267,Li2VOF4,16,11.789812813301495,Orthorhombic,-3.022909838333333,0.01248370812501065,1.5987,False,False
mp-761271,Li2VOF4,32,11.14138866343807,Triclinic,-3.0144653264583336,0.020928220000009823,2.0956,False,False
mp-761669,Li2Ti3CoO8,56,10.72796510429072,Trigonal,-2.9472504785119042,0.035322828392857275,1.8695,False,False
mp-761676,Li2Co3SbO8,14,10.044810067221617,Trigonal,-1.7392384561904757,0.00945806607140387,0.5744000000000002,False,False
mp-761748,Li2CrCo3O8,14,9.602949037085512,Trigonal,-1.688168579761905,0.019597835753971005,0.0,False,True
mp-761763,Li2FeCo3O8,28,9.737904833820318,Monoclinic,-1.5237105522619052,0.03971707383319956,0.42969999999999997,False,False
mp-761841,Li2SnP2O7,96,13.002248842811738,Monoclinic,-2.530958892475198,0.04096310989583696,3.466,False,False
mp-761911,Li2Cu(PO3)4,38,13.100488687255673,Monoclinic,-2.4387493736967416,0.043051901798253134,0.869,False,False
mp-761940,Li2MnCo3O8,56,9.557885894061952,Monoclinic,-1.6735450065784079,0.0,0.0,True,True
mp-761944,Li2FeCo3O8,56,9.754592971561618,Triclinic,-1.5604426744047626,0.0029849516903421858,0.20150000000000023,False,False
mp-762142,Li2Fe3CoO8,56,10.485986078557335,Tetragonal,-1.6453128883333332,0.03201320507102157,0.0,False,True
mp-762240,K2Li2TiO4,36,14.739380595574753,Monoclinic,-2.5400236488333334,0.019962810000002662,4.2118,False,False
mp-762289,Li2P2WO8,13,12.40493741112846,Trigonal,-2.5634907219963363,0.03578445192307811,3.2535,False,False
mp-762391,Li2(NiO2)3,11,9.405823890819377,Monoclinic,-1.2840152406060616,0.03477722473484324,0.0,False,True
mp-762412,Li2Mn3O6,22,10.340310312860161,Monoclinic,-2.0739090204963433,0.031172986818175374,0.8406000000000002,False,False
mp-762507,Li2CrNiO4,16,8.824953754675962,Orthorhombic,-1.958333740833334,0.03842296968749981,0.0,False,True
mp-762609,Li2CrCo3O8,56,9.603374098624842,Monoclinic,-1.6721414092261913,0.03562500628968479,0.0,False,True
mp-762624,Li2Mn(NiO3)2,11,9.654928683693322,Monoclinic,-1.5944354840543369,0.04088207676136424,0.5479000000000003,False,False
mp-763051,Li2VO2F,24,9.22197603763667,Trigonal,-2.712808431527778,0.004510747916667945,1.8068999999999997,False,False
mp-763186,Li2Mn3SbO8,28,11.023323319131848,Trigonal,-2.1122082100328408,0.0,1.0902000000000003,True,False
mp-763993,Li2TiVO4,24,9.51972539034285,Triclinic,-2.7398815062499993,0.03429069328124967,0.0,False,True
mp-764019,Li2TiNiO4,32,9.183617752652362,Orthorhombic,-2.505974840625,0.03501228687498692,1.6021999999999998,False,False
mp-764063,Li2CoO2F,12,8.166751490909588,Trigonal,-2.216233123611111,0.002338541666667915,0.6811999999999996,False,False
mp-764098,Li2Ni3TeO8,14,10.709731521717911,Trigonal,-1.5291000452380945,0.00044132928571460894,0.0,False,True
mp-764152,Li2NiP2O7,96,10.716613175596635,Monoclinic,-2.502057997371031,0.009931346597226387,0.9031000000000002,False,False
mp-764236,Li2MnCO5,36,9.022158282484542,Orthorhombic,-2.0585830235664115,0.04742732851851805,1.0819999999999999,False,False
mp-764248,Li2VCr(P2O7)2,44,12.111462113631115,Monoclinic,-2.7025982166017313,0.0005669584090917112,2.1292,False,False
mp-764299,Li2VFe(P2O7)2,66,12.262996611484835,Triclinic,-2.628821846904762,0.00019014106060666336,1.8138999999999998,False,False
mp-764318,Li2VFe(P2O7)2,66,12.231487654368475,Triclinic,-2.628309046904762,0.0007029410606067543,1.7145,False,False
mp-764340,Li2FeSiO4,32,11.24968511243513,Orthorhombic,-2.543749990208333,0.019516443437500364,2.9573,False,False
mp-764344,Li2FeSiO4,32,10.956767512940862,Monoclinic,-2.541662714895833,0.021603718750000667,2.9306,False,False
mp-764346,Li2FeSiO4,32,10.95641005965771,Orthorhombic,-2.5578029877083335,0.005463445937500033,2.9932,False,False
mp-764642,Li2CoSiO4,32,10.518905859594154,Tetragonal,-2.4854565267708333,0.025687036562500154,2.5197,False,False
mp-764791,Li2Mn(SiO3)2,44,12.361031923409314,Monoclinic,-2.8078603154179733,0.04115507946969643,3.4471,False,False
mp-764857,Li2Ni2(SO4)3,152,11.60991759439584,Orthorhombic,-1.8939109151535092,0.03846968756578928,3.6558,False,False
mp-764957,Li2CoSiO4,32,10.609633042693437,Orthorhombic,-2.495667078645834,0.015476484687499514,2.7567,False,False
mp-765293,Li2CrCo3O8,28,9.342782420392671,Hexagonal,-1.6685377336904768,0.03922868182539929,0.0,False,True
mp-765354,Li2Co2(SO4)3,152,11.991285671352571,Orthorhombic,-1.917036441732456,0.03242996203947435,2.7744,False,False
mp-765474,Li2Ni3(P2O7)2,46,10.955800466464753,Triclinic,-2.343440157619047,0.03768256152174043,3.5965000000000003,False,False
mp-765507,Li2VOF3,28,11.048249336278001,Tetragonal,-2.9876033888095246,0.04912050624998887,2.3625000000000003,False,False
mp-765574,Li2MnCu(PO4)2,28,10.76986657213339,Monoclinic,-2.4017865381345294,0.0326591294642844,0.0,False,True
mp-765592,Li2NiP2O7,24,10.85655522068276,Triclinic,-2.481108054662698,0.03088128930555989,4.5175,False,False
mp-765697,Li2TiFeO4,32,9.641450734550803,Orthorhombic,-2.5591849231249997,0.04766072624999573,0.9123999999999999,False,False
mp-765973,Li2Mn(CO3)2,44,12.132335301763499,Orthorhombic,-2.103223128145246,0.03781619727272734,3.4213999999999998,False,False
mp-765986,Li2Mn5Si5O16,28,13.611321070502939,Triclinic,-2.71828081772578,0.04878599610119316,2.1642,False,False
mp-766032,Li2Ni(CO3)2,44,10.806768685818804,Triclinic,-1.9356557040151523,0.0423084706818182,3.8297,False,False
mp-766036,Li2VSiO5,36,10.558498766639353,Orthorhombic,-2.7362591515740746,0.029706001944443727,2.2561999999999998,False,False
mp-766101,Li2FeP2HO8,56,10.381059921680592,Monoclinic,-2.4218931510501696,0.0,2.3839,True,False
mp-766119,Li2V2Si2O9,60,10.46849817402664,Orthorhombic,-2.771737008611111,0.04690198761112363,1.5602999999999998,False,False
mp-766132,Li2ZrFe(PO4)3,76,12.801658473206519,Orthorhombic,-2.8212436348997487,0.0030173771052623977,2.4196999999999997,False,False
mp-766444,Li2Mn(PO4)2,26,10.847552080425602,Monoclinic,-2.460664378760263,0.04114394818376699,0.6995,False,False
mp-766496,Li2SiNiO4,32,10.727143547499901,Orthorhombic,-2.4389924130208334,0.02770010156250091,3.4758999999999998,False,False
mp-766582,Li2SiNiO4,32,10.741219544175063,Monoclinic,-2.4266572923958334,0.040035222187500885,2.9164000000000003,False,False
mp-766583,Li2SiNiO4,32,10.413150720674437,Orthorhombic,-2.449073942708334,0.017618571875000377,3.2426,False,False
mp-766701,Li2SiNiO4,32,10.557331577726142,Orthorhombic,-2.4439965467708333,0.02269596781250094,3.1113999999999997,False,False
mp-766710,Li2SiNiO4,32,10.596970548084165,Monoclinic,-2.4457527427083336,0.020939771875000623,3.3558000000000003,False,False
mp-766812,Li2SiNiO4,32,10.751795738201155,Monoclinic,-2.440274270833334,0.026418243750000237,3.5472,False,False
mp-766938,K3Li2Nb5O15,50,13.549686505147639,Tetragonal,-2.863510178936667,0.010796767999986301,2.5576000000000003,False,False
mp-766967,Li2Mn3(Si3O8)2,54,12.317008798961954,Triclinic,-2.87671320112814,0.04753698941357953,2.8647,False,False
mp-767036,Li2Co(CO3)2,44,11.103923976993558,Monoclinic,-1.9352887553787885,0.047895850227271275,2.4529,False,False
mp-767053,Li2Co(CO3)2,44,11.175670442263002,Triclinic,-1.9391541535606067,0.04403045204545286,2.3682999999999996,False,False
mp-767151,Li2CuNi(PO4)2,28,10.26636157622959,Monoclinic,-2.2707985743537416,0.029456800178567555,0.0,False,True
mp-767214,Li2AlPCO7,24,10.815101812588322,Monoclinic,-2.654816158859127,0.03264572569444546,5.7326999999999995,False,False
mp-767341,Li2ScPCO7,24,11.842025686630633,Monoclinic,-2.753752843859127,0.04728066791666308,4.4398,False,False
mp-767709,Li2Mn3Si3O10,36,11.648471129063743,Monoclinic,-2.7334601714144307,0.016499442453707047,2.5783,False,False
mp-767711,Li2Mn2Si4O11,38,11.771174016974458,Triclinic,-2.889119506975197,0.013352190087720928,0.0,False,True
mp-767720,Li2V4Si4O13,46,11.270218410949571,Triclinic,-2.76679714115942,0.019753298043488243,1.9006999999999996,False,False
mp-767778,Li2V3Si3O10,36,11.346352105959998,Monoclinic,-2.7439643487037038,0.02997326784721821,1.9249999999999998,False,False
mp-1638873,Li3Fe2P4HO14,48,11.641409977126422,Triclinic,-2.4402908537425585,0.039411484444412004,4.1461,False,False
mp-1638962,Li3Co2(CO3)4,42,11.998305792531209,Triclinic,-1.852658561428572,0.036708924503968454,0.6923,False,False
mp-1640104,Li3Co2(CO3)4,42,11.989392329212453,Triclinic,-1.8526756919047636,0.036691794027777114,0.7432,False,False
mp-1641018,Li3Co2(CO3)4,42,11.96200094036959,Triclinic,-1.852050992380954,0.03731649355158684,0.7746,False,False
mp-1661932,Li3Cr(PO4)2,28,9.923752258867173,Monoclinic,-2.6691904099489796,0.022840351249996615,2.625,False,False
mp-1663233,Li3Mn(PO4)2,56,10.35820675362999,Triclinic,-2.602952995872625,0.01762691000001304,0.9321000000000002,False,False
mp-1663957,Li3Mn(PO4)2,56,10.307443288301224,Triclinic,-2.595542888372625,0.025037017500013192,1.0274999999999999,False,False
mp-1666401,Li3MnV4O12,40,13.366724900542891,Monoclinic,-2.379801367146552,0.04978171400000786,1.3841,False,False
mp-2767662,Li3Ni5O8,16,8.504325506529426,Triclinic,-1.4822497487500002,0.0021255521874987693,0.0,False,True
mp-767955,Li3Fe2(NiO4)2,15,9.70167319218768,Triclinic,-1.573516122,0.03602384893103583,0.0,False,True
mp-768190,Li3MgPCO7,26,10.335624309747686,Monoclinic,-2.5882026130494498,0.04533298961538623,5.3898,False,False
mp-768531,Li3MnV(PO4)3,40,12.094343060805476,Triclinic,-2.6435534835929793,0.02612996018750202,0.8828999999999998,False,False
mp-768551,Li3MnV(PO4)3,40,12.1425533505709,Triclinic,-2.6245837635929794,0.04509968018750232,0.9115,False,False
mp-768553,Li3Cu2(SO4)3,80,12.021470763741762,Monoclinic,-1.848495716875,0.04401886956249523,0.023900000000000254,False,False
mp-768557,Li3Fe2P2(CO7)2,46,11.364053299770722,Monoclinic,-2.176286699968944,0.04838828138587381,0.0,False,True
mp-768560,Li3MnV(PO4)3,40,12.144953147832762,Triclinic,-2.6221719735929803,0.04751147018750146,0.7475999999999998,False,False
mp-768561,Li3MnV(PO4)3,40,12.152283402086434,Triclinic,-2.6332299818429794,0.03645346193750232,0.8614999999999999,False,False
mp-768564,Li3MnV(PO4)3,40,12.102021303840862,Triclinic,-2.6339656850929805,0.035717758687501266,0.6852999999999998,False,False
mp-768565,Li3MnV(PO4)3,40,11.94526309495482,Triclinic,-2.62579463059298,0.04388881318750126,0.34609999999999985,False,False
mp-768577,Li3MnV(PO4)3,40,12.149876083368039,Triclinic,-2.6224824433429794,0.04720100043750186,0.6676999999999997,False,False
mp-768587,Li3MnV(PO4)3,40,12.055465226117523,Triclinic,-2.62348170509298,0.046201738687501326,0.0121,False,False
mp-768593,Li3Fe2P2(CO7)2,46,12.080794174465268,Triclinic,-2.179918772795031,0.04475620855978679,0.013800000000000007,False,False
mp-768601,Li3VSiCO7,52,10.563084591402186,Monoclinic,-2.5347669813461544,0.03403948812500257,2.1406999999999994,False,False
mp-768618,Li3Fe2P2(CO7)2,46,12.05511828076949,Monoclinic,-2.177405682142856,0.04726929921196099,0.0,False,True
mp-768623,Li3Fe2P2(CO7)2,46,12.106371545789772,Triclinic,-2.179478560403726,0.045196420951091554,0.0,False,True
mp-768634,Li3Cr4O8,30,9.855236396808149,Trigonal,-2.3157531700000002,0.0336959141481481,0.7363,False,False
mp-768653,Li3Fe2P2(CO7)2,46,12.076657765427083,Triclinic,-2.179064965621117,0.045610015733699605,0.0,False,True
mp-768733,Li3Mn2P2(CO7)2,23,11.821261624719876,Triclinic,-2.2554464176151217,0.03881630257243973,0.0,False,True
mp-768737,Li3Mn2P2(CO7)2,46,11.824319496152759,Monoclinic,-2.2566759113107735,0.037586808876787,0.0,False,True
mp-768738,Li3Bi(BO3)2,24,11.814084953209607,Triclinic,-2.4193781186111116,0.04634770229166385,2.9149,False,False
mp-768750,Li3Mn2P2(CO7)2,46,11.770867580485481,Triclinic,-2.255692655006426,0.03857006518113515,0.0,False,True
mp-768752,Li3Mn2P2(CO7)2,46,11.826422868529043,Triclinic,-2.2558920134846874,0.03837070670287357,0.0,False,True
mp-768753,Li3Mn2P2(CO7)2,46,11.778737827612947,Triclinic,-2.2558232723977296,0.03843944778983133,0.0,False,True
mp-768771,Li3Bi(BO3)2,48,11.083830170611252,Monoclinic,-2.4258684461111115,0.03985737479166396,3.4882999999999997,False,False
mp-768782,Li3Mn2P2(CO7)2,46,11.855247836205264,Triclinic,-2.2662142563107737,0.028048463876786833,0.9409,False,False
mp-768798,Li3Bi2(BO3)3,68,10.687547358014339,Monoclinic,-2.380669070441177,0.04771272602941945,3.4401,False,False
mp-768820,Li3Bi(BO3)2,48,11.206705689786864,Monoclinic,-2.465725820902778,0.0,3.4538,True,False
mp-768836,Li3Mn2P2(CO7)2,46,11.890063151520431,Triclinic,-2.260936452832513,0.03332626735504807,0.28559999999999997,False,False
mp-768837,Li3Mn2P2(CO7)2,46,11.792187779823761,Triclinic,-2.259622341962948,0.03464037822461297,0.4526000000000001,False,False
mp-769004,Li3BiO4,32,10.776939118052258,Cubic,-1.85653078125,0.030682091562500347,0.9495,False,False
mp-769530,Li3Mn4(FeO6)2,42,10.558071221039457,Triclinic,-1.9863090841297204,0.006135628730165266,0.5451999999999999,False,False
mp-769583,Li3VCr3O8,30,9.962108501407597,Triclinic,-2.3944112193333336,0.039295504354169175,1.5089000000000006,False,False
mp-769596,Li3V3CrO8,30,10.061550302253623,Triclinic,-2.4423797609999998,0.04467150224999461,0.9017,False,False
mp-769868,Li3BiH8O7,38,8.705325508921359,Triclinic,-1.5238022278947363,0.044922964736838544,4.0181,False,False
mp-770155,Li3V3(BO5)2,36,9.462218485575363,Monoclinic,-2.577923281018519,0.04920753166667069,1.2932000000000001,False,False
mp-770486,Li3Ni2SnO6,24,9.709245916455759,Monoclinic,-1.784013984166667,0.03067406131944761,0.0,False,True
mp-770607,Li3VSi4(HO6)2,44,11.534183062770824,Triclinic,-2.7282356455681818,0.033962581496207456,2.3287000000000004,False,False
mp-770608,Li3Mn3O8,56,10.118921905831195,Cubic,-1.9771587759852227,0.031071843380946262,0.0,False,True
mp-770632,Li3CrO4,16,10.328616444258035,Orthorhombic,-2.180159844375,0.0,1.1236000000000002,True,False
mp-770710,Li3Mn7O16,26,10.717095110777334,Trigonal,-1.8866407590583565,0.04100566215545154,0.0,False,True
mp-770727,Li3Al2FeO6,48,8.719142144172958,Monoclinic,-2.682679986458334,0.030261219583333165,2.6281000000000003,False,False
mp-770786,Li3Ni(BO3)2,48,8.97144372272298,Monoclinic,-2.2869838511111116,0.049782941111116585,0.01849999999999996,False,False
mp-770825,Li3Fe(BO3)2,48,9.487039399916313,Monoclinic,-2.4727302313194452,0.013018377083334975,2.5723000000000003,False,False
mp-770835,Na3Li3Mn2P2(CO7)2,26,11.483079462478466,Triclinic,-2.3758658811263733,0.03838798346155592,3.3298999999999994,False,False
mp-770886,Li3FeO3,28,10.463238406217629,Orthorhombic,-1.968577607142857,0.045708424107144374,1.9602,False,False
mp-770903,Li3Mn(BO3)2,48,10.241522550120422,Triclinic,-2.5125210678136987,0.03276261437498995,1.2378,False,False
mp-770904,Li3Mn(BO3)2,48,10.074303248214061,Triclinic,-2.520607542188698,0.03678547166666757,1.4244,False,False
mp-770906,Li3Mn(BO3)2,48,10.03708175171077,Monoclinic,-2.516054885105364,0.041338128750001424,1.3438999999999999,False,False
mp-770910,Li3Mn(BO3)2,48,9.41704304009914,Monoclinic,-2.5328322309386984,0.024560782916666746,1.3618999999999999,False,False
mp-770929,Na3Li3Mn2P2(CO7)2,26,11.796684850421753,Triclinic,-2.390115925741758,0.024137938846171103,3.4453,False,False
mp-770939,Li3FeAsCO7,52,11.241125471375861,Monoclinic,-2.0360516713461534,0.048485174615385596,2.5381,False,False
mp-771006,Na3Li3Fe2P2(CO7)2,52,11.524339093281183,Triclinic,-2.3043930430162933,0.024756896153843577,3.7557,False,False
mp-771015,Li3NiAsCO7,52,10.877832528583594,Monoclinic,-1.9852352494230767,0.04733123230769376,3.3238999999999996,False,False
mp-771021,Na3Li3Mn2P2(CO7)2,52,11.777578284816038,Triclinic,-2.390123061703297,0.024130802884632097,3.5219,False,False
mp-771022,Na3Li3Fe2P2(CO7)2,52,11.438229868648792,Triclinic,-2.298984023977832,0.03016591519230527,3.7141,False,False
mp-771093,Li3Cr10Fe5O24,42,10.851353908346116,Monoclinic,-2.170312636428571,0.012006175714283529,1.4123,False,False
mp-771310,Li3MnNi3O8,15,9.483620706504121,Trigonal,-1.562240633195402,0.039865960250002,0.0,False,True
mp-771339,Li3CoPCO7,52,10.767841499127623,Monoclinic,-2.295435367472528,0.03951314980769638,2.9138999999999995,False,False
mp-771340,Li3MnPCO7,52,11.099285951064608,Monoclinic,-2.421179622121069,0.04733827346153863,3.8050999999999995,False,False
mp-771344,Li3FePCO7,52,10.89041287430111,Monoclinic,-2.3366723343956037,0.045829259423075364,4.0108,False,False
mp-771345,Li3NiPCO7,52,10.437589705034595,Monoclinic,-2.2851815701648337,0.04534965942307867,3.7963000000000005,False,False
mp-771398,Li3Fe3CuO8,15,9.902427144453865,Trigonal,-1.6664933893333322,0.043616936433332754,0.0,False,True
mp-771733,Li3MgV8O16,28,10.942781765518879,Monoclinic,-2.544384515178572,0.02293002906249697,0.28110000000000035,False,False
mp-772004,Li3Co3TeO8,15,10.537009852373346,Monoclinic,-1.6967597891111106,0.03600403933333407,0.7909000000000002,False,False
mp-772131,Li3Fe3SbO8,15,10.7406307939205,Monoclinic,-1.905005969999999,0.043171925833333624,0.7864,False,False
mp-772236,Na3Li3Mn2P2(CO7)2,52,11.553585930023482,Triclinic,-2.3793775890109896,0.03487627557694051,3.5248,False,False
mp-772427,Li3Fe(PO4)2,56,10.259489350537974,Monoclinic,-2.546171346913265,0.034923311785715505,2.5233000000000003,False,False
mp-772435,Li3Al2FeO6,24,10.09251269246411,Triclinic,-2.6674668125000007,0.04547439354166638,2.6607999999999996,False,False
mp-1222830,Li2InFe(P2O7)2,44,12.08344683895541,Triclinic,-2.565649190995672,0.0,2.3707,True,False
mp-1222836,Li2Cr2FeSbO8,28,10.702474519453814,Monoclinic,-2.187217519047619,0.006553944523807864,1.891,False,False
mp-1222845,Li2Ti4Ni(PO5)4,31,11.417127525932278,Triclinic,-2.957115782857144,0.009828844354835553,2.9379,False,False
mp-1222849,Li2ScP2HO8,28,10.96703907826699,Monoclinic,-2.8624295701573126,0.0,4.7658000000000005,True,False
mp-1222854,Li2Ti4Co(PO5)4,31,11.40686900518509,Triclinic,-2.9365735351152074,0.037765390645160934,2.3821000000000003,False,False
mp-1222859,Li2La3Nd(SbO6)2,20,13.194013435914115,Triclinic,-3.044937413458334,0.005489017499999527,3.920700000000001,False,False
mp-1222872,Li2Zr4As3(PO8)3,36,15.118287480886273,Trigonal,-2.818337927030424,0.020345674027778315,3.7144999999999997,False,False
mp-1222873,Li2Al(NiO2)3,24,8.802999911467092,Monoclinic,-1.9177330313888892,0.01994031340278024,0.007899999999999352,False,False
mp-1222897,Li2Al2CrSbO8,28,10.031837503628642,Monoclinic,-2.6871482190476206,0.004355117857133273,2.5534,False,False
mp-1222901,Li2AlCr2SbO8,28,10.373805846032107,Monoclinic,-2.5016836790476193,0.007102175892856444,2.2297999999999996,False,False
mp-1222936,Li2AlGaSi2(H2O5)2,40,11.1433679659865,Monoclinic,-2.4687093027083327,0.014050929249993516,4.349,False,False
mp-1222972,Li2TiFe(PO4)3,76,12.074605315504662,Orthorhombic,-2.756518660206767,0.0,2.3733000000000004,True,False
mp-1223017,Li2TiCr(PO4)3,76,11.504164986653691,Orthorhombic,-2.8408865457330834,0.0,1.7711999999999994,True,False
mp-1223021,Li2UWO7,44,12.52548226405711,Monoclinic,-2.7798329119696956,0.030649737272726796,1.8699999999999999,False,False
mp-1223182,Li2Fe2(MoO4)3,76,13.321580256784465,Monoclinic,-2.020776766403509,0.0058917942105267684,2.5049,False,False
mp-1223290,Li2CaV12O32,47,12.816645252928739,Monoclinic,-2.385639337375887,0.011609791702118955,1.794419825412083,False,False
mp-1223324,Li2MoO3,48,10.123878182826145,Triclinic,-2.136259321736111,0.017602378541665686,1.4571,False,False
mp-1223542,KLi2(RuO2)6,21,10.643825319879639,Hexagonal,-1.515411313519841,0.03586219654763223,0.0,False,True
mp-1223743,Li2Zr4As3(PO8)3,72,14.965880723912871,Monoclinic,-2.829871268835979,0.008812332222223773,4.0056,False,False
mp-1224604,K2Na4Li2Ti4Mn3Fe(SiO3)16,80,12.239030007527365,Triclinic,-3.0334491402976296,0.0066815886069058195,1.7582,False,False
mp-1228258,Ba5Li2(TeO5)3,50,14.044586893807201,Tetragonal,-2.441261726666666,0.0,1.963,True,False
mp-1228411,Ba5Li2U3O15,50,15.631567843817848,Tetragonal,-3.3893037428666655,0.0,1.4545000000000003,True,False
mp-1239022,Li2CuO2,5,9.616358165363328,Monoclinic,-1.629481453333333,0.047375311249996166,0.0,False,True
mp-1239118,CsLi2(HO)3,18,13.545302296245648,Monoclinic,-1.6577567127857595,0.0370721016666673,3.9995,False,False
mp-1248621,Li2CoSiO4,64,11.240394833009987,Orthorhombic,-2.464500772864584,0.04664279046874942,3.083,False,False
mp-1265539,Li2FeSiO4,32,11.109895738068733,Monoclinic,-2.5410881786458335,0.022178255000000036,3.2020999999999997,False,False
mp-1272200,Li2NiBiO4,32,11.002179268153554,Orthorhombic,-1.663958476145834,0.04468543437499939,0.0,False,True
mp-1272313,Li2NiO2F,24,8.633666546594783,Monoclinic,-2.0526149852777773,0.0008443655555581131,0.5939000000000001,False,False
mp-1272606,Li2CrO2,20,10.69038422822146,Monoclinic,-2.080675432333334,0.028562055000000086,2.08,False,False
mp-1272755,Li2FeO2,20,9.228127259742267,Monoclinic,-1.835668415833333,0.044331880000000545,3.0405999999999995,False,False
mp-1273123,Li2TiFeO4,32,9.704473176635155,Triclinic,-2.5682931053124998,0.03855254406249564,1.4796999999999998,False,False
mp-1273426,Li2VO2F,24,9.228840981674425,Monoclinic,-2.6926081873611114,0.024710992083334382,1.673,False,False
mp-1273514,Li2MnV3O8,14,10.907953847847978,Trigonal,-2.427769575328406,0.01863765455357047,1.6437,False,False
mp-1274020,Li2TiVO4,32,9.192909099017324,Orthorhombic,-2.7420146775000003,0.03215752203124911,0.0,False,True
mp-1274264,Li2TiFeO4,16,9.628420846438964,Monoclinic,-2.567209141875,0.03963650749999559,1.4748,False,False
mp-1274697,Li2FeNiO4,16,8.988421764166597,Orthorhombic,-1.706447315208334,0.01501670822916612,0.0,False,True
mp-1274949,Li2Fe3TeO8,28,11.580918302386822,Monoclinic,-1.8083038430952374,0.02681681214285625,1.3885999999999998,False,False
mp-1275006,Li2Ni3SnO8,28,10.51071870423257,Triclinic,-1.4628713251190482,0.024942747916668395,0.04139999999999988,False,False
mp-1275037,Li2V3SnO8,28,11.442948555451997,Monoclinic,-2.4111502594047614,0.018082041785714154,0.9987999999999997,False,False
mp-1275135,Li2MnO2F,24,9.421845333922949,Monoclinic,-2.467149280349616,0.02756251375000307,2.7138,False,False
mp-1275319,Li2MnCrO4,16,9.192645070494432,Orthorhombic,-2.262333072449713,0.02191283625000029,1.3272999999999997,False,False
mp-1275461,Li2TiCr3O8,28,10.60259760396289,Monoclinic,-2.5686984785714295,0.015421386765872569,0.8332999999999997,False,False
mp-1275513,Li2V3CrO8,28,10.727407963076308,Monoclinic,-2.4869775879761895,0.0037363985267901967,1.0953,False,False
mp-1275582,Li2Mn3NbO8,28,11.475702589587511,Triclinic,-2.3380738018185556,0.03706702964286457,1.2736999999999998,False,False
mp-1275616,Li2CrCoO4,16,9.155914098390243,Monoclinic,-2.0283853433333334,0.048755468750000475,1.5583999999999998,False,False
mp-1275690,Li2MnO2F,12,9.297733130628135,Monoclinic,-2.4698799190996166,0.024831875000002057,1.0471999999999997,False,False
mp-1275695,Li2Mn3SnO8,28,11.320040138986796,Triclinic,-2.0869561421756972,0.018640150357150276,0.8759000000000001,False,False
mp-1275701,Li2Ni3BiO8,28,11.092098880180288,Trigonal,-1.3621290815476195,0.004115003392859862,0.4605999999999999,False,False
mp-1275702,Li2MnV3O8,28,10.895900591476472,Monoclinic,-2.4267393885426918,0.019667841339284564,1.6033,False,False
mp-1275808,Li2Mn3SbO8,28,11.463707131472017,Monoclinic,-2.09681966110427,0.015388548928570778,0.9483000000000001,False,False
mp-1275810,Li2Fe3TeO8,28,11.586263618282288,Monoclinic,-1.8068752334523808,0.0282454217857131,1.3095999999999997,False,False
mp-1275836,Li2Cr3SnO8,28,11.165327378867712,Monoclinic,-2.26103165797619,0.019677469087309163,1.0992000000000002,False,False
mp-1275910,Li2VCrO4,16,9.246684128236724,Monoclinic,-2.4133024258333338,0.03789902187499994,1.2088,False,False
mp-1276468,Li2TiV2O6,22,10.46967009222169,Monoclinic,-2.7355171695454548,0.043070547386355074,1.3883,False,False
mp-1277038,Li2TiFeO4,32,9.621864294726917,Monoclinic,-2.5658355193749998,0.04101012999999565,1.4426000000000005,False,False
mp-1277330,Li2CoO2,10,8.890935593956712,Monoclinic,-1.7237998413333329,0.04078594262500079,2.3336,False,False
mp-1277589,Li2TiFe3O8,28,10.85260698736082,Triclinic,-2.1520379789285706,0.041272521064629863,0.2077,False,False
mp-1277613,Li2MgCo3O8,28,10.022041441384447,Monoclinic,-1.670857965833333,0.022996245332791432,0.8152000000000001,False,False
mp-1277730,Li2V3CrO8,28,10.725442593417933,Monoclinic,-2.4837327365476187,0.00698124995536098,1.1214,False,False
mp-1278188,Li2TiFeO4,32,9.642604499073313,Triclinic,-2.5646057184375,0.04223993093749545,1.4547000000000003,False,False
mp-1278198,Li2TiVO4,32,9.464677540618862,Monoclinic,-2.7453931721875007,0.02877902734374871,0.14250000000000007,False,False
mp-1278326,Li2TiVO4,32,9.154731824766753,Triclinic,-2.7419597000000007,0.03221249953124872,0.0,False,True
mp-1278864,Li2VCrO4,16,9.249756738688243,Monoclinic,-2.4133801127083343,0.0378213349999994,1.2108999999999996,False,False
mp-1280510,Li2Ni3TeO8,28,10.694896420830757,Monoclinic,-1.5295413745238093,0.0,0.3014999999999999,True,False
mp-1280525,Li2Ni3SnO8,28,10.483715342019009,Monoclinic,-1.4650811558333336,0.022732917202382907,0.48360000000000003,False,False
mp-1280547,Li2CrO3,24,8.83241624413971,Triclinic,-2.2123484856944438,0.0439653616666682,0.7436000000000003,False,False
mp-1280554,Li2MnO2F,24,9.301137479330444,Monoclinic,-2.487756336182949,0.006955457916669516,1.7682000000000002,False,False
mp-1281672,Li2TiVO4,32,9.221923636316088,Orthorhombic,-2.7399435106250003,0.03422868890624908,0.0,False,True
mp-1282790,Li2Mn3SnO8,28,11.34623583578201,Monoclinic,-2.0885970736042694,0.016999218928577697,0.9553000000000003,False,False
mp-1282869,Li2Fe3SnO8,28,11.379323466857825,Monoclinic,-1.8468088851190478,0.022716700005950052,0.22799999999999976,False,False
mp-1283290,Li2TiVO4,32,9.154963317491504,Tetragonal,-2.7438311903125,0.03034100921874927,0.0,False,True
mp-1283454,Li2NiO2F,24,8.618241042857937,Triclinic,-2.048519626944444,0.004939723888890413,0.055299999999999905,False,False
mp-1284679,Li2FeCo3O8,28,9.744411185097837,Monoclinic,-1.5620255061904769,0.0014021199046281296,0.7058,False,False
mp-1284814,Li2MnV3O8,14,10.873659637600145,Triclinic,-2.4135190638998347,0.032888165982141615,0.7338999999999998,False,False
mp-1285010,Li2TiFeO4,16,9.65889760042759,Triclinic,-2.570141974375,0.036703674999995606,1.7526000000000002,False,False
mp-1285981,Li2TiFeO4,32,9.633356934958316,Monoclinic,-2.5676411346874994,0.03920451468749597,1.6326,False,False
mp-1287629,Li2Mn3NbO8,28,11.48239166319334,Monoclinic,-2.3274140850328413,0.04772674642858021,0.9418,False,False
mp-1287701,Li2Mn3CoO8,28,10.219490177106664,Monoclinic,-1.9510453707471274,0.0,0.7321,True,False
mp-1288012,Li2MnCrO4,16,9.171136959316314,Monoclinic,-2.252499808074713,0.03174610062499994,0.0,False,True
mp-1288258,Li2TiVO4,32,9.236422094097275,Monoclinic,-2.7351806906250005,0.03899150890624892,0.0,False,True
mp-1288887,Li2TiVO4,32,9.482640162186302,Monoclinic,-2.7454489168750005,0.028723282656248905,0.15629999999999988,False,False
mp-1290385,Li2Mn3SnO8,28,11.316504980719284,Monoclinic,-2.0872232032471265,0.018373089285720567,0.8700999999999999,False,False
mp-1290397,Li2TiFeO4,32,9.663099600046857,Monoclinic,-2.5621907065625003,0.04465494281249516,1.3365999999999998,False,False
mp-1290528,Li2TiFeO4,32,9.674867558134505,Orthorhombic,-2.5682254671875,0.03862018218749519,1.7837,False,False
mp-1290584,Li2V3SnO8,28,11.502421356715473,Triclinic,-2.4081910626190473,0.0210412385714287,0.9131000000000005,False,False
mp-1290626,Li2MnV3O8,28,10.724019835206931,Monoclinic,-2.397705779256978,0.04870145062499809,0.6610999999999998,False,False
mp-1290754,Li2TiFe3O8,28,10.841682380496039,Triclinic,-2.1473536528571424,0.04595684713605852,0.3517999999999999,False,False
mp-1290921,Li2TiV3O8,28,10.902623220944298,Triclinic,-2.7218188278571427,0.008800318214282399,0.9621999999999997,False,False
mp-1291363,Li2TiCr3O8,28,10.598401533380951,Monoclinic,-2.568535188571429,0.01558467676587405,0.7668999999999997,False,False
mp-1291459,Li2CrO2,20,10.70211164344242,Monoclinic,-2.076850024833334,0.03238746249999913,1.7027999999999999,False,False
mp-1291671,Li2V3CoO8,28,10.381396207920895,Triclinic,-2.4252209340476187,0.0,0.0,True,True
mp-1293023,Li2MnV3O8,28,10.704837111305384,Monoclinic,-2.396486276399835,0.04992095348214143,0.5661,False,False
mp-1293130,Li2Mn3SbO8,28,11.476347790905754,Monoclinic,-2.0989009450328413,0.013307264999999013,1.1814999999999998,False,False
mp-1295085,Li2MnO2F,24,9.502008381816792,Monoclinic,-2.4612760178496162,0.033435776250002824,2.6207,False,False
mp-1296375,Li2V3SnO8,28,11.487197098065328,Triclinic,-2.40713749797619,0.02209480321428625,0.9118999999999997,False,False
mp-1296460,Li2SiNiO4,32,10.976370574726506,Triclinic,-2.4340444030208337,0.03264811156250058,3.7673000000000005,False,False
mp-1297690,KLi2FeO3,14,12.663765255129602,Orthorhombic,-1.8480471955595246,0.04872684857142762,3.133,False,False
mp-1298606,Li2VOF4,32,11.801766950801015,Monoclinic,-3.027189654270833,0.008203892187510498,2.0491,False,False
mp-1299471,Li2FeCo3O8,28,10.309965337283202,Triclinic,-1.5195703597619052,0.043857266333199973,0.0,False,True
mp-1299584,Li2TiVO4,32,9.473117790907311,Monoclinic,-2.7468963000000004,0.02727589953124898,0.0,False,True
mp-1301347,Li2TiFeO4,32,9.645424910980653,Triclinic,-2.5659690259375,0.04087662343749532,1.6268999999999996,False,False
mp-1301502,Li2Mn3NbO8,28,11.481707970920212,Monoclinic,-2.334823669318555,0.04031716214286618,1.2763,False,False
mp-1301741,Li2Mn3TeO8,28,11.832807787249395,Triclinic,-1.9950625555090309,0.007379987812502264,0.007699999999999818,False,False
mp-1301792,Li2CrO3,24,8.839228936238262,Monoclinic,-2.212310916111111,0.04400293125000143,0.7612000000000001,False,False
mp-1302186,Li2TiV3O8,28,10.877762791163224,Monoclinic,-2.7215652892857145,0.009053856785710579,0.8574999999999999,False,False
mp-1302404,Li2SiNiO4,32,10.989024183512054,Monoclinic,-2.433352705520834,0.033339809062500336,3.8209,False,False
mp-1302458,Li2MnV3O8,28,10.89976531820051,Trigonal,-2.426978649971264,0.019428579910711008,1.6522999999999999,False,False
mp-1302630,Li2TiV3O8,28,10.86162842195324,Monoclinic,-2.722230576428572,0.008388569642852062,0.9946999999999999,False,False
mp-1302768,Li2CrCo3O8,28,9.899891681776968,Monoclinic,-1.687668572619048,0.0200978428968277,0.6872,False,False
mp-1302787,Li2Al(NiO2)3,24,8.810613611913235,Monoclinic,-1.9179876959722222,0.01968564881944701,0.3918999999999997,False,False
mp-1302892,Li2V3CrO8,28,10.732851986459442,Monoclinic,-2.487203856190476,0.003510130312504245,1.1101999999999999,False,False
mp-1303020,Li2Mn3TeO8,28,11.944253009669337,Monoclinic,-1.994536240866174,0.007906302455358727,0.649,False,False
mp-1303136,Li2FeO3,24,8.431383386404098,Triclinic,-1.8771673602777792,0.0007919124999986593,0.5790999999999995,False,False
mp-1303907,Li2TiFe3O8,28,10.862180386624726,Triclinic,-2.1493844478571424,0.04392605213605805,0.059700000000000086,False,False
mp-1303958,Li2Ni3SbO8,28,10.55644342203314,Trigonal,-1.553617382976191,0.0007191771428525229,0.5545,False,False
mp-1304017,Li2Mn3CoO8,28,10.2583795287965,Monoclinic,-1.9504835582471267,0.0005618125000141916,0.8359999999999999,False,False
mp-1304149,Li2Ni3SnO8,28,10.486396570339053,Triclinic,-1.4627126986904773,0.025101374345238625,0.044299999999999784,False,False
mp-1304290,Li2Mn3NbO8,28,11.521883187421917,Monoclinic,-2.339382577889983,0.03575825357143714,1.3095999999999999,False,False
mp-1304327,Li2Mn3GaO8,14,10.482529194664549,Monoclinic,-2.115519857711413,0.001265114999975836,0.3953000000000002,False,False
mp-1304342,Li2TiFeO4,32,9.670843036492753,Monoclinic,-2.5602585740625,0.04658707531249551,0.9995000000000003,False,False
mp-1304584,Li2TiV3O8,28,10.868934496186297,Triclinic,-2.7246603267857146,0.005958819285709183,1.0657,False,False
mp-1304790,Li2FeCo3O8,28,10.048640501881362,Monoclinic,-1.5446420504761906,0.018785575618914585,0.7057999999999998,False,False
mp-1305321,Li2MnO2F,24,9.337754504273313,Triclinic,-2.4877261557662824,0.006985638333336652,1.7081000000000002,False,False
mp-1305455,Li2Ni3TeO8,28,10.69959452028098,Monoclinic,-1.528986676309524,0.0005546982142856649,0.0,False,True
mp-1305888,Li2VNiO4,16,9.13884830644991,Monoclinic,-2.1371165377083345,0.049703031874997805,1.6231000000000004,False,False
mp-1306034,Li2V3WO8,14,11.425729810689278,Monoclinic,-2.4223505004761896,0.0022342078571480073,1.5596,False,False
mp-1306312,Li2TiV3O8,28,10.88603569879071,Monoclinic,-2.720623772857143,0.00999537321428079,0.6718000000000002,False,False
mp-1306478,Li2TiFeO4,32,9.656775680354668,Monoclinic,-2.57024146125,0.03660418812499522,1.7516000000000003,False,False
mp-1306592,Li2Ni3SbO8,28,10.556940189512172,Monoclinic,-1.5377013369047623,0.01663522321428168,0.20809999999999995,False,False
mp-1306720,Li2Ni3SbO8,28,10.5468859876359,Trigonal,-1.5413974261904764,0.012939133928568047,0.24940000000000007,False,False
mp-1306790,Li2Mn3CoO8,28,10.418318036348582,Triclinic,-1.9164401628899839,0.03460520785715726,0.25349999999999984,False,False
mp-1306845,Li2Mn3TeO8,28,11.862840319556978,Monoclinic,-1.996344885866174,0.006097657455359062,0.49960000000000004,False,False
mp-1307565,Li2Cr3SnO8,28,11.180225956405508,Monoclinic,-2.259923854761905,0.02078527230159377,0.9602999999999997,False,False
mp-1307659,Li2Mn3GaO8,28,10.457503793958013,Monoclinic,-2.11592336735427,0.0008616053571186555,0.5734000000000004,False,False
mp-1307846,Li2VOF4,16,11.795450083569161,Monoclinic,-3.0270190039583333,0.00837454250001013,2.0317,False,False
mp-1307940,Li2Fe3SnO8,28,11.384327684021416,Monoclinic,-1.845871288690476,0.02365429643452277,0.16970000000000018,False,False
mp-1308402,Li2Fe3TeO8,28,11.58820974269967,Triclinic,-1.800866244523809,0.03425441071428459,0.6734999999999998,False,False
mp-1309047,Li2V3WO8,28,11.391073921308836,Monoclinic,-2.4242730586904773,0.00031164964286034547,1.6544999999999996,False,False
mp-1309214,Li2Mn3GaO8,28,10.448281422702765,Monoclinic,-2.1117941084256984,0.0049908642856903995,0.4180999999999999,False,False
mp-1311252,Li2Mn3SbO8,28,11.463854726014103,Triclinic,-2.097387762175699,0.014820447857141872,0.8902999999999999,False,False
mp-1312602,Li2V3SnO8,28,11.461322132715482,Monoclinic,-2.4115144601190477,0.017717841071428708,1.0719999999999996,False,False
mp-1312877,Li2VOF4,32,11.817670979277715,Triclinic,-3.027129437395833,0.008264109062510627,2.0690999999999997,False,False
mp-1314570,Li2CoO3,24,8.546189585393849,Triclinic,-1.7470912594444445,0.029958395000010185,0.7738,False,False
mp-1314918,Li2TiVO4,32,9.48020832773606,Monoclinic,-2.746771265625,0.027400933906249314,0.21050000000000058,False,False
mp-1314950,Li2Ni3SnO8,28,10.60878040808437,Monoclinic,-1.4635167590476195,0.024297313988096647,0.5425,False,False
mp-1315650,Li2MnV3O8,28,10.73646234710908,Monoclinic,-2.3967391156855493,0.04966811419642703,0.6141999999999999,False,False
mp-1316064,Li2V3SbO8,28,11.474653333075716,Monoclinic,-2.4066067169047622,0.003629118214286464,1.1101999999999999,False,False
mp-1318887,Li2TiCr3O8,28,10.607018615828844,Monoclinic,-2.5672946860714285,0.016825179265874013,0.6110000000000002,False,False
mp-841,Li2O2,8,7.888486931403914,Hexagonal,-1.6501702366666664,0.0,1.9742999999999997,True,False
mp-1960,Li2O,3,8.398782930867444,Cubic,-2.0615979138888885,0.0,4.8986,True,False
mp-2931,Li2TiO3,24,8.770695912352105,Monoclinic,-2.9819544033333343,0.0,3.0338000000000003,True,False
mp-3054,Li2CO3,12,9.537390758095185,Monoclinic,-2.247751566111111,0.0,5.0573999999999995,True,False
mp-3540,Li2SnO3,24,9.903040259018775,Monoclinic,-2.224686791527778,0.0,3.1273000000000004,True,False
mp-3552,Li2Si2O5,36,10.982124963171039,Orthorhombic,-3.011007265185186,0.0049050622222210905,5.24,False,False
mp-4117,Li2Si2O5,18,11.21142485193436,Orthorhombic,-3.015912327407407,0.0,5.154,True,False
mp-4156,Li2ZrO3,12,10.06296715529734,Monoclinic,-3.040215971111112,0.0,3.7336,True,False
mp-4556,Li2SO4,28,11.509103403092054,Monoclinic,-2.3112691966666667,0.0,6.02323767381971,True,False
mp-4630,Li2RuO3,12,8.81984496146825,Monoclinic,-1.8588993361111115,0.0,0.0,True,True
mp-4711,Li2CuO2,5,9.636543906424846,Orthorhombic,-1.6624233733333333,0.014433391249995431,0.0,False,True
mp-4779,Li2B4O7,52,8.974013053065772,Tetragonal,-2.8050073281410253,0.002735776057693151,5.668,False,False
mp-4855,Li2SeO4,42,12.406380301485456,Trigonal,-1.8510111950967314,0.0,3.8324,True,False
mp-5012,Li2SiO3,12,9.677924382351865,Orthorhombic,-2.882894919444446,0.0,5.0766,True,False
mp-6175,BaLi2P2O7,48,13.007182009827945,Monoclinic,-2.9612648454960318,0.002068839999975758,5.361800000000001,False,False
mp-6259,SrLi2Ta2O7,12,11.68525127161986,Tetragonal,-3.2077774730277775,0.0020088529166653046,2.1666,False,False
mp-6332,Li2TiSiO5,18,10.466679579976077,Tetragonal,-3.102775733333333,0.0,3.2152999999999996,True,False
mp-6412,Li2CuP2O7,24,12.817445598656859,Monoclinic,-2.450907211746031,0.0,0.0,True,True
mp-6782,Li2ZrTeO6,10,11.16495249487934,Trigonal,-2.496664910333334,0.012301818249996543,2.7792,False,False
mp-7608,Li2PdO2,5,10.265393161423862,Orthorhombic,-1.6323327853333354,0.0,1.1973000000000003,True,False
mp-7610,Li2CaSiO4,8,10.590545426095005,Tetragonal,-3.0303690320833327,0.0,5.189699999999999,True,False
mp-7611,Li2CaGeO4,8,11.362526243644815,Tetragonal,-2.604269733958333,0.0,4.1135,True,False
mp-7688,Li2CdGeO4,16,12.24480293062905,Orthorhombic,-2.113450307708333,0.0,2.455,True,False
mp-7998,Li2Ge2O5,18,12.491451444872613,Orthorhombic,-2.2454126229629634,0.02155324222222088,4.1152999999999995,False,False
mp-8070,Li2BeSiO4,16,8.707191540993716,Monoclinic,-2.969780010208333,0.0,5.8679,True,False
mp-8184,Li2ZnGeO4,16,11.349391434862927,Monoclinic,-2.225629343333333,0.0,3.1053,True,False
mp-8294,Cs2Li2TiO4,18,17.06227516150812,Triclinic,-2.526923392701148,0.0,3.9553999999999996,True,False
mp-8313,Cs2Li2GeO4,18,17.596283766686998,Triclinic,-2.1023435273307793,0.0,3.4743999999999997,True,False
mp-8449,Rb2Li2SiO4,18,14.87407435332337,Triclinic,-2.497921002962963,0.0,3.8516,True,False
mp-8450,Rb2Li2GeO4,18,15.771279221849332,Triclinic,-2.1233419424074067,0.0,3.3651,True,False
mp-8673,Li2SnTeO6,20,11.44148164303855,Orthorhombic,-2.0039591093333335,0.0,2.0439000000000003,True,False
mp-9066,NaLi2AsO4,16,12.119112940002227,Orthorhombic,-2.1993633044432475,0.0,3.8891,True,False
mp-9406,Li2La2Ti3O10,17,11.828707910668008,Tetragonal,-3.480496879215687,0.020434331617648738,2.073899999999999,False,False
mp-9607,Li2UO4,28,11.548024075408634,Orthorhombic,-3.1431914013095232,0.0,2.1005,True,False
mp-11189,Li2MgSiO4,32,10.884258218196281,Monoclinic,-2.952021454583333,0.0,4.677099999999999,True,False
mp-13182,Li2TiGeO5,18,11.215904787123499,Tetragonal,-2.7158954927777788,0.0015369686111128544,3.4593000000000003,False,False
mp-13843,Li2TeO4,28,10.703339960047469,Tetragonal,-1.949830574404759,0.0,2.2670999999999997,True,False
mp-14484,KNaLi2(SO4)2,56,13.599824906385802,Orthorhombic,-2.2854785030568547,0.0,5.2970999999999995,True,False
mp-14629,Li2EuSiO4,24,11.495873102225454,Trigonal,-2.9847616989583337,0.0,0.04330000000000034,True,False
mp-14646,Li2Mg2(SO4)3,76,11.810803919632002,Orthorhombic,-2.379975309035087,0.0,5.6251999999999995,True,False
mp-15349,Li2GeO3,12,10.49155438767857,Orthorhombic,-2.3221209661111097,0.0,3.568,True,False
mp-15901,Li2LaTa2O7,12,12.38636877517961,Tetragonal,-3.2140000634444434,0.04285207821110859,0.0,False,True
mp-15902,Li2Ca2Ta3O10,17,12.406016766094083,Tetragonal,-3.208209978745099,0.04017484325825649,0.0,False,True
mp-16691,SrLi2Ti6O14,92,11.867639819810167,Orthorhombic,-3.393170181050724,0.0,2.8389000000000006,True,False
mp-16872,RbLi2Ga2(BO3)3,34,12.407121611692807,Monoclinic,-2.6010948777450995,0.004173050424845393,3.6654999999999998,False,False
mp-17159,Li2CrO4,42,12.385740244384957,Trigonal,-2.0882741719047626,0.0,2.6021,True,False
mp-17288,Li2ZnSiO4,32,10.835523009390089,Monoclinic,-2.641684768020833,0.0,3.7868999999999997,True,False
mp-18050,Li2MoO4,42,13.330330347023422,Trigonal,-2.2730669402380905,0.0,4.1184,True,False
mp-18809,Li2VGeO5,36,11.144609441996863,Tetragonal,-2.3799735346296296,0.010562275729168569,2.1485,False,False
mp-18860,Li2VSiO5,36,10.412684763896022,Tetragonal,-2.765965153518519,0.0,2.3621,True,False
mp-18902,Li2WO4,42,14.453107976466757,Trigonal,-2.336457405952381,0.015912863571428737,4.877,False,False
mp-18933,Li2WO4,56,10.53942726974785,Tetragonal,-2.347262685059523,0.005107584464285608,4.3259,False,False
mp-18968,Li2FeSiO4,32,10.139888324660525,Orthorhombic,-2.5632664336458335,0.0,3.1235999999999997,True,False
mp-18988,Li2MnO3,24,8.144474308166098,Monoclinic,-2.180112729932952,0.0,1.3683999999999998,True,False
mp-19260,Li2WO4,14,10.295565972084225,Monoclinic,-2.352370269523809,0.0,3.9680000000000004,True,False
mp-19279,Li2MnO2,5,9.12921602470928,Trigonal,-2.02211192691954,0.027874728000001348,2.4283515589448887,False,False
mp-19308,Li2NiO2,10,8.250227307579014,Trigonal,-1.721651177333333,0.0025416910000002346,0.9116000000000004,False,False
mp-21650,Li2NiGe3O8,56,9.808599820667226,Cubic,-2.114492098869047,0.0,3.0431,True,False
mp-21778,Li2Fe2(MoO4)3,76,15.934616167868109,Orthorhombic,-2.0266685606140356,0.0,2.7910999999999997,True,False
mp-22450,Li2PbO3,12,10.618637522603162,Monoclinic,-1.7885109936111097,0.0,1.044,True,False
mp-23626,RbLi2(IO3)3,60,17.11221209289387,Monoclinic,-1.3959372274444453,0.0,3.8184,True,False
mp-23849,Li2H2SO5,20,10.767255606479043,Monoclinic,-1.991346373666667,0.01054296199999527,5.5815,False,False
mp-24165,Li2H2SeO5,20,11.90079171603132,Monoclinic,-1.6704360071510422,0.009272727416672844,3.9951999999999996,False,False
mp-25391,Li2CrPO4F,18,11.222534180502429,Triclinic,-2.6622556451455037,0.04091348243054327,2.8005999999999998,False,False
mp-25393,Li2FePO4F,36,10.838201375531817,Triclinic,-2.5916062865343914,0.040400714722220954,4.0613,False,False
mp-25394,Li2MnPCO7,48,11.645307794490565,Monoclinic,-2.3436889132700465,0.013499286921291542,0.8778999999999999,False,False
mp-25395,Li2MnPO4F,18,11.075770299901242,Triclinic,-2.706260182137841,0.0478817102777791,3.6757,False,False
mp-25397,Li2NiPO4F,36,10.330785150226967,Triclinic,-2.5123207162566135,0.030360165833331898,0.6458999999999997,False,False
mp-25402,Li2VPCO7,48,11.543775940466226,Monoclinic,-2.45698344219246,0.030499864687498324,2.0513000000000003,False,False
mp-25403,Li2VPO4F,36,10.93583118832435,Triclinic,-2.7258827223677247,0.03654177079218002,1.3885000000000005,False,False
mp-25455,Li2CrPCO7,48,11.311182498625035,Monoclinic,-2.425300793234126,0.01720705802083522,3.132,False,False
mp-25456,Li2CuPCO7,24,11.092502855532194,Monoclinic,-2.074571577609127,0.03392250972221689,0.0,False,True
mp-25457,Li2FePCO7,48,11.597415720993332,Monoclinic,-2.284534291984127,0.01878135593749697,2.4568,False,False
mp-25845,Li2FeP2O7,48,12.066877177328324,Monoclinic,-2.538807486746031,0.03607014680555398,4.1734,False,False
mp-25887,Li2Mn(PO3)4,38,10.949525893608616,Tetragonal,-2.6113849725352183,0.04054144535088966,5.0535000000000005,False,False
mp-25943,Li2CuP2O7,48,11.222130546682953,Monoclinic,-2.412108247996031,0.03879896374999969,0.0,False,True
mp-25991,Li2Ni3(P2O7)2,46,11.056922178793725,Monoclinic,-2.3811227191407873,0.0,4.0405,True,False
mp-26025,Li2FeP2O7,48,13.22598408777318,Monoclinic,-2.569337876537698,0.00553975701388687,4.4681,False,False
mp-26083,Li2Mn3(P2O7)2,46,12.016810316108067,Monoclinic,-2.6201111447404855,0.008266204782617415,3.7499,False,False
mp-26089,Li2CoP2O7,48,12.970464892338272,Monoclinic,-2.5147525269543647,0.013769648472200302,2.9977,False,False
mp-26095,Li2Mn(PO3)4,76,12.23718400908114,Orthorhombic,-2.645712758719428,0.006213659166679264,4.4103,False,False
mp-26125,Li2Fe(PO3)4,76,11.893877822780034,Orthorhombic,-2.583792996065162,0.009334568377206587,1.5945999999999998,False,False
mp-26165,Li2Ni(PO3)4,38,12.90793921955849,Monoclinic,-2.539445131854636,0.012201016798239372,4.6675,False,False
mp-26195,Li2Ni(PO3)4,76,11.70470579274395,Orthorhombic,-2.5381232997493735,0.013522848903501306,4.5469,False,False
mp-26241,Li2V3(P2O7)2,46,11.574751153362945,Monoclinic,-2.6338495745755686,0.021240333152168667,2.6931000000000003,False,False
mp-26255,Li2FeP2O7,48,11.637014949575436,Monoclinic,-2.5554447392460315,0.019432894305553283,4.0294,False,False
mp-26257,Li2MnP2O7,24,13.393509278612278,Monoclinic,-2.6472773432402845,0.023967148749973077,3.1115999999999997,False,False
mp-26261,Li2Cu(PO3)4,38,12.456713948098237,Monoclinic,-2.466710169749375,0.015091105745619338,0.8250000000000002,False,False
mp-26267,Li2Cu(PO3)4,76,11.863970893755434,Orthorhombic,-2.4603519484335847,0.021449327061409562,0.25249999999999995,False,False
mp-26271,Li2Sn(PO3)4,76,12.956995701224916,Monoclinic,-2.560618886986215,0.020036246776319544,4.059200000000001,False,False
mp-26305,Li2Cr3(P2O7)2,23,11.937328522566988,Triclinic,-2.5630633850103517,0.0313873030434646,3.1927000000000003,False,False
mp-26333,Li2CoP2O7,48,11.476734707948957,Monoclinic,-2.5010791711210314,0.02744300430553359,2.9940999999999995,False,False
mp-26359,Li2Co(PO3)4,38,13.090405146258046,Monoclinic,-2.5419054763283206,0.013010990219297192,3.2344,False,False
mp-26365,Li2NiP2O7,48,11.329297112866783,Monoclinic,-2.4864895388293644,0.025499805138893272,3.5677999999999996,False,False
mp-26407,Li2SnP2O7,48,13.02456972355077,Monoclinic,-2.5457480161210313,0.026173986250003445,4.118600000000001,False,False
mp-26413,Li2MnP2O7,48,11.909453844183389,Monoclinic,-2.646189875948618,0.025054616041638944,3.8876,False,False
mp-26415,Li2V(PO4)2,52,11.593085844476757,Monoclinic,-2.658300478150183,0.028517724294871982,1.2191,False,False
mp-26417,Li2Cr(PO3)4,38,12.889731397989308,Monoclinic,-2.6113049881704247,0.030421840724638827,3.4217,False,False
mp-26515,Li2CoP2O7,48,11.396492362904048,Triclinic,-2.492305880912699,0.03621629451386621,3.1796999999999995,False,False
mp-26553,Li2Mn3(P2O7)2,23,11.498932708513381,Triclinic,-2.5991957403926604,0.029181609130442432,3.5737000000000005,False,False
mp-26649,Li2SnP2O7,24,13.068430362589085,Triclinic,-2.552136414662698,0.019785587708336827,4.0479,False,False
mp-26673,Li2V(PO4)2,39,11.552343840900434,Trigonal,-2.6481203430219784,0.0386978594230758,1.1535,False,False
mp-26689,Li2V(PO3)4,38,13.31823776801056,Monoclinic,-2.64202422001253,0.02602554388094891,1.2918000000000003,False,False
mp-26731,Li2VP2O7,24,11.329806517137536,Triclinic,-2.6523787250793656,0.036475685842011885,2.9763,False,False
mp-26751,Li2CrP2O7,48,11.59098729937953,Monoclinic,-2.622539824871031,0.03699403020834069,3.1019999999999994,False,False
mp-26771,Li2CrP2O7,48,11.909082737693204,Monoclinic,-2.630717493204365,0.028816361875006358,3.4773,False,False
mp-26789,Li2FeP2O7,24,12.134337029459422,Monoclinic,-2.539559002996032,0.035318630555552843,4.103,False,False
mp-26823,Li2Cu3(P2O7)2,46,11.210339140220727,Monoclinic,-2.2122794017494813,0.03666048282608081,0.060499999999999776,False,False
mp-26851,Li2CuPO4,32,10.80342681675573,Monoclinic,-2.3066080742261903,0.049517606250000235,1.3886000000000003,False,False
mp-26855,Li2Sn(PO3)4,38,12.074291096853342,Tetragonal,-2.5369682773809523,0.04368685638158176,3.9056,False,False
mp-26863,Li2Mo(PO4)2,26,11.749474271442402,Monoclinic,-2.5393058177655683,0.04351336499999281,1.6175,False,False
mp-26871,Li2Sn3(P2O7)2,23,14.369375915418075,Triclinic,-2.429755924358177,0.04517443402173882,2.7556,False,False
mp-26947,Li2V(PO4)2,26,10.925213780296273,Monoclinic,-2.6385727523809526,0.04824545006410208,1.7178000000000002,False,False
mp-26957,Li2V2(PO4)3,76,11.899108269324259,Monoclinic,-2.6921169331892227,0.005157955811411874,0.0037000000000002586,False,False
mp-26965,Li2CrP2O7,24,12.511761588991215,Monoclinic,-2.6595338550793683,0.0,3.7041000000000004,True,False
mp-26985,Li2Fe3(P2O7)2,46,11.608829692194616,Monoclinic,-2.4754309467494817,0.004125616956518918,4.015599999999999,False,False
mp-27033,Li2SnP2O7,48,12.763931082586359,Monoclinic,-2.5549176209126983,0.01700438145833605,3.9316,False,False
mp-27130,Li2W2O7,22,12.341976718168096,Triclinic,-2.28143384151515,0.012205641477274654,3.7403999999999997,False,False
mp-27222,Li2Mo4O13,57,14.104241501055299,Triclinic,-2.0417699974561407,0.011239005065788454,2.4576000000000002,False,False
mp-27231,Li2TeO3,24,13.46815961221302,Monoclinic,-2.021365671805556,0.0,3.6614,True,False
mp-27751,Li2V6O15,23,12.264476139460683,Monoclinic,-2.3698211239855076,0.040506211521735835,0.0,False,True
mp-27811,Li2Te2O5,36,13.85435947934525,Monoclinic,-1.849478041666669,0.0,3.4847000000000006,True,False
mp-31560,Li2Co(PO3)4,38,13.398064877328705,Monoclinic,-2.5065599658020044,0.04835650074561304,3.154,False,False
mp-31604,Li2CoP2O7,48,11.30660002271251,Monoclinic,-2.4921435073710323,0.03637866805553269,3.1026,False,False
mp-31817,Li2Fe(PO3)4,38,12.888296245399697,Monoclinic,-2.5678254176441104,0.02530214679825793,3.9524,False,False
mp-31953,Li2MnP2O7,48,11.913975198764133,Triclinic,-2.6337244840736176,0.037520007916639564,3.8564,False,False
mp-31964,Li2Mn(PO3)4,38,12.961317278984046,Monoclinic,-2.623123920693112,0.02880249719299588,4.101,False,False
mp-31979,Li2Mn(PO3)4,38,13.968893378382825,Monoclinic,-2.6096527504299543,0.04227366745615324,4.1915,False,False
mp-32027,Li2Mn3(P2O7)2,46,11.768841678581225,Triclinic,-2.604979450610052,0.023397898913050774,3.4753,False,False
mp-32383,Li2NiP2O7,48,11.195678968676797,Triclinic,-2.4876435654960307,0.02434577847222652,4.116,False,False
mp-32395,Li2Ni3(P2O7)2,46,10.889493929633494,Triclinic,-2.3533400502277426,0.02778266891304426,3.7280999999999995,False,False
mp-32525,Li2V(PO4)2,52,11.39463829130755,Monoclinic,-2.6458551671886443,0.04096303525641076,2.6334,False,False
mp-35975,Li2MoO3,12,8.963857956258481,Monoclinic,-2.149139180277776,0.004722520000000507,0.09550000000000036,False,False
mp-36864,Li2TiO3,12,8.566034425138586,Monoclinic,-2.977037725833334,0.004916677500000688,2.4033999999999995,False,False
mp-43030,Na2Li2Al3Si3ClO12,46,14.537884420506447,Tetragonal,-3.0707476938880554,0.023950085199272664,4.637822679256089,False,False
mp-504122,Li2FeP2O7,48,11.981111202637953,Monoclinic,-2.5363296940376974,0.038547939513887464,4.2871999999999995,False,False
mp-504849,Cs2Li2SiO4,18,15.88312687791627,Triclinic,-2.4688951517752225,0.0,3.8531000000000004,True,False
mp-505245,Li2Cr(H2O3)2,52,10.179663175785546,Orthorhombic,-1.6962627578205125,0.018963177820514154,3.052,False,False
mp-531826,Li2PtO3,72,9.252414884639647,Monoclinic,-1.682490645,0.0,1.9603000000000002,True,False
mp-532085,Li2IrO3,60,9.0008775954317,Monoclinic,-1.7331413854444435,0.0,0.0,True,True
mp-532526,Li2PdO3,72,9.532961499729886,Triclinic,-1.589116379166667,0.04229902611111047,0.0,False,True
mp-532743,Li2Ti4Ni(PO5)4,62,11.365672762441253,Monoclinic,-2.9567786693087568,0.010165957903222278,2.9864999999999995,False,False
mp-540011,Li2Ni(PO3)5,46,12.903102394935592,Monoclinic,-2.43748463434265,0.04774743081521926,0.0,False,True
mp-540179,Li2Cr3(P2O7)2,46,11.910741953258556,Monoclinic,-2.5639702137060034,0.030480474347812425,2.1845,False,False
mp-540223,Li2MnP2O7,48,11.87422300411665,Monoclinic,-2.6496040569902846,0.02164043499997259,4.2547999999999995,False,False
mp-540231,Li2FeP2O7,48,11.486143985907937,Monoclinic,-2.5513008229960317,0.02357681055555272,4.1959,False,False
mp-540257,Li2CoP2O7,48,11.645966117785358,Triclinic,-2.5130049111210315,0.015517264305533018,3.2959000000000005,False,False
mp-540296,Li2Mo(PO4)2,26,11.61083579673843,Monoclinic,-2.54626705430403,0.036552128461530664,1.7581,False,False
mp-540310,Li2Mo(PO3)5,46,13.762001225012884,Monoclinic,-2.575388232168737,0.033342100724637724,4.4309,False,False
mp-540312,Li2V(PO4)2,26,11.225689798801882,Monoclinic,-2.642537165457875,0.044281036987179334,1.4504000000000001,False,False
mp-540330,Li2V(PO3)5,46,13.11836299859353,Monoclinic,-2.646454896733954,0.032200445398563815,2.2923,False,False
mp-540421,Li2MnP2O7,24,11.624229333256885,Triclinic,-2.631181240740285,0.0400632512499719,4.1701,False,False
mp-540431,Li2Fe5(PO4)4,27,12.116682218651885,Triclinic,-2.3529711542680776,0.03833693499999846,3.5627999999999997,False,False
mp-540433,Li2Fe3(P2O7)2,23,11.21158734291435,Triclinic,-2.442718145010352,0.03683841869564919,3.8427,False,False
mp-540469,Li2Co3(P2O7)2,23,10.925172603778305,Triclinic,-2.347840150227744,0.049400032554338225,2.9025999999999996,False,False
mp-540477,Li2Mn(PO3)4,19,12.273889042730575,Triclinic,-2.603497492798375,0.04842892508773211,3.8816000000000006,False,False
mp-540530,Li2Co(PO3)4,19,12.11679120720393,Triclinic,-2.508613935538847,0.04630253100877013,2.8594999999999997,False,False
mp-552307,Li2Co(WO4)2,26,11.000322480433661,Triclinic,-2.1518079882051278,0.00022431884614704245,2.6607,False,False
mp-554159,Li2BeSiO4,16,8.915226209308532,Orthorhombic,-2.964120770208333,0.005659239999999954,5.5993,False,False
mp-554446,Li2NiPO4F,72,9.714198335185824,Orthorhombic,-2.5130066708399466,0.029674211249998805,3.6477,False,False
mp-554685,Li2U3V2O15,44,15.747616915905553,Tetragonal,-3.07520563462121,0.0,2.2727,True,False
mp-555519,Li2Cu(WO4)2,13,11.333619781456482,Triclinic,-2.0654983112820515,0.020318934711538894,0.42369999999999974,False,False
mp-555899,Li2Si3O7,48,12.399092591932906,Orthorhombic,-3.077189366597222,0.0029527149305570433,5.2253,False,False
mp-555939,Li2Te2O5,72,14.155177261150536,Orthorhombic,-1.8491997894444465,0.00027825222222510604,3.1057999999999995,False,False
mp-555965,Li2ZnSn3O8,84,11.30353079422847,Orthorhombic,-2.133102561666666,0.0,1.9407,True,False
mp-555979,Li2Pr(NO3)5,92,11.831094322420812,Orthorhombic,-1.4331043942753623,0.0,3.6557,True,False
mp-556097,NaLi2(RuO2)6,21,10.44865023835686,Trigonal,-1.5104179427640942,0.03677222744047448,0.0,False,True
mp-556137,Li2Ca4Si4O13,46,12.71056946900283,Triclinic,-3.3038611070289865,0.005455047210145558,4.456,False,False
mp-556550,Li2NiO3,12,7.8383183073333305,Monoclinic,-1.5850437602777838,0.0,0.0,True,True
mp-556655,Li2AlBO4,32,10.560952399839348,Monoclinic,-2.9125574113541663,0.013991575624999975,4.864,False,False
mp-557177,Li2Al(BO2)5,72,10.707333182604495,Monoclinic,-2.909059632222222,0.00033834871913818176,5.6317,False,False
mp-557229,Li2Mo4O13,57,14.043839780461024,Triclinic,-2.0418162497368426,0.011192752785086135,2.3953,False,False
mp-557293,Li2CdSiO4,32,11.01039903972156,Orthorhombic,-2.532890937395833,0.0,2.8338,True,False
mp-557525,Li2Mo4O13,114,14.055333779194154,Monoclinic,-2.0413212163157897,0.011687786206139528,2.447,False,False
mp-557816,Ba5Li2(WO5)3,50,14.410016811024626,Hexagonal,-2.7799906008666664,0.0,2.2925000000000004,True,False
mp-557857,SrLi2Nb2O7,24,12.285146345209055,Orthorhombic,-3.014817200138888,0.010655998750007,1.6613,False,False
mp-557861,Li2CaTa2O7,12,12.135403357757811,Tetragonal,-3.1819678605277772,0.026328653750001152,2.1401,False,False
mp-557893,Li2U4W4O25,70,14.499324382323563,Monoclinic,-2.8562780147619047,0.016630219107140576,1.9108,False,False
mp-558045,NaLi2PO4,32,10.969667349945647,Orthorhombic,-2.6838797668986034,0.0,5.1689,True,False
mp-558054,SrLi2Ta2O7,24,11.63795219375802,Orthorhombic,-3.2097863259444437,0.0,2.2704000000000004,True,False
mp-558083,BaLi2Ti6O14,92,12.130306878409156,Orthorhombic,-3.392609160507246,0.0,2.8907999999999996,True,False
mp-558310,BaLi2SiO4,48,13.0049837605974,Hexagonal,-2.9828016685416663,0.0,4.3896,True,False
mp-558619,Li2Ti6PbO14,92,11.903517567933394,Orthorhombic,-3.2051081325724637,0.0,2.7640000000000002,True,False
mp-558628,KLi2BO3,28,12.25855415163467,Orthorhombic,-2.4585614590119045,0.0,3.999,True,False
mp-558765,Li2Ni(WO4)2,26,10.8631505614853,Triclinic,-2.1420072912820514,0.0016228657692245463,0.0,False,True
mp-558910,Li2U3(PO5)4,29,14.659555886024867,Triclinic,-3.0842296036288994,0.0,2.1386000000000003,True,False
mp-559070,Li2Hg(PO3)4,76,12.607511123155192,Monoclinic,-2.458917780275689,0.0050169205043850695,3.2670999999999997,False,False
mp-559240,Li2MnSiO4,32,10.949564587282337,Orthorhombic,-2.6900844140122118,0.0,2.0890000000000004,True,False
mp-559443,NaLi2Mo2P3O14,88,12.869552249367807,Monoclinic,-2.4995791038397517,0.0,0.034800000000000164,True,False
mp-559518,Li2FeSiO4,32,10.94501759364682,Monoclinic,-2.5622564702083332,0.0010099634375002609,3.3971,False,False
mp-559539,Li2U3P2O15,44,14.522034401412231,Tetragonal,-3.224857878679661,0.0,2.2683,True,False
mp-559554,Li2TeO3,12,26.058485969727375,Monoclinic,-2.0106526730555565,0.010712998749999869,3.9576,False,False
mp-559715,Li2Cd(PO3)4,76,12.50999073352513,Orthorhombic,-2.5708120918546356,0.005514853399117392,4.5942,False,False
mp-560036,Li2Ca3Be3Si3(O6F)2,100,10.987763381685975,Cubic,-3.3447741258666674,0.0,5.736800000000001,True,False
mp-560160,Li2U5MoO19,108,15.351231450547266,Monoclinic,-3.2333988616358003,0.03160317009260183,1.5978,False,False
mp-560189,NaLi2BO3,56,10.102130735546407,Monoclinic,-2.467089902994663,0.0,3.9589,True,False
mp-560212,Li2Ni(SO4)2,104,11.180548653566246,Orthorhombic,-2.0325857244551284,0.0018033458653841095,4.278599999999999,False,False
mp-560247,Li2Ca2Si5O13,44,12.60359910217736,Triclinic,-3.2375815684848495,0.009790573636363042,4.7981,False,False
mp-560793,Li2U(MoO5)2,15,16.135534260702386,Triclinic,-2.54882867711111,0.0,2.4115,True,False
mp-561011,Li2Ta2(OF2)3,39,15.200920149527683,Trigonal,-3.4742364612564107,0.0,3.8335999999999997,True,False
mp-561294,SrLi2Nb2O7,12,12.35927123462615,Tetragonal,-3.009051929305555,0.016421269583339893,1.4673,False,False
mp-561336,Li2Mg2Si4O11,38,11.119704559923807,Triclinic,-3.1132710145614024,0.015865032719299954,4.9276,False,False
mp-561743,Li2CoSiO4,32,10.680251693360098,Orthorhombic,-2.5110290742708337,0.00011448906249977853,0.7507999999999999,False,False
mp-562394,Cs4Li2(Si2O5)3,108,17.163310614476693,Monoclinic,-2.9463519568624945,0.0,4.408,True,False
mp-562404,Li2Co3(SeO3)4,42,13.08984122239312,Monoclinic,-1.4996215740972216,0.0,2.6422,True,False
mp-566593,Li2MnSn3O8,84,12.086160418928987,Orthorhombic,-2.1033727398522175,0.04591535494047516,1.1909999999999998,False,False
mp-573196,Cs3Li2Ga(MoO4)4,52,18.774981218073666,Tetragonal,-2.1955811270435466,0.0053369233846130015,4.0242,False,False
mp-581301,Li2MgMn3O8,56,10.321420447428162,Cubic,-2.2162592350328407,0.0,1.3224,True,False
mp-583836,Li2V(PO4)2,26,11.143948731078972,Monoclinic,-2.648054083150183,0.038764119294871335,1.4940999999999998,False,False
mp-583981,Li2Mo(PO4)2,13,12.137319693647672,Trigonal,-2.555503707380951,0.027315475384609655,1.9317,False,False
mp-584012,Li2NiP2O7,48,12.8976367731834,Monoclinic,-2.4906830932043644,0.021306250763893253,3.1132,False,False
mp-584122,Li2Co3(P2O7)2,46,11.383674400916354,Monoclinic,-2.3930935543581784,0.0041466284239035645,2.8175999999999997,False,False
mp-584129,Li2NiP2O7,48,10.942125200986991,Triclinic,-2.4859053944543636,0.026083949513894034,4.13,False,False
mp-604459,Li2B4H4O9,152,9.082801015336424,Triclinic,-2.3158437578070177,0.011560251535092547,5.1171999999999995,False,False
mp-607931,Cs3NaLi2(BO3)2,28,17.596157602321107,Triclinic,-2.3232943946674878,0.0,3.4539999999999997,True,False
mp-616566,Li2VPO6,40,10.685193462980303,Orthorhombic,-2.5720749446309528,0.014165039999999962,3.1365,False,False
mp-616572,Li2P2PdO7,24,12.586152218075311,Orthorhombic,-2.376041610079364,0.00786886861110947,1.2047999999999999,False,False
mp-672959,Li2Cu(PO3)4,19,11.843638236280459,Triclinic,-2.4636375376441113,0.01816373785088299,0.8002999999999998,False,False
mp-673071,Li2SnP2O7,24,12.26683024108074,Triclinic,-2.5352158629960315,0.03670613937500278,3.7003000000000004,False,False
mp-674420,Li2NiO3,24,7.839953567220685,Monoclinic,-1.5848085931944496,0.00023516708333914949,1.4157000000000002,False,False
mp-676365,Li2TiO3,48,9.154280553589093,Monoclinic,-2.9476840843750005,0.03427031895833377,2.2599,False,False
mp-684477,Li2Sb(PO3)5,46,14.85128525385195,Monoclinic,-2.5220123354296073,0.03696996105071726,3.9673999999999996,False,False
mp-689934,Li2CrP2O7,24,12.059984620419542,Monoclinic,-2.6231200921626985,0.03641376291667342,3.4910000000000005,False,False
mp-694855,Li2MoO3,12,8.904209220068406,Triclinic,-2.1538617002777762,0.0,1.3572000000000006,True,False
mp-694934,Li2TiFe(PO4)3,76,12.020502019637735,Monoclinic,-2.755892690206766,0.0006259700000077473,2.4485,False,False
mp-694955,NaLi2La3Ti6O18,30,12.027958523924893,Monoclinic,-3.4369442967682007,0.04875664812499991,1.9293,False,False
mp-695780,Li2MnP2O7,48,11.64274930180153,Triclinic,-2.650895510115285,0.020348981874972694,4.2766,False,False
mp-695805,Li2FeP2O7,48,11.423457203955287,Triclinic,-2.555914196746031,0.01896343680555379,4.2488,False,False
mp-696441,Li2Cr2H4O9,34,11.32663713816453,Monoclinic,-1.6685000233333336,0.009942774784315489,0.10200000000000031,False,False
mp-697181,CsLi2(HO)3,18,11.977191349551768,Monoclinic,-1.6948288144524268,0.0,4.1415,True,False
mp-697726,Li2CoP2O7,24,11.1320136738196,Triclinic,-2.494363203412698,0.03415897201386642,3.0107999999999997,False,False
mp-697754,Li2V(PO3)4,76,11.870143535606774,Monoclinic,-2.642314666065162,0.025735097828317066,2.8952000000000004,False,False
mp-697796,Li2Cr5(PO4)4,27,12.380234116212906,Triclinic,-2.4790604479717806,0.038452394236108134,2.3366999999999996,False,False
mp-697811,Li2FeP2O7,48,11.629162350716028,Triclinic,-2.5449035019543653,0.02997413159721951,3.7642,False,False
mp-697850,Li2Cr(PO3)4,76,11.894730679710275,Monoclinic,-2.6135250909335834,0.028201737961479623,0.09609999999999985,False,False
mp-697855,Li2Cr3(P2O7)2,46,12.125574683247489,Triclinic,-2.5594590643581783,0.03499162369563713,2.7561000000000004,False,False
mp-698666,Li2MoO3,48,9.88592065866285,Triclinic,-2.1046653138194444,0.04919638645833224,0.5515999999999996,False,False
mp-699932,Ba3Li2Mo4P6(ClO14)2,180,15.202200817336726,Orthorhombic,-2.615684200044973,0.03579290272228608,2.1138,False,False
mp-703343,Li2Sn(H5O4)2,42,8.007677665964033,Monoclinic,-1.549569960674603,0.00655353571428563,4.0087,False,False
mp-704145,Li2Mn2(SO4)3,152,12.67921902547361,Orthorhombic,-2.1389495852646703,0.007731198157890695,4.4239,False,False
mp-704197,Li2Mo(PO4)2,52,11.55164425001204,Monoclinic,-2.5369874921886444,0.04583169057691627,1.6945999999999999,False,False
mp-704203,Li2VP4O13,40,13.433020601004865,Triclinic,-2.6189389630119053,0.04583670916665916,1.8286,False,False
mp-704204,Li2MoP4O13,40,14.037933134000914,Triclinic,-2.555278688261906,0.04919762954167073,0.0,False,True
mp-704942,Li2Cr(PO3)5,46,13.650047640493346,Monoclinic,-2.611828072603519,0.04396030231884307,2.1007,False,False
mp-704943,Li2Mn3ZnO8,56,10.219149972307758,Cubic,-2.0181028503899836,0.0,1.5421,True,False
mp-705277,Li2Co(PO3)4,76,11.76745674563233,Monoclinic,-2.538214582380952,0.016701884166665515,3.2054,False,False
mp-705334,Li2V(PO3)5,46,14.004439357952302,Monoclinic,-2.6411189521687364,0.0375363899637815,2.1267,False,False
mp-705336,Li2Co3(P2O7)2,46,11.15891767526233,Triclinic,-2.3487976910973094,0.04844249168477255,2.7885,False,False
mp-705355,Li2Mn(PO3)5,46,13.009532397090117,Monoclinic,-2.5719540438179136,0.03080228289854947,1.5914000000000001,False,False
mp-705356,Li2Fe(PO3)5,46,13.08825894939901,Monoclinic,-2.547096333690476,0.03586255083333256,2.4488,False,False
mp-705362,Li2Co(PO3)5,46,12.925622088693341,Monoclinic,-2.454015545429607,0.03425842985505767,0.8796999999999999,False,False
mp-705401,Li2Ni4P4O15,100,12.37660153754456,Monoclinic,-2.2593116890095235,0.04715556819999378,9.999999999976694e-05,False,False
mp-705847,Li2(CoO2)3,22,9.26212657306492,Triclinic,-1.5445826969696967,0.0488707421590906,0.0,False,True
mp-705887,Li2TiCr(PO4)3,76,11.915954659229307,Monoclinic,-2.8400685702067667,0.0008179755263162392,2.4493,False,False
mp-720254,Li2H4(SO4)3,84,12.736823858464438,Orthorhombic,-1.809534580436508,0.0,5.8773,True,False
mp-720669,Li2Ti2MnCr2(PO4)6,74,12.303498245048042,Triclinic,-2.8005415751113927,0.012822904324323758,2.3989000000000003,False,False
mp-722272,Li2H12C3SN6O7,62,9.911166390798487,Monoclinic,-0.9987791927150532,0.049914957480792665,5.0179,False,False
mp-725430,Li2Ti4Ni(PO5)4,31,11.337626027309927,Triclinic,-2.962019529953918,0.0049250972580612284,2.9429,False,False
mp-726129,Li2Ti4Co(PO5)4,62,11.230271019342732,Monoclinic,-2.9339773149539177,0.04036161080645151,1.6172,False,False
mp-726294,Li2V2P2O11,34,14.599760615342092,Orthorhombic,-2.5152882985854355,0.036172157058818044,2.0181,False,False
mp-732284,Li2Ti4Co(AsO5)4,62,12.424225945200392,Triclinic,-2.459493442741936,0.010862801612901762,2.7286,False,False
mp-733849,Li2P2H2O7,78,11.946073661575728,Trigonal,-2.362636286291209,0.027498839294865185,5.2791,False,False
mp-752498,Li2VOF5,9,13.979641418136746,Orthorhombic,-2.9076886974074077,0.029861655000000376,3.2968,False,False
mp-752523,Li2FeNi3O8,28,10.014179249319453,Monoclinic,-1.3084685740476192,0.038804654161930685,0.0,False,True
mp-752610,Li2CrFeO4,16,9.29995995917617,Orthorhombic,-2.168909380833334,0.008267917916666256,1.6024000000000003,False,False
mp-752657,Li2FeP2O7,48,11.593742529228534,Triclinic,-2.543106664246032,0.03177096930555301,4.3859,False,False
mp-752659,Li2FeP2O7,48,11.410777976051316,Triclinic,-2.5276552998710318,0.047222333680553064,3.8886000000000003,False,False
mp-752703,Li2CoNi3O8,14,9.368758847857595,Trigonal,-1.2801518890476191,0.013071243839288371,0.0,False,True
mp-752716,Li2VNi(PO4)2,28,10.559297279520901,Monoclinic,-2.498223306496599,0.041329184732147084,1.6594999999999995,False,False
mp-752766,Li2CrSiO4,24,11.00080078787151,Trigonal,-2.613795254583334,0.041415053541667746,3.0789,False,False
mp-752799,Li2FeSiO4,16,10.76617147222248,Triclinic,-2.5319719070833333,0.0312945265625002,3.0614,False,False
mp-752814,Li2TiV2O6,22,10.419351551494367,Monoclinic,-2.742669439545456,0.03591827738635445,1.2730999999999995,False,False
mp-752820,Li2VP2O7,24,12.38613624243195,Monoclinic,-2.647227781746032,0.04162662917534554,2.7746999999999997,False,False
mp-752828,Li2Si2NiO6,44,11.64883916814988,Orthorhombic,-2.6548543701515155,0.03784357295455276,3.6551,False,False
mp-752844,Li2MnSiO4,16,10.900737025510715,Tetragonal,-2.671822164949713,0.018262249062498626,2.7378,False,False
mp-752853,Li2FeSiO4,32,10.749139379295238,Tetragonal,-2.5483397530208327,0.014926680625000799,3.0781,False,False
mp-752869,Li2VP2O7,48,11.769679138680685,Triclinic,-2.645261849871032,0.04359256105034515,2.5888999999999998,False,False
mp-752900,Li2FeSiO4,32,11.354298347431076,Orthorhombic,-2.5523830333333333,0.010883400312500235,2.9645,False,False
mp-752913,Li2FeSiO4,32,10.909606541676302,Monoclinic,-2.559076867708333,0.004189565937500639,3.0269000000000004,False,False
mp-752946,Li2CoSiO4,32,11.12682351087128,Monoclinic,-2.4845597902083334,0.026583773125000043,2.4566,False,False
mp-752954,Li2CrCo3O8,28,10.051592265106207,Monoclinic,-1.6647736636904773,0.0429927518253983,0.40080000000000005,False,False
mp-752965,Li2V3O6,22,10.380099917740367,Monoclinic,-2.470883965151515,0.0446870835227271,1.1098000000000003,False,False
mp-753050,Li2FeNiO4,16,8.946284497886666,Tetragonal,-1.7177534595833341,0.0037105638541659047,0.0,False,True
mp-753118,Li2FeSiO4,48,10.791293425728403,Trigonal,-2.5150130818749994,0.048253351770833675,3.2064000000000004,False,False
mp-753128,Li2VO2F,12,9.279829530914212,Trigonal,-2.7075890486111116,0.009730130833334627,1.7955,False,False
mp-753142,Li2Co(SiO3)2,44,11.728827014584782,Orthorhombic,-2.707444126969697,0.01143246742424342,2.9727,False,False
mp-753162,Li2BiO3,6,12.209672701850373,Orthorhombic,-1.8518620152777778,0.02030143208333346,0.0,False,True
mp-753177,Li2MnCo3O8,14,9.917065981180839,Trigonal,-1.6386892903284078,0.03485571625000006,0.0,False,True
mp-753190,Li2P2WO8,26,12.371016876938851,Monoclinic,-2.5929411262271054,0.006334047692308609,3.0496,False,False
mp-753235,Li2Mn3TeO8,28,11.258448428996271,Hexagonal,-1.9990731887233173,0.003369354598215857,0.21819999999999995,False,False
mp-753270,Li2V3(P2O7)2,46,11.34595902449544,Triclinic,-2.608009693923395,0.04708021380434246,2.9492000000000003,False,False
mp-753282,Li2MnOF3,28,10.857948809355985,Monoclinic,-2.7976394974425287,0.0368032879761957,1.5105,False,False
mp-753291,Li2Mn(PO4)2,26,11.667063606974201,Monoclinic,-2.4958293422218016,0.00597898472222802,0.9969000000000001,False,False
mp-753296,Li2(NiO2)3,22,9.32491321471123,Monoclinic,-1.2719194065151513,0.046873058825753766,0.31079999999999997,False,False
mp-753313,Li2Mn(PO4)2,26,11.439635901048433,Monoclinic,-2.4753750741448783,0.02643325279915132,0.6466999999999999,False,False
mp-753337,Li2VNiO4,16,9.139774280763762,Orthorhombic,-2.145063296458333,0.04175627312499941,1.6752999999999996,False,False
mp-753347,Li2MnNiO4,16,8.96971710994409,Orthorhombic,-1.9087633943247129,0.03084247812500074,0.2562000000000002,False,False
mp-753366,Li2CoCuO4,16,8.53616205073107,Orthorhombic,-1.5569759620833343,0.04114462874999969,0.0,False,True
mp-753392,Li2NiOF2,12,8.917198825336966,Tetragonal,-2.477552437777778,0.03807296499999957,2.1820999999999997,False,False
mp-753446,Li2VCrP2(HO5)2,36,10.084190673200025,Triclinic,-2.464504401025132,0.002753282777725019,2.3035,False,False
mp-753482,Li2MnCoO4,8,9.120930190354033,Monoclinic,-1.9188365343247131,0.03420579968750026,0.0,False,True
mp-753527,Li2Mn(SiO3)2,22,12.483672513493548,Monoclinic,-2.805171915872519,0.043843479015150955,3.3968,False,False
mp-753536,Li2CoNiO4,16,8.512676587443455,Orthorhombic,-1.6202891802083332,0.017019385624997163,0.0,False,True
mp-753547,Li2NiP2O7,48,10.893710328845401,Triclinic,-2.4751396613293646,0.0368496826388931,4.169,False,False
mp-753589,Li2VCrO4,16,9.395802043033436,Monoclinic,-2.4465034233333345,0.004698024374999221,1.6276000000000002,False,False
mp-753609,Li2Mn(PO4)2,52,11.185562023027842,Triclinic,-2.4523574329910316,0.049450893952998065,0.7448999999999999,False,False
mp-753634,Li2Fe(SiO3)2,44,11.911974601110996,Orthorhombic,-2.743686567651515,0.013097568787880043,3.314,False,False
mp-753660,Li2VCrP2(HO5)2,18,10.090630599123399,Triclinic,-2.46725768380291,0.0,2.1699999999999995,True,False
mp-753686,Li2VCrP2(O4F)2,32,11.302698481739117,Triclinic,-2.796447820059523,0.0017302867708206549,2.0572,False,False
mp-753700,Li2Si2WO7,24,11.519128201423277,Triclinic,-2.7278757451388884,0.04322513166666475,2.7995000000000005,False,False
mp-753723,Li2Mn2OF6,22,11.421970801050872,Triclinic,-2.8105938875026126,0.021574763484845327,1.631,False,False
mp-753728,Li2Cr3SnO8,28,10.630673371878526,Hexagonal,-2.2659068022619047,0.014802324801594047,0.0,False,True
mp-753732,Li2CoSiO4,32,10.68943421257292,Monoclinic,-2.5111435633333334,0.0,2.957,True,False
mp-753733,Li2MnO2F,24,9.81748594506966,Orthorhombic,-2.4519608936829496,0.04275090041666907,2.1464,False,False
mp-753753,Li2MnOF3,28,10.896981007969599,Tetragonal,-2.7945563688711,0.039886416547624925,1.8858,False,False
mp-753770,Li2FePCO7,24,11.266054194491671,Triclinic,-2.294970380109127,0.008345267812496893,2.3352999999999997,False,False
mp-753810,Li2SiNiO4,16,10.994684854092354,Monoclinic,-2.4333248027083334,0.03336771187500087,3.461,False,False
mp-753811,Li2VCrO4,16,9.394709964659699,Monoclinic,-2.4448188870833345,0.006382560624999201,1.7173999999999996,False,False
mp-753828,Li2CoSiO4,32,10.54197003025432,Orthorhombic,-2.506738275208334,0.004405288124999629,2.7203,False,False
mp-753864,Sr2Li2Nb4O13,21,13.181242816920596,Tetragonal,-3.0890252929365083,0.02741054404761556,1.4216,False,False
mp-753866,Li2VCr(P2O7)2,44,12.162965670630799,Triclinic,-2.7031651750108225,0.0,2.1866,True,False
mp-753892,Li2Cr2O7,22,14.036318876421516,Triclinic,-1.855893267424242,0.03988033330302976,2.4081,False,False
mp-753950,Li2Co(CO3)2,22,11.440503382449185,Orthorhombic,-1.9604577328787889,0.022726872727271363,2.8996,False,False
mp-753960,Li2H2SeO5,20,12.21950447931496,Monoclinic,-1.6590696211510418,0.02063911341667346,3.9349,False,False
mp-753967,Li2Mn3GaO8,14,10.512150734989357,Trigonal,-2.0961756848542694,0.020609287857119796,0.0,False,True
mp-754015,Li2VCrO4,16,9.449412962120391,Monoclinic,-2.446047834583334,0.005153613124999623,1.5322,False,False
mp-754029,Li2VCrO4,16,9.391712640635266,Triclinic,-2.4450478714583346,0.0061535762499991264,1.7728000000000002,False,False
mp-754032,Li2NiP2O7,48,11.739664762939872,Monoclinic,-2.4731320209126975,0.03885732305556022,4.366,False,False
mp-754034,Li2TlPCO7,24,12.774265420195695,Monoclinic,-2.124477582470238,0.03726239680555743,1.4549,False,False
mp-754054,Li2VCrO4,16,9.313933826314804,Monoclinic,-2.441359220833334,0.009842226874999582,0.9269000000000003,False,False
mp-754083,Li2Ni5O7,14,8.508095181482568,Monoclinic,-1.36155974154762,0.016471843690473165,0.0,False,True
mp-754091,Li2CrO3,24,8.299944597621563,Monoclinic,-2.2365294956944446,0.01978435166666781,0.8223000000000003,False,False
mp-754097,Li2FeBO4,32,9.781000579545603,Orthorhombic,-2.303791909166666,0.046753734062500385,2.5776,False,False
mp-754100,Li2FeCuO4,8,9.209488112210792,Monoclinic,-1.655275493333333,0.042483585937499235,0.0,False,True
mp-754139,Li2Cr3TeO8,14,11.380158753541474,Trigonal,-2.164973477380952,0.028997913482143645,0.0,False,True
mp-754183,Li2VNiO4,8,9.137394644647642,Monoclinic,-2.1447808520833336,0.04203871749999877,1.7008999999999999,False,False
mp-754256,Li2CrFeO4,16,9.351066292158311,Monoclinic,-2.1660692414583336,0.01110805729166664,1.6838000000000006,False,False
mp-754265,Li2MgMn3O8,14,10.347244857156747,Trigonal,-2.196948732532841,0.01931050249999977,1.3888999999999998,False,False
mp-754267,Li2MnCu3O8,14,10.185547001341904,Trigonal,-1.3523702967569784,0.038954105836302766,0.0,False,True
mp-754294,Li2VCo3O8,14,9.534360015081463,Trigonal,-1.7983533476190476,0.02497324141580748,0.2413000000000003,False,False
mp-754320,Li2MnPCO7,24,11.40245387070653,Triclinic,-2.3281833474367133,0.02900485275462472,0.40369999999999995,False,False
mp-754330,Li2MnSnO4,32,10.79427718521968,Monoclinic,-2.126672345574712,0.04998518968750165,0.8182,False,False
mp-754336,Li2MnFeO4,8,9.322980413555836,Tetragonal,-2.0293547655747126,0.023048590312500394,0.0,False,True
mp-754348,Li2CrFeO4,24,9.33708009606273,Triclinic,-2.177026989583334,0.00015030916666614047,1.9762,False,False
mp-754365,Li2Cr2O7,22,12.753333543232968,Monoclinic,-1.879422356515151,0.016351244212120974,2.378,False,False
mp-754386,Li2CrFeO4,24,9.352734194390823,Triclinic,-2.1706289825000002,0.006548316249999964,1.9518999999999997,False,False
mp-754391,Li2TiFeO4,32,9.57121533377355,Monoclinic,-2.5609247928125,0.04592085656249534,0.8302999999999998,False,False
mp-754534,Li2CeO3,6,12.511570146565019,Orthorhombic,-2.998827910277773,0.0,2.3497000000000003,True,False
mp-754564,Li2CoOF3,28,10.658341909321104,Tetragonal,-2.490693154880952,0.04902592178571563,1.0344,False,False
mp-754607,Li2MnFeO4,8,9.506109087305935,Monoclinic,-2.0220515743247134,0.030351781562499625,0.2070000000000003,False,False
mp-754619,Li2CrP2O7,24,12.725362204423627,Monoclinic,-2.6398439592460314,0.019689895833339577,2.201,False,False
mp-754635,Li2MnFe(PO4)2,28,10.995902246869003,Monoclinic,-2.5555694017059585,0.001092972321429464,3.7761,False,False
mp-754641,Li2MnCrO4,8,9.259372358065722,Tetragonal,-2.2495509218247127,0.03469498687500039,0.0,False,True
mp-754669,Li2VP2O7,48,12.208078668104342,Monoclinic,-2.6721703419543648,0.016684068967012244,2.7579000000000002,False,False
mp-754682,Li2TiCo3O8,14,9.571977018358213,Trigonal,-1.9736726185714275,0.030052680446432944,0.0,False,True
mp-754716,Li2CuNiO4,16,8.757553129048004,Tetragonal,-1.4593532327083336,0.014933122291665768,0.0,False,True
mp-754735,Li2Ni3SbO8,14,10.656449298136971,Trigonal,-1.5371554633333335,0.017181096785710004,0.0,False,True
mp-754749,Li2CoOF3,28,10.595721205978396,Monoclinic,-2.4941435309523814,0.04557554571428568,0.6847,False,False
mp-754758,Li2FeO2F,12,9.208817873511903,Trigonal,-2.3486468061111108,0.0027761770833345523,1.8355999999999997,False,False
mp-754774,Li2Mn3(CoO4)3,20,10.677742463372295,Triclinic,-1.6822504850229882,0.03598939679166868,1.0678,False,False
mp-754778,Li2CrCuO4,8,9.099901601385264,Monoclinic,-1.9004155083333334,0.029186123749999737,0.0,False,True
mp-754784,Li2Mn3CoO8,28,10.169670812274417,Hexagonal,-1.913291934675699,0.03775343607144244,0.6454,False,False
mp-754810,Li2MnVP2(HO5)2,18,10.154187872672033,Triclinic,-2.4073430570213015,0.027302739880941118,1.0425,False,False
mp-754851,Li2CoSnO4,32,10.102648334747858,Tetragonal,-1.9596507111458337,0.026822169062500123,1.0167000000000002,False,False
mp-754863,Li2MnFe(BO3)2,24,10.330531984906724,Monoclinic,-2.419920157744253,0.00362995854166126,3.1274999999999995,False,False
mp-754870,Li2RhO3,12,8.802750143625326,Monoclinic,-1.7550583119444454,0.0,0.0,True,True
mp-754882,Li2Ni3SnO8,28,10.074049183644261,Hexagonal,-1.4544133169047626,0.033400756130953724,0.0,False,True
mp-754901,Li2CrFeO4,8,9.203294275278228,Tetragonal,-2.1463339233333336,0.030843375416666596,1.2734,False,False
mp-754945,Li2MnNiO4,8,8.909483846144052,Monoclinic,-1.9008708405747132,0.03873503187500038,0.29559999999999986,False,False
mp-754949,Li2Mn(SiO3)2,44,12.064240415750232,Orthorhombic,-2.836832722690701,0.012182672196969335,3.4868999999999994,False,False
mp-754952,Li2CrFeO4,16,8.911566881133115,Monoclinic,-2.1446631639583336,0.03251413479166665,2.1398,False,False
mp-754990,Li2VP2HO8,56,10.48383483266093,Monoclinic,-2.585221349264456,0.0009663069817111847,2.0854999999999997,False,False
mp-755002,Li2NiBiO4,16,10.9531767813527,Tetragonal,-1.666356426458334,0.04228748406249938,0.0,False,True
mp-755006,Li2FeP2O7,48,13.267281363054375,Orthorhombic,-2.532484647787698,0.04239298576388695,3.9051,False,False
mp-755008,Li2FeNiO4,8,8.73231465181904,Monoclinic,-1.6794384970833338,0.04202552635416623,0.0,False,True
mp-755048,Li2CrFeO4,8,9.332937128977106,Monoclinic,-2.169968332083334,0.00720896666666615,1.7079999999999997,False,False
mp-755094,Li2FeO2,20,10.726026344211597,Orthorhombic,-1.8779757583333327,0.002024537500000534,1.7893000000000001,False,False
mp-755096,Li2TiNiO4,16,9.214584482806453,Monoclinic,-2.506217914375,0.03476921312498682,1.6432999999999995,False,False
mp-755129,Li2MnFe(BO3)2,24,10.488114219374546,Triclinic,-2.4184196789942525,0.005130437291661849,3.0258000000000003,False,False
mp-755249,Li2NiSnO4,32,10.10074432780472,Monoclinic,-1.960714100833334,0.012322317812500039,2.1677999999999997,False,False
mp-755265,Li2MnCo3O8,14,9.774066209472995,Monoclinic,-1.627823000328407,0.045722006250001,0.0,False,True
mp-755278,Li2VCrO4,16,9.181191981777534,Tetragonal,-2.4152438839583343,0.035957563749999366,0.7542,False,False
mp-755297,Li2CoO2,5,8.823578117122292,Trigonal,-1.7376266233333333,0.026959160625001033,2.5492,False,False
mp-755319,Li2MnFe(BO3)2,24,10.526966140339303,Triclinic,-2.418192490660919,0.005357625624995421,3.0082,False,False
mp-755348,Li2TiNi2O5,20,8.991756903055343,Monoclinic,-2.23113864,0.045268121999993305,2.1225,False,False
mp-755352,Li2HfO3,12,9.791801372320966,Monoclinic,-3.1678989194444456,0.0025094091666657548,5.0702,False,False
mp-755365,Li2MnSnO4,32,10.805902454870962,Tetragonal,-2.1392738130747135,0.03738372218750019,0.0,False,True
mp-755369,Li2VGaO4,48,8.896344788433938,Triclinic,-2.3933990380208314,0.042928871562502025,1.6450000000000005,False,False
mp-755379,Li2MnV3O8,14,10.911248776558235,Trigonal,-2.413716040328407,0.03269118955356909,1.2306,False,False
mp-772439,Li3AlFeO4,72,10.858436539656584,Tetragonal,-2.3942506309722225,0.026613282361113377,2.4242,False,False
mp-772484,Na3Li3Mn2P2(CO7)2,52,11.523787085214142,Triclinic,-2.3777706967032968,0.036483167884632905,3.4958,False,False
mp-772492,Li3V12O29,44,12.044555995865228,Monoclinic,-2.373684585340908,0.042285380454544,0.0,False,True
mp-772498,Na3Li3Mn2P2(CO7)2,52,11.733647691464903,Triclinic,-2.38528718304945,0.028966681538479477,2.1898,False,False
mp-772507,Na3Li3Mn2P2(CO7)2,52,11.63389904368273,Triclinic,-2.38302005978022,0.031233804807709653,3.487,False,False
mp-772628,Li3V(BO3)2,48,9.080356738440015,Monoclinic,-2.629550492777778,0.039146213750004044,2.3124000000000002,False,False
mp-772637,Na3Li3Mn2P2(CO7)2,52,11.544747888400947,Triclinic,-2.3789343090109893,0.03531955557694033,3.5650999999999997,False,False
mp-772668,Li3MnSiCO7,26,10.494914950537005,Monoclinic,-2.430324807533157,0.04134151003924291,0.8431000000000002,False,False
mp-772738,Li3Fe2(PO4)3,80,11.61929187343964,Monoclinic,-2.4646824428214287,0.047559606374998786,2.2874,False,False
mp-772750,Li3MgPCO7,26,10.405075858166118,Monoclinic,-2.583922128434066,0.049613474230770116,5.4592,False,False
mp-772753,Li3ZnPCO7,26,10.720108397003427,Monoclinic,-2.3664432265109885,0.04194048346153956,4.3436,False,False
mp-772755,Li3CuPCO7,26,10.414677622837273,Monoclinic,-2.198118876510989,0.04938646192307683,0.15739999999999998,False,False
mp-772851,Na3Li3Fe2P2(CO7)2,52,11.441857551635234,Triclinic,-2.2990324849393713,0.030117454230765617,3.7383000000000006,False,False
mp-772865,Li3V6Fe4(CuO12)2,39,12.486340573799868,Triclinic,-2.048156287692307,0.038225279487176245,0.0,False,True
mp-772931,Na3Li3Fe2P2(CO7)2,52,11.37933966627578,Triclinic,-2.2997129137855246,0.029437025384612348,3.7783000000000007,False,False
mp-772982,Li3Ti6Co3O16,56,10.793916332419565,Monoclinic,-2.8648615298214293,0.02981946955357273,0.0,False,True
mp-773015,K2Li3MnO4,40,12.990715947093284,Monoclinic,-1.8817559944931026,0.03448304795833934,0.8517000000000001,False,False
mp-773055,Li3Mg3Ti6O16,56,10.869190714377057,Monoclinic,-3.2376800508928576,0.014435979464282767,0.0,False,True
mp-773057,Li3Mn2(PO4)3,80,11.708323606126253,Monoclinic,-2.556238588114533,0.011282807124988636,0.9762,False,False
mp-773081,Li3Ti6Zn3O16,56,10.858866784595362,Monoclinic,-2.9704990396428568,0.013107922946419492,0.0,False,True
mp-773399,Li3Fe(PO4)2,28,10.280046074369077,Monoclinic,-2.561607267091837,0.019487391607143856,2.474,False,False
mp-773516,Li3NiO3,28,9.981239484787764,Tetragonal,-1.716244253571428,0.023292737619048154,1.4143999999999999,False,False
mp-773709,Li3Fe(NiO3)2,12,9.023574057631668,Monoclinic,-1.6336328550000008,0.013340260347224131,0.0,False,True
mp-774219,Li3MnCo3O8,15,8.98187627054623,Trigonal,-1.7593521778620698,0.030266861428576597,0.4676999999999998,False,False
mp-774236,Li3CrSiCO7,52,10.418752454260819,Monoclinic,-2.498921508269231,0.03758497576923414,3.113,False,False
mp-774240,Na3Li3Mn2P2(CO7)2,26,11.497479958794248,Triclinic,-2.381360829587912,0.03289303500001761,3.5313,False,False
mp-774249,Li3MnCr2O6,24,9.36903768903697,Monoclinic,-2.30310641566092,0.022598141250003145,0.5482999999999998,False,False
mp-774297,Li3MnV(PO4)3,40,11.86078021466397,Trigonal,-2.6360410770929796,0.03364236668750209,0.0,False,True
mp-774300,Li3CoNi3O8,45,9.069738667794082,Triclinic,-1.4260631924444447,0.014818170805557251,0.0,False,True
mp-774317,Li3VP2H2O9,34,10.53050848040493,Monoclinic,-2.4544688762815126,0.030413018389521262,2.4006000000000003,False,False
mp-774334,Na5Li3V8O24,40,13.702961008449174,Monoclinic,-2.383024326172415,0.012301732875000582,3.1045000000000003,False,False
mp-774346,Li3V2(PO4)3,40,11.78140719012595,Monoclinic,-2.6833265581964283,0.044280078000006995,0.02190000000000003,False,False
mp-774348,Li3MnFe2(BO3)3,36,10.336100591429002,Monoclinic,-2.386879661690613,0.006200621805549922,2.8263,False,False
mp-774353,Li3Ti(NiO3)2,24,9.087304399238247,Monoclinic,-2.154116421527777,0.03920542986110842,0.0,False,True
mp-774373,Li3MnFe2(BO3)3,36,9.74906834443658,Monoclinic,-2.3868489233572796,0.0062313601388837014,2.7431,False,False
mp-774378,Li3Mn2Fe(BO3)3,36,10.428115683134415,Monoclinic,-2.4499530393534497,0.004066909722221013,2.6337,False,False
mp-774432,K2Li3NiO4,40,12.442904149716638,Monoclinic,-1.66320836995,0.0,1.8090000000000002,True,False
mp-774463,Li3Cr2(PO4)3,40,11.476951886622766,Monoclinic,-2.6251626584464285,0.042389934249986716,2.8011,False,False
mp-774474,Li3Y14Ti14(S2O5)7,80,14.754717040868574,Triclinic,-3.2043593225833336,0.017413365637496625,0.0,False,True
mp-774609,Na5Li3Ti5O14,27,10.964875907454203,Triclinic,-2.909459797539378,0.01956464519841905,3.1152999999999995,False,False
mp-774662,Li3Mn5Cr3O16,27,10.71095458091643,Monoclinic,-2.1280222992464877,0.009054339567901692,1.3377999999999999,False,False
mp-774685,Li3Mn5FeO12,42,10.566969253333358,Monoclinic,-2.0258901640311997,0.004385363769830342,0.2355999999999998,False,False
mp-774702,Li3BiO4,16,10.196572307755654,Monoclinic,-1.8847122450000002,0.0025006278125001558,1.3994999999999997,False,False
mp-774742,Li3Sc2(PO4)3,80,12.400960537661454,Monoclinic,-3.1201475618214283,0.0010613127500009867,4.6105,False,False
mp-774814,Li3Mn2V3O12,80,12.835840092695387,Monoclinic,-2.3046385689181035,0.022540299875009495,1.0912,False,False
mp-774897,Li3Mn2CrO6,24,9.4081196377982,Monoclinic,-2.2146055925718398,0.028181667916667763,0.21760000000000002,False,False
mp-774905,Li3CrH12(CO3)6,80,10.419175756374756,Triclinic,-1.5909603677500008,0.044479035562495994,0.019200000000000106,False,False
mp-774918,Li3La14(CuO7)4,98,13.269470159753125,Monoclinic,-3.137072320204082,0.030629995127553045,0.4793000000000003,False,False
mp-774938,Na7Li3V10O30,100,13.912631672777124,Triclinic,-2.3793176156931035,0.012092767200001298,3.1340000000000003,False,False
mp-775021,NaLi3Fe4(SiO3)8,80,10.90635792211153,Triclinic,-2.7460849592844836,0.010607619437490001,2.6744,False,False
mp-775132,NaLi3Fe4(SiO3)8,80,10.926711865997108,Triclinic,-2.746263725284483,0.010428853437491448,2.5606000000000004,False,False
mp-775182,Li3Mn4(BO3)4,46,10.860402964615785,Triclinic,-2.463992101886557,0.045419572065211966,0.4193,False,False
mp-775205,Li3MnP2HO8,60,10.04706097338964,Triclinic,-2.513076170397783,0.03532155933333492,4.1739999999999995,False,False
mp-775234,Li3V3(FeO6)2,80,12.766242079718518,Monoclinic,-2.23852642925,0.012780040499999146,2.46,False,False
mp-775267,Li3MnV(PO4)3,80,11.785919316025915,Triclinic,-2.63664485034298,0.03303859343750126,0.3627,False,False
mp-775523,Li3Fe2(PO4)3,40,11.609568779223354,Monoclinic,-2.4626752199464277,0.04956682924999978,2.2652,False,False
mp-775597,Li3Cr2(PO4)3,80,11.484550424778195,Monoclinic,-2.6628730838214274,0.004679508874986915,2.8496999999999995,False,False
mp-775921,Li3V2(PO4)3,40,11.840573392209434,Monoclinic,-2.6975315989464277,0.030075037250007597,2.0174000000000003,False,False
mp-775982,Li3V2P4(HO8)2,54,10.636047522594268,Triclinic,-2.597799440039682,0.0,0.7027999999999999,True,False
mp-776043,NaLi3Ti2Cr2(PO4)6,38,12.141086836677133,Trigonal,-2.815534561471134,0.01902395934211043,2.8234000000000004,False,False
mp-776472,Li3Mn4(BO3)4,23,10.906869007503367,Triclinic,-2.4617736681909053,0.04763800576086297,0.04989999999999983,False,False
mp-776510,Li3Sb3P8O29,86,13.983329610269461,Monoclinic,-2.43498642167774,0.008803322500000377,2.6023,False,False
mp-776523,NaLi3Ti2Al2(PO4)6,38,11.794937449713814,Triclinic,-2.9586065193658713,0.039131581491231415,2.5061,False,False
mp-776634,Li3Mn4(BO3)4,69,10.917341575439703,Triclinic,-2.470003432828586,0.03940824112318175,0.3217000000000003,False,False
mp-776637,Li3P3(WO6)2,80,12.6057874034338,Monoclinic,-2.4879986159464282,0.04629467862500203,3.5324,False,False
mp-776731,Na3Li3Fe2P2(CO7)2,52,11.441486264593758,Triclinic,-2.2944296799393706,0.034720259230765826,3.992,False,False
mp-776982,Li3Mn4(BO3)4,69,10.833008785794721,Triclinic,-2.4694510042778606,0.0399606696739081,0.46950000000000025,False,False
mp-776994,Li3Mn4(BO3)4,69,10.883265015506145,Triclinic,-2.472649291089456,0.03676238286231204,0.2498999999999998,False,False
mp-777271,Li3Mn4(BO3)4,69,10.87796008911546,Triclinic,-2.463303362828586,0.04610831112318259,0.36729999999999996,False,False
mp-777301,Li3Mn4(BO3)4,69,10.890670370317407,Triclinic,-2.46237857964018,0.04703309431158864,0.2843000000000002,False,False
mp-777414,Na7Li3V10O30,100,13.889473689773887,Triclinic,-2.3789429046931043,0.012467478200000492,3.1505,False,False
mp-777431,Li3MnFe2(BO3)3,36,10.32994717372183,Monoclinic,-2.3873943294683904,0.005685954027772944,2.7981,False,False
mp-777445,Li3Fe4(BO3)4,46,10.567799740135436,Triclinic,-2.304198290072464,0.03217078206523105,1.8239999999999998,False,False
mp-777465,Li3P3(WO6)2,40,12.749758550483099,Trigonal,-2.4979223316964294,0.03637096287499997,3.6739,False,False
mp-777751,Li3Nb3P8O29,86,14.291327337160869,Monoclinic,-2.7456942524916936,0.03274302980232413,2.4912,False,False
mp-777767,Li3Cu2(SO4)3,80,11.897855612547383,Monoclinic,-1.855845476625,0.03666910981249494,0.0,False,True
mp-777816,Li3MnV(PO4)3,40,11.800246779107725,Trigonal,-2.62422488459298,0.045458559187501635,0.0,False,True
mp-777882,Li3MnV(PO4)3,40,11.875692541131968,Monoclinic,-2.6200897828429794,0.04959366093750184,0.38480000000000025,False,False
mp-777963,Li3SbH18S4O9,140,10.976554042284453,Cubic,-1.2255819353571422,0.01318454035714467,2.1608,False,False
mp-778000,Li3MnV(PO4)3,40,11.968289437931398,Trigonal,-2.65505075159298,0.014632692187501739,0.9356,False,False
mp-778011,Li3Cr(Si2O5)3,100,12.568183145445373,Hexagonal,-2.9963533053000004,0.04711741220000043,4.0629,False,False
mp-778271,Li3MnFe2(BO3)3,36,10.33490908338397,Monoclinic,-2.387292908357279,0.0057873751388841654,2.7535,False,False
mp-778458,Li3Cu2(SO4)3,40,12.281196753795799,Trigonal,-1.846770737875,0.045743848562494804,0.0,False,True
mp-778471,Li3MnV(PO4)3,80,11.326456184032033,Triclinic,-2.6386219445929804,0.03106149918750134,0.6243000000000003,False,False
mp-778493,Li3Mn2Fe(BO3)3,36,10.425902744602395,Monoclinic,-2.449196162409004,0.004823786666666052,2.6594999999999995,False,False
mp-778607,Li3MnV(PO4)3,80,11.255735482932907,Triclinic,-2.63221107096798,0.03747237281250193,0.06810000000000027,False,False
mp-778723,Li3MnFe2(BO3)3,36,10.338966826043213,Monoclinic,-2.386812724190614,0.006267559305549675,2.7702999999999998,False,False
mp-778821,Li3MnFe2(BO3)3,36,10.322664331948815,Monoclinic,-2.3873805825239467,0.005699700972217059,2.7687999999999997,False,False
mp-778832,Li3Mn4(BO3)4,46,10.95773790930503,Triclinic,-2.4663694325387304,0.043042241413038695,0.47809999999999997,False,False
mp-778856,Li3Mn4(BO3)4,46,10.948991325718552,Triclinic,-2.466163906669166,0.04324776728260282,0.5298,False,False
mp-778859,Li3Mn2Fe(BO3)3,36,10.42063023891045,Monoclinic,-2.4498072237978925,0.004212725277777274,2.6271,False,False
mp-778867,Li3Mn4(BO3)4,69,10.858695423817538,Triclinic,-2.4635507834082966,0.045860890543472976,0.34830000000000005,False,False
mp-779006,Li3Mn2Fe(BO3)3,36,10.443788830737539,Monoclinic,-2.4493794051867823,0.004640543888887905,2.6426999999999996,False,False
mp-779038,Li3MnV(PO4)3,80,11.365805206754075,Triclinic,-2.64040448121798,0.0292789625625014,0.6344999999999998,False,False
mp-779087,Li3Mn2Fe(BO3)3,36,10.42906771816674,Monoclinic,-2.4498154174090043,0.0042045316666659005,2.6445,False,False
mp-779299,Li3Mn4(BO3)4,46,10.838384472361929,Monoclinic,-2.461290566016991,0.04812110793477764,0.0,False,True
mp-779341,Li3Mn4(BO3)4,69,10.932996912874982,Triclinic,-2.467561785147426,0.04184988880434304,0.40069999999999983,False,False
mp-779404,Li3Cr2(AsO4)3,80,11.172796816773849,Cubic,-2.0723980584999993,0.015214599458331257,2.6701999999999995,False,False
mp-779446,Li3MnFe2(BO3)3,36,10.345678493734882,Monoclinic,-2.3872467700239457,0.005833513472217611,2.7882,False,False
mp-779525,Li3Sb3P8O29,86,13.944284021237989,Monoclinic,-2.4325631374916936,0.011226606686046914,2.3308,False,False
mp-779888,Li3Mn2Fe(BO3)3,36,10.427349407736997,Monoclinic,-2.4493158190756716,0.004704129999998585,2.6541999999999994,False,False
mp-779905,Li3Mn2Fe(BO3)3,36,10.398556242124531,Monoclinic,-2.4492715562978926,0.00474839277777761,2.6487000000000003,False,False
mp-779959,Li3Co2(NiO4)2,15,9.022091133422716,Triclinic,-1.4924672886666674,0.020122075666670014,0.0,False,True
mp-780136,Li3Mn4(BO3)4,46,10.880725422371997,Triclinic,-2.461900445582209,0.04751122836955979,0.20330000000000004,False,False
mp-780137,Li3Mn4(BO3)4,46,10.339420615134724,Triclinic,-2.469464965364817,0.039946708586951374,0.7077,False,False
mp-780180,Li3Mn4(BO3)4,69,10.888919184401768,Triclinic,-2.467321102973514,0.04209057097825486,0.2946,False,False
mp-780182,Li3Mn4(BO3)4,69,10.894905240581364,Triclinic,-2.467321941814093,0.04208973213767564,0.36670000000000025,False,False
mp-780294,Li3Mn2Fe(BO3)3,36,10.411158350104634,Monoclinic,-2.449508395742338,0.004511553333331975,2.6411000000000002,False,False
mp-780297,Li3Mn2Fe(BO3)3,36,9.869136541506514,Monoclinic,-2.4493354979645585,0.004684451111112153,2.6528,False,False
mp-780319,Li3MnP2H2O9,34,10.22662579316862,Monoclinic,-2.3635849085127507,0.037398278088234704,0.8976,False,False
mp-780333,Li3Bi2(PO4)3,80,14.128519495130723,Monoclinic,-2.5045200783214283,0.045335802124997215,4.1065,False,False
mp-780335,Li3Mn4(BO3)4,46,10.910308139829597,Triclinic,-2.462428614495252,0.04698305945651704,0.0,False,True
mp-780417,Li3MnNb4O12,20,11.416793040683103,Triclinic,-2.7976185608965523,0.03236190756249435,0.0,False,True
mp-780474,Li3MnFe2(BO3)3,36,10.321696541575442,Monoclinic,-2.3865882505795017,0.006492032916662005,2.8421,False,False
mp-780509,Li3Mn4(BO3)4,46,10.951671997507487,Triclinic,-2.464962027321339,0.044449646630429385,0.17179999999999995,False,False
mp-780529,Li3Mn4(BO3)4,46,10.931520884416347,Triclinic,-2.463984302103948,0.0454273718478202,0.0,False,True
mp-780571,Li3Mn4(BO3)4,46,10.970229772596246,Triclinic,-2.4689370705822085,0.040474603369560214,0.46619999999999995,False,False
mp-780579,Li3V3P8O29,86,13.40922154619212,Monoclinic,-2.5258000370265776,0.04605620296510882,1.2389,False,False
mp-780606,Li3Cr2(PO4)3,40,11.523274546290448,Triclinic,-2.6675525926964276,0.0,2.9720999999999997,True,False
mp-780655,Li3Mn4(BO3)4,46,10.964170688635747,Triclinic,-2.460346418190904,0.04906525576086551,0.0,False,True
mp-780659,Li3Mn4(BO3)4,46,10.974893911481635,Triclinic,-2.460026465147427,0.04938520880434183,0.021300000000000097,False,False
mp-780668,Li3Mn4(BO3)4,23,10.970606138943069,Triclinic,-2.4676504512343826,0.041761222717386914,0.6231000000000002,False,False
mp-780669,Li3Mn4(BO3)4,46,10.964896561943357,Triclinic,-2.4614704749300356,0.04794119902173399,0.0,False,True
mp-780674,Li3Mn4(BO3)4,46,10.93317935075611,Triclinic,-2.4607777810169913,0.04863389293477738,0.043300000000000116,False,False
mp-780675,Li3MnV(PO4)3,80,11.347345882070517,Triclinic,-2.6378216332179796,0.0318618105625017,0.49070000000000014,False,False
mp-780765,Li3V3P8O29,86,13.677697200932595,Triclinic,-2.5229370142358802,0.04891922575580576,1.1435,False,False
mp-780791,Li3ZnFe2(PO4)3,84,10.641109860693199,Monoclinic,-2.484791954115646,0.017161523928574063,4.097099999999999,False,False
mp-780850,Li3Mn4(BO3)4,46,10.940614787596992,Triclinic,-2.4664805414517743,0.04293113249999436,0.029900000000000038,False,False
mp-781079,Li3Mn4(BO3)4,69,10.84110803618399,Triclinic,-2.4682717119590216,0.04113996199274794,0.34420000000000006,False,False
mp-781598,Li3Mn4(BO3)4,46,10.933737183352019,Triclinic,-2.464913868190905,0.04449780576086404,0.2206999999999999,False,False
mp-781610,Li3Mn4(BO3)4,46,10.955851427150776,Triclinic,-2.468706516016991,0.04070515793477725,0.17069999999999985,False,False
mp-781619,Li3Mn4(BO3)4,69,10.855946789790973,Triclinic,-2.4678499961619194,0.04156167778984887,0.4673999999999998,False,False
mp-781754,Li3Mn2(P2O7)2,23,12.22465128484509,Triclinic,-2.616199904975369,0.004387376413030886,0.0,False,True
mp-781957,Li3Mn4(BO3)4,46,10.942425236678407,Triclinic,-2.464022793190904,0.045388880760864225,0.03970000000000007,False,False
mp-782640,K8Li3Cr4O16,31,16.805225132572055,Triclinic,-2.012457104129032,0.03772648338709228,0.0,False,True
mp-831152,Li3V2(PO4)3,40,11.838888661424798,Trigonal,-2.691986946946429,0.035619689250006026,0.0,False,True
mp-831255,Li3V3P8O29,86,13.691099363081126,Monoclinic,-2.5263191843521593,0.045537055639527146,1.1291,False,False
mp-849264,Li3Mn4(BO3)4,46,11.00456742646777,Triclinic,-2.4613892351474265,0.04802243880434176,0.0,False,True
mp-849269,Li3Mn4(BO3)4,23,10.950767949985652,Triclinic,-2.466522299060469,0.04288937489129907,0.3268000000000002,False,False
mp-849337,NaLi3Ti2Fe2(PO4)6,38,12.286648179956325,Trigonal,-2.738833906734293,0.01398222276315142,2.4482999999999997,False,False
mp-849395,Li3Fe2(PO4)3,40,11.754145552270653,Triclinic,-2.492081610446428,0.02016043874999962,2.5377,False,False
mp-849406,K4Li3Nb18P12(WO42)2,123,14.51683882494794,Monoclinic,-2.8776685254854826,0.004221884297352929,0.9309000000000003,False,False
mp-849506,Li3Fe2(P2O7)2,92,11.496397362209166,Triclinic,-2.518181311133539,0.033204983442032265,1.3206000000000002,False,False
mp-849528,Li3FeO4,32,8.06569149136779,Cubic,-1.8045167099999997,0.01649530375000019,0.3288,False,False
mp-849573,Li3V3P8O29,86,13.777928703222042,Triclinic,-2.521998997840531,0.04985724215115539,0.9522999999999999,False,False
mp-849644,Li3Mn2(P2O7)2,92,11.654953386439178,Monoclinic,-2.572625405192761,0.04796187619563863,0.0,False,True
mp-849650,Li3Mn2(P2O7)2,92,11.699924243207352,Triclinic,-2.5924797430188478,0.028107538369551932,0.16060000000000008,False,False
mp-849655,Li3Mn2(P2O7)2,92,11.680093952331648,Triclinic,-2.5911243616058046,0.02946291978259552,0.1725000000000001,False,False
mp-849701,Li3Fe4(BO3)4,46,10.60114631105795,Triclinic,-2.300886080942029,0.035482991195666,1.7144000000000001,False,False
mp-849745,Li3Mn2(P2O7)2,92,11.64993277614698,Triclinic,-2.5896267350840647,0.030960546304335423,0.10089999999999999,False,False
mp-849996,Li3Mn2(P2O7)2,92,11.674322636745329,Triclinic,-2.592091407801457,0.02849587358694272,0.11430000000000007,False,False
mp-850786,Li3Mn4(BO3)4,46,10.997959282170722,Triclinic,-2.461377756234383,0.04803391771738674,0.0,False,True
mp-850951,Li3MnV(P2O7)2,46,12.325503383307703,Triclinic,-2.6993697535435843,0.0,2.1375,True,False
mp-851091,Li3Mn4(BO3)4,46,10.960847637195739,Triclinic,-2.4610684494952517,0.04834322445651651,0.03550000000000009,False,False
mp-860887,Li3Mn(PO4)2,42,10.791931118566477,Triclinic,-2.5825558250392917,0.038024080833347185,1.1943000000000001,False,False
mp-861240,Li3Al2CrO6,48,8.633434647805128,Monoclinic,-2.842488636666667,0.025014271250000775,4.188700000000001,False,False
mp-861850,Li3CuNi3O8,15,9.31424036612974,Triclinic,-1.320777778666666,0.03315840547222315,0.0,False,True
mp-863360,Li3V3P8O29,86,13.7638242892829,Monoclinic,-2.5285046129568105,0.04335162703487505,1.2494,False,False
mp-863361,Li3V3P8O29,86,13.750082912506501,Triclinic,-2.5223136479568105,0.0495425920348751,1.0123,False,False
mp-863375,Li3V3P8O29,86,13.82529571173199,Triclinic,-2.5238930334219263,0.04796320656975972,0.8987999999999999,False,False
mp-863379,Li3V3P8O29,86,13.607982266392398,Triclinic,-2.525535592724253,0.046320647267433124,1.0634000000000001,False,False
mp-863385,Li3V3P8O29,86,13.788383718222978,Triclinic,-2.524830899352159,0.0470253406395269,0.6214,False,False
mp-863388,Li3V3P8O29,86,13.711150089696572,Triclinic,-2.5288458619102987,0.0430103780813873,1.2464,False,False
mp-863393,Li3V3P8O29,86,13.724682559109043,Triclinic,-2.5273993281893694,0.04445691180231659,0.7020000000000001,False,False
mp-863394,Li3V3P8O29,86,13.687523649497935,Monoclinic,-2.5301446481893684,0.04171159180231765,1.2196,False,False
mp-863396,Li3V3P8O29,86,13.793319781215695,Triclinic,-2.5245773514451826,0.04727888854650342,1.0019,False,False
mp-863398,Li3V3P8O29,86,13.716522449625687,Triclinic,-2.5234140426079734,0.04844219738371258,1.0131000000000001,False,False
mp-863426,Li3Mn(PO4)2,28,10.260944384598343,Monoclinic,-2.6021037176583386,0.01847618821429986,1.5109,False,False
mp-867526,Li3Mn(NiO3)2,24,9.247175688235151,Monoclinic,-1.754389617744253,0.03801139694444888,0.0,False,True
mp-867962,Li3Cr4(PO4)6,37,12.286689217417358,Triclinic,-2.5066185437258683,0.04697242954053493,0.07020000000000004,False,False
mp-881278,Li3Mn(PO4)2,56,12.124366100484659,Monoclinic,-2.5899071592654823,0.030672746607156576,1.3018,False,False
mp-966802,Cs2Li3(BO2)5,40,14.083311022734467,Orthorhombic,-2.691020628257185,0.006559990763888912,4.5354,False,False
mp-1019555,BaNaLi3(BO2)6,46,10.894402325797234,Trigonal,-2.844957427668665,0.0,5.2185,True,False
mp-1019609,Cs2Sr2Li3B3(PO4)6,160,13.349454571891815,Cubic,-2.9018002958041875,0.0,5.6029,True,False
mp-1019778,K2Li3B(P2O7)2,96,12.604625397353516,Orthorhombic,-2.740575714364087,0.0,5.5903,True,False
mp-1020014,Li3B11O18,128,10.736962854347897,Monoclinic,-2.8175915194010424,0.0,5.5447,True,False
mp-1020022,Li3B(PO4)2,28,10.383537622982919,Triclinic,-2.7447650016751695,0.013199622142856526,6.1272,False,False
mp-1020023,Li3AlSiO5,40,10.201759335234845,Orthorhombic,-2.9747119095000003,0.0,4.7208000000000006,True,False
mp-1020705,Rb2Li3B(P2O7)2,96,13.042302896741376,Orthorhombic,-2.7385943267807527,0.0,5.5484,True,False
mp-1045540,Li3Mn4O8,15,10.075758229031083,Monoclinic,-2.0849702134482766,0.03736710400000742,0.4809000000000001,False,False
mp-1045574,Li3(NiO2)4,15,8.79427202332288,Monoclinic,-1.3518189053333325,0.014759915694445347,0.0,False,True
mp-1101536,Li3Bi(PO4)2,42,11.529377956683984,Triclinic,-2.5633017168537413,0.04465996416666407,3.8058,False,False
mp-1101551,Li3Mn3(PO4)4,52,12.837155570243489,Monoclinic,-2.5158850223986358,0.023066405576886773,0.8884,False,False
mp-1101725,Na6Li3Fe6(PO4)8,55,12.798743813176957,Triclinic,-2.433602145916704,0.03993108495454578,1.4336,False,False
mp-1102490,Li3Ni2SbO6,12,9.718990164178997,Monoclinic,-1.9143695316666676,0.0,2.8087110464841527,True,False
mp-1173184,SrLi3La11(CoO8)3,84,13.205271930812826,Monoclinic,-3.1610498255952386,0.03186837148809296,0.1966000000000001,False,False
mp-1173936,Li3Mn2CoO6,12,9.305040152061082,Monoclinic,-1.9839172429885068,0.03806763437500482,0.0,False,True
mp-1173947,Li3Mn2O5,20,9.055796889578783,Triclinic,-2.1493587175862077,0.022656905999987487,1.2586999999999997,False,False
mp-1173950,Li3Mn2CoO6,12,9.483199829769399,Triclinic,-1.9746671804885068,0.04731769687500531,1.1193,False,False
mp-1173952,Li3Mn2O5,20,9.040545727247636,Monoclinic,-2.1492294915862074,0.022786131999987802,1.4069000000000003,False,False
mp-1173959,Li3Mn2CoO6,12,9.494181483144537,Triclinic,-1.9749753288218397,0.04700954854167261,1.0324999999999998,False,False
mp-1173960,Li3Co2O5,20,8.476191495913387,Triclinic,-1.7368159920000004,0.027677708999999773,1.0581,False,False
mp-1173962,Li3Mn2O5,20,9.049710679849458,Triclinic,-2.1503754005862077,0.021640222999987913,1.2723,False,False
mp-1173968,Li3Mn2CoO6,24,9.301005492266736,Monoclinic,-1.9759817171551735,0.046003160208338834,0.0,False,True
mp-1173969,Li3Mn2O5,20,9.198409478386875,Triclinic,-2.1258391965862073,0.04617642699998825,0.9598,False,False
mp-1173984,Li3MnCoO5,20,8.902692104751608,Triclinic,-1.957263113793104,0.04906843249999948,1.7259000000000002,False,False
mp-1173987,Li3Mn2O5,20,9.063299798419752,Triclinic,-2.1289657400862083,0.04304988349998684,0.5742000000000003,False,False
mp-1173988,Li3Mn2CoO6,12,9.521473480930625,Monoclinic,-1.9791915713218398,0.04279330604167253,0.387,False,False
mp-1174015,Li3Mn2O5,20,9.110575443693985,Monoclinic,-2.1240229075862076,0.047992715999988,0.005900000000000016,False,False
mp-1176351,Na3Li3Fe2P2(CO7)2,26,11.426836971170633,Triclinic,-2.3045326266701402,0.024617312499996657,3.8891,False,False
mp-1176354,Na3Li3Fe2P2(CO7)2,52,11.40246285597362,Triclinic,-2.3023081778239862,0.026841761346150683,3.9236000000000004,False,False
mp-1176362,Na3Li3Fe2P2(CO7)2,52,11.41706699589305,Triclinic,-2.2996581895547554,0.02949174961538148,3.9174999999999995,False,False
mp-1176364,Na3Li3Fe2P2(CO7)2,52,11.422084147708865,Triclinic,-2.2972390074393707,0.0319109317307662,1.1040026742960212,False,False
mp-1176367,Na3Li3Mn2P2(CO7)2,52,11.645924640742788,Triclinic,-2.380994464395605,0.03325940019232476,3.4425999999999997,False,False
mp-1177489,Li3V3P8O29,86,13.953296348468447,Monoclinic,-2.52784525435216,0.04401098563952566,1.1284,False,False
mp-1177499,Li3V3P8O29,86,14.100669490204059,Triclinic,-2.5255852992358796,0.0462709407558064,0.4183,False,False
mp-1177512,Li3VFe(P2O7)2,46,12.182710707030921,Triclinic,-2.643208330807454,0.0002882958333305652,1.8982999999999999,False,False
mp-1177528,Li3Ti7O14,96,11.033433812302215,Monoclinic,-3.266100809722223,0.012840214895833313,0.0,False,True
mp-1177532,Li3V3P8O29,86,13.913920400236137,Triclinic,-2.5220266735382064,0.04982956645347958,0.29969999999999997,False,False
mp-1177533,Li3P5(WO6)4,72,13.791968028288935,Monoclinic,-2.484404605367064,0.0420098265277673,3.516,False,False
mp-1177536,Li3Ni3TeO8,15,10.241035187641025,Trigonal,-1.640244211777778,0.018573801499997877,0.0,False,True
mp-1177542,Li3MnV(PO4)3,80,11.335099556565961,Monoclinic,-2.637937414217981,0.031746029562500944,0.5447,False,False
mp-1177545,Li3VFeP2(O4F)2,34,10.97759501592284,Triclinic,-2.8516118067226905,0.0,0.09169999999999989,True,False
mp-1177546,Li3MnV(PO4)3,80,11.691239859624798,Monoclinic,-2.6433345817179807,0.026348862062500977,0.6126999999999998,False,False
mp-1177560,Li3MnV(PO4)3,80,11.815971352781645,Triclinic,-2.63906765496798,0.0306157888125016,0.3131999999999999,False,False
mp-1177564,Li3MnV(PO4)3,80,11.343140806529982,Triclinic,-2.6383810320929806,0.03130241168750114,0.5853000000000002,False,False
mp-1177572,Li3MnV(PO4)3,80,11.806628056143046,Triclinic,-2.6370481282179803,0.03263531556250143,0.2549000000000001,False,False
mp-1177575,Li3Nb(FeO2)4,16,10.277281697374814,Monoclinic,-2.059122376874999,0.04018570921875053,1.9741,False,False
mp-1177577,Li3MnV(PO4)3,80,11.351842235805478,Triclinic,-2.6372964824679803,0.032386961312501406,0.5802,False,False
mp-1177579,Li3MnV(PO4)3,80,11.6928938908421,Triclinic,-2.64065730671798,0.02902613706250179,0.33130000000000015,False,False
mp-1177582,Li3V3P8O29,86,14.003363448500641,Monoclinic,-2.5325026827242523,0.03935355726743328,1.2229,False,False
mp-1177586,Li3MnV(PO4)3,80,11.797091106825903,Triclinic,-2.6391260584679808,0.030557385312500962,0.6335,False,False
mp-1177589,Li3MnFeCo(PO4)3,84,10.822867609212537,Monoclinic,-2.47996852473141,0.025836374047618627,2.2157,False,False
mp-1177593,Li3MnFeCo(PO4)3,84,10.840966189099841,Monoclinic,-2.492697891398077,0.013107007380951607,2.4137000000000004,False,False
mp-1177594,Li3MnFeCo(PO4)3,84,10.850570577952414,Monoclinic,-2.4927148178266485,0.013090080952379957,2.3362,False,False
mp-1177597,Li3MnFeCo(PO4)3,84,10.843803500899512,Monoclinic,-2.4918196290171246,0.013985269761904284,2.4485999999999994,False,False
mp-1177598,Li3V3P8O29,86,13.512741771763952,Triclinic,-2.5228083300498336,0.049047909941852375,0.6187,False,False
mp-1177601,Li3MnV(PO4)3,80,11.689902804399015,Triclinic,-2.64548154434298,0.024201899437501062,0.4852000000000003,False,False
mp-1177609,Li3Mn5(PO4)6,76,13.943384077677038,Monoclinic,-2.459863457697691,0.049014320526312716,0.2808999999999999,False,False
mp-1177616,Li3MnV(PO4)3,80,11.710116676269013,Triclinic,-2.6413332464679806,0.028350197312501102,0.49029999999999996,False,False
mp-1177618,Li3MnCr3O8,15,9.840437103017688,Trigonal,-2.3066942911954027,0.017146290666665287,1.7173000000000003,False,False
mp-1177621,Li3V24O58,85,12.521612595579143,Triclinic,-2.3403480432941173,0.0308666761764691,0.9003000000000001,False,False
mp-1177623,Li3MnFeCo(PO4)3,84,10.837494978378416,Monoclinic,-2.491178619374268,0.014626279404760467,2.1681000000000004,False,False
mp-1177625,Li3MnFeCo(PO4)3,84,10.84094524156328,Monoclinic,-2.493042212826648,0.012762685952380615,2.4151,False,False
mp-1177634,Li3V3P8O29,86,14.000644712916754,Triclinic,-2.5281483677242518,0.04370787226743378,0.8619,False,False
mp-1177638,Li3Mn4(BO3)4,46,10.960822033802225,Triclinic,-2.461883754712644,0.04752791923912447,0.0,False,True
mp-1177646,Li3Mn2P2(CO7)2,46,12.001636669697007,Triclinic,-2.267304410875991,0.026958309311569728,0.6622,False,False
mp-1177654,Li3MgTi8O16,28,10.951846089342078,Trigonal,-3.2093207997023816,0.03357255821428673,0.0,False,True
mp-1177664,Li3Mn2(P2O7)2,92,11.67357142397209,Triclinic,-2.590679062910152,0.02990821847824776,0.10550000000000015,False,False
mp-1177665,Li3Fe2P2(O4F)2,34,10.882616287163065,Triclinic,-2.5674305652521006,0.028238239558829648,1.7061,False,False
mp-1177669,Li3MnV(PO4)3,80,11.868469936134062,Triclinic,-2.6455173715929794,0.02416607218750233,0.12309999999999999,False,False
mp-1177673,Li3Fe2P2(CO7)2,46,11.93164047683272,Triclinic,-2.1775186397515514,0.04715634160326587,0.0,False,True
mp-1177679,Li3Fe2(SiO4)2,30,11.966751758685666,Monoclinic,-2.5184978829999998,0.037866472000003704,1.5393000000000001,False,False
mp-1177684,Li3MnV(PO4)3,80,11.831520616893533,Triclinic,-2.63467937521798,0.03500406856250127,0.03980000000000006,False,False
mp-1177698,Li3Mn2(P2O7)2,92,11.675127601599717,Triclinic,-2.5973303301927615,0.023256951195638642,0.20320000000000005,False,False
mp-1177702,Li3Fe2(SiO4)2,60,11.863018385939192,Monoclinic,-2.5228280970000005,0.03353625800000337,1.5291000000000001,False,False
mp-1177718,Li3Fe2P2(CO7)2,46,12.0223373723432,Monoclinic,-2.175594618447204,0.049080362907613306,0.0,False,True
mp-1177725,Li3Al(FeO3)2,24,10.4233135435528,Triclinic,-2.281375065,0.04756391187500153,2.1557000000000004,False,False
mp-1177735,Li3Fe2(P2O7)2,92,11.421770793284933,Triclinic,-2.5055943003726697,0.0457919942029017,1.4918,False,False
mp-1177736,Li3Cu2Ni5O12,66,9.728714096974096,Triclinic,-1.2030989837878798,0.04514875199810575,0.09109999999999996,False,False
mp-1177761,Li3Fe2(CoO4)2,15,9.69907261412078,Monoclinic,-1.7061623179999998,0.03919726700000048,0.0,False,True
mp-1177912,Li3Fe2(P2O7)2,92,11.561452246028614,Triclinic,-2.5122618196118007,0.039124474963769806,1.3198000000000003,False,False
mp-1185315,Li3La3(MoO6)2,80,12.951242838209449,Cubic,-2.89354564875,0.0,2.8495,True,False
mp-1192295,Li3Al(BO3)2,24,10.544932530982313,Triclinic,-2.836621962777778,0.033128874791665375,4.8643,False,False
mp-1193122,Li3V(H6O5)2,26,9.233578036217672,Trigonal,-1.6481950975,0.008036281346163854,4.1095,False,False
mp-1194301,Li3CuB3O7,28,10.314644196848915,Triclinic,-2.4511693355357136,0.045933832321432,0.4354695065746601,False,False
mp-1195894,K9Li3Nd3(BO3)7,86,14.586448234609293,Monoclinic,-2.766882402718993,0.0,3.7614,True,False
mp-1196318,Cs2Li3B3P6(PbO12)2,160,13.588676843032724,Cubic,-2.6832457771166864,0.0,5.2105,True,False
mp-1196446,Li3AsH16(SO2)4,128,11.165980029549237,Monoclinic,-1.2230035750000003,0.0,2.3133999999999997,True,False
mp-1197175,KLi3Ca7Ti2(Si6O19)2,126,13.082544254780743,Monoclinic,-3.2367744554589946,0.02959904620106446,0.6264000000000001,False,False
mp-1198234,Li3V(H4O3)4,64,9.110383885148563,Monoclinic,-1.5757189714062498,0.009969585156249572,3.992401518173642,False,False
mp-1199091,Li3B5(HO5)2,80,8.84952723543413,Tetragonal,-2.5715893936666676,0.0,5.834160522525828,True,False
mp-1199210,Li3MnP2(O3F2)2,64,11.741167344325447,Monoclinic,-2.8025025071697978,0.0,1.7227000000000001,True,False
mp-1200046,Li3V2BP4H2O17,116,10.868466121166483,Monoclinic,-2.592495497077176,0.006574123557165912,2.239,False,False
mp-1201415,Li3V(H4O3)4,32,8.937820241191943,Triclinic,-1.5798687090624997,0.005819847499999753,4.085100000000001,False,False
mp-1202865,Li3V2(PO4)3,80,11.728642066321335,Monoclinic,-2.702705422696428,0.024901213500006847,1.9273,False,False
mp-1204473,Li3V5(H8O11)2,184,9.5745144099051,Orthorhombic,-1.7838290601086961,0.02405300434782376,2.4457,False,False
mp-1209478,Rb2Li3GaO4,20,14.393735980522177,Orthorhombic,-2.0277087522499997,0.0,3.5182,True,False
mp-1210935,Li3Dy3(TeO6)2,80,11.943439902639177,Cubic,-2.7717576051666653,0.0,3.5476999999999994,True,False
mp-1210989,Li3Er3(TeO6)2,80,11.283462905552444,Cubic,-2.777452725791666,0.0,4.234500000000001,True,False
mp-1211152,Li3Eu3(TeO6)2,80,12.875707642286272,Cubic,-2.4466985851666676,0.0030702896875007823,0.0,False,True
mp-1211185,Li3Ce2(BO3)3,68,10.766734312444035,Monoclinic,-3.0437420563235293,0.0319940913153518,0.06079999999999952,False,False
mp-1211213,Li3Tb3(TeO6)2,80,12.070952166062897,Cubic,-2.769936556916666,0.0,3.5219,True,False
mp-1211226,Li3Y3(TeO6)2,80,12.006662055454482,Cubic,-2.7510554897916664,0.0,3.2219999999999995,True,False
mp-1211228,Li3Sm2(BO3)3,68,10.32511198248934,Monoclinic,-3.096265433676472,0.012104743161764908,4.832000000000001,False,False
mp-1211248,Li3Tm3(TeO6)2,80,11.653802297875695,Cubic,-2.780409775791669,0.0,3.1184,True,False
mp-1211256,Li3Sm3(TeO6)2,80,12.51175888929522,Cubic,-2.744250561166666,0.0,3.1696000000000004,True,False
mp-1211286,Li3Y2(BO3)3,68,9.94267870203089,Monoclinic,-3.0873963992647058,0.03911118132352964,4.7924,False,False
mp-1211386,Li3Pr3(TeO6)2,80,12.63135313478906,Cubic,-2.706880546291668,0.0,3.1285000000000003,True,False
mp-1211498,KLi3SiO4,36,11.27892170338395,Triclinic,-2.613072448583333,0.0,4.875699999999999,True,False
mp-1211542,Li3Ho3(TeO6)2,80,11.855585956916391,Cubic,-2.7732375581666657,0.0,3.5705,True,False
mp-1211546,KLi3TiO4,36,12.32157020186225,Triclinic,-2.6511318892314812,0.0,4.6824,True,False
mp-1211552,Li3Mn2(SeO3)4,42,13.882885757601747,Triclinic,-1.737886894058909,0.0,0.7033047623927575,True,False
mp-1211607,Li3La2(BO3)3,68,11.083216880127393,Monoclinic,-3.1203369555882348,0.0031659916176476344,4.504899999999999,False,False
mp-1211646,Li3Lu3(TeO6)2,80,11.479039537996053,Cubic,-2.779064973291667,0.0,3.1062,True,False
mp-1211772,Li3Dy(NO3)6,112,13.031714931375637,Monoclinic,-1.425532440059524,0.0,3.0921000000000003,True,False
mp-1212059,Li3Tm(NO3)6,112,12.840230734045207,Monoclinic,-1.4236292582142869,0.0,3.0842,True,False
mp-1212130,Li3Tb(NO3)6,112,13.258779671383651,Monoclinic,-1.4262591628273822,0.0,3.089,True,False
mp-1212171,Li3Y(NO3)6,112,13.214853308948852,Monoclinic,-1.4211551403571445,0.0,3.0974,True,False
mp-1212270,Li3Lu(NO3)6,112,12.714801938830686,Monoclinic,-1.4205438260416687,0.0,3.0998,True,False
mp-1212457,Li3Gd3(TeO6)2,80,12.26319354803027,Cubic,-2.7389372254166675,0.0,2.7895999999999996,True,False
mp-1212476,Li3Gd(NO3)6,112,13.138203481035827,Monoclinic,-1.4197407966071438,0.0,2.5239000000000003,True,False
mp-1220781,NaLi3V4O12,20,12.903835689880967,Monoclinic,-2.3924992030689665,0.022405236750000945,3.0399,False,False
mp-1220801,NaLi3Fe4(SiO3)8,40,10.89229878994367,Triclinic,-2.7450297900344838,0.01166278868749071,2.7039999999999997,False,False
mp-1220817,NaLi3Ga4(SiO3)8,40,10.609210527939597,Monoclinic,-2.8770535687844836,0.041766753958335734,4.298466816573034,False,False
mp-1220829,Na5Li3V8O24,40,13.69928840608976,Triclinic,-2.3832183264224143,0.012107732625000978,3.060403074628333,False,False
mp-1220832,NaLi3Fe4(SiO3)8,40,10.898634595865314,Monoclinic,-2.7453140182844833,0.011378560437490748,2.7475000000000005,False,False
mp-1222507,Li3Co2NiO6,12,8.832514611902294,Trigonal,-1.6351236833333325,0.03830195083334065,0.0,False,True
mp-1222510,Li3MnCoNiO6,12,9.00982392814643,Monoclinic,-1.8258960048275863,0.04906116708333741,1.1081000000000003,False,False
mp-1222513,Li3Fe2CoO6,12,9.038297231095338,Monoclinic,-1.8673709083333339,0.011140180416662204,2.0765999999999996,False,False
mp-1222531,Li3V8ZnO16,28,10.682936556483982,Tetragonal,-2.4347480703571427,0.041041624970235446,0.0,False,True
mp-1222545,Li3Ti8O16,27,11.170227362839874,Tetragonal,-3.2809150424691356,0.023483140740733432,0.0,False,True
mp-1222562,Li3Mn8O16,27,10.951535822361395,Tetragonal,-1.9741099104980835,0.043231763743827756,0.0,False,True
mp-1222591,Li3Al2CoO6,12,8.506676692662387,Trigonal,-2.610836774166667,0.03567877291666566,2.4135,False,False
mp-1222598,Li3AsO4,32,10.581354798979547,Orthorhombic,-2.2632391862500003,0.005794280937499785,5.1682,False,False
mp-1222601,Li3Al2CoO6,12,8.54712019259039,Monoclinic,-2.6137574983333334,0.03275804874999988,2.5686,False,False
mp-1222630,Li3FeIrO5,20,9.403361135566168,Triclinic,-1.803864161,0.01399536934999901,0.0,False,True
mp-1222636,Li3Co2RuO6,24,9.54489154107925,Monoclinic,-1.7028692883333332,0.02043882770833605,0.2808999999999999,False,False
mp-1222641,Li3Nb4CuO12,20,11.22730025276928,Triclinic,-2.722790548500001,0.031938102874997654,1.0371000000000001,False,False
mp-1222709,Li3(CuO2)2,9,9.589741834397953,Monoclinic,-1.5847087977777774,0.010326508888889308,0.0,False,True
mp-1222771,Li3(WO3)8,35,11.786882477915231,Monoclinic,-2.206382801428572,0.013105750678574779,0.0,False,True
mp-1222776,Li3(WO3)8,35,12.392903925345687,Orthorhombic,-2.1922690800000004,0.027219472107146814,0.0,False,True
mp-1222986,Li3Fe(MoO4)3,76,12.943496230193357,Monoclinic,-2.0872104719736853,0.017847879671050393,2.304,False,False
mp-1223005,Li3FeNi2(PO4)3,84,10.34433781112875,Monoclinic,-2.3997254949489792,0.0036052747619024217,3.4838,False,False
mp-1223044,Li3ZnFe2(PO4)3,84,10.667237344551317,Triclinic,-2.4848137856632655,0.017139692380954585,3.6957999999999998,False,False
mp-1223319,Li3U7(AsO7)5,50,16.12392552425503,Orthorhombic,-2.83852460705,0.003051518799999542,1.7877,False,False
mp-1228662,Ba7Li3(RuO5)4,34,14.862628723002596,Monoclinic,-2.266288590882353,0.031857900588236454,0.0,False,True
mp-1228731,Ba2Li3La3(MoO4)8,48,14.540785471937982,Triclinic,-2.550504211145834,0.02044172328124283,2.5090031097546563,False,False
mp-1228739,Ba2Li3Y3(MoO4)8,48,13.786971743048108,Triclinic,-2.530619855833334,0.047419115963542424,2.2428037644411187,False,False
mp-1253145,Li3VSi2O7,78,10.801448331898381,Triclinic,-2.836812147435898,0.02513740818909227,2.2957,False,False
mp-1265172,Li3V(Si2O5)3,100,11.920697957052333,Orthorhombic,-3.0275178103999996,0.03346825788333252,2.3996999999999997,False,False
mp-1266205,Li3VSi4(HO6)2,44,11.585828238341252,Triclinic,-2.7431291828409083,0.01906904422348088,2.3965000000000005,False,False
mp-1273419,Li3TiV2O6,24,9.46043003302008,Triclinic,-2.658947957361112,0.021760523020831535,0.3327,False,False
mp-1275017,Li3Ti(NiO3)2,24,9.080493628741529,Triclinic,-2.1544349423611115,0.0388869090277737,0.07279999999999998,False,False
mp-1275559,Li3V4O8,30,10.222833813550363,Triclinic,-2.462192281999999,0.047568098250007296,0.8917999999999999,False,False
mp-1275606,Li3Mn2CoO6,24,9.397189152060237,Monoclinic,-1.9996158909051729,0.02236898645833918,0.8129999999999997,False,False
mp-1275688,Li3Mn2CoO6,24,9.479694694592565,Triclinic,-1.9752858600718397,0.04669901729167236,0.8526000000000002,False,False
mp-1275879,Li3TiV2O6,24,9.47894950209568,Monoclinic,-2.658590150277778,0.022118330104165196,0.3804999999999996,False,False
mp-1276403,Li3Co2NiO6,24,8.664307954878765,Monoclinic,-1.6318200845833335,0.041605549583339396,0.0,False,True
mp-1284801,Li3V4O8,30,10.203963728742506,Monoclinic,-2.465779674999999,0.04398070525000719,1.1042999999999998,False,False
mp-1289227,Li3V4O8,30,10.277515007783533,Monoclinic,-2.4646297013333327,0.04513067891667344,0.9327000000000001,False,False
mp-1289276,Li3Ni2SnO6,24,9.701361816468467,Triclinic,-1.7851001587500008,0.029587886736114122,0.3442000000000003,False,False
mp-1290870,Li3Mn(PO4)2,28,10.133104804501297,Triclinic,-2.5959663348011963,0.02461357107144213,1.2630000000000003,False,False
mp-1292604,Li3Ni2SnO6,24,9.725887681671527,Triclinic,-1.7857908766666675,0.02889716881944704,0.3567999999999998,False,False
mp-1299593,Li3Mn3TeO8,30,11.355244960239274,Monoclinic,-2.0185809233639844,0.04396483508333837,0.8439000000000005,False,False
mp-1301359,Li3Co2NiO6,24,8.53011540674494,Monoclinic,-1.6538954075000014,0.0195302266666717,0.0,False,True
mp-1302334,Li3V4O8,30,10.231097086107098,Triclinic,-2.4664629166666656,0.04329746358334052,1.0954000000000006,False,False
mp-1302608,Li3Co4SnO8,32,9.89136387032705,Triclinic,-1.6993831034375004,0.04822606593750134,0.6652999999999998,False,False
mp-1302799,Li3Mn3TeO8,30,11.367905106084617,Monoclinic,-2.0202218886973173,0.042323869750005905,0.8445,False,False
mp-1303115,Li3Fe2CoO6,24,9.2398625933822,Monoclinic,-1.8512985491666665,0.027212539583329587,1.8732000000000002,False,False
mp-1303127,Li3Fe2(SiO4)2,30,12.037102757786004,Monoclinic,-2.515216248666667,0.04114810633333654,1.8254,False,False
mp-1303223,Li3TiNi3O8,30,9.483930069857292,Monoclinic,-1.8878888182222227,0.03495444458333008,0.35309999999999997,False,False
mp-1304294,Li3Mn2CoO6,12,9.296099468758687,Monoclinic,-2.001385837155173,0.020599040208338693,0.9128000000000003,False,False
mp-1304514,Li3Mn2CoO6,24,9.478240605236076,Triclinic,-1.9750534121551724,0.04693146520833924,0.15339999999999998,False,False
mp-1305541,Li3TiNi3O8,30,9.518375882244671,Triclinic,-1.8870988332222225,0.03574442958333002,0.0,False,True
mp-1305999,Li3Ti(NiO2)4,16,9.1231768605289,Triclinic,-1.926909874583334,0.022602838958328597,0.2639999999999998,False,False
mp-1306409,Li3Fe2(SiO4)2,15,12.031835232973574,Triclinic,-2.5124085453333334,0.04395580966667012,1.5111999999999999,False,False
mp-1306526,Li3Mn2CoO6,24,9.334728818798503,Monoclinic,-1.996144944238506,0.025839933125006098,1.2429000000000006,False,False
mp-1306670,Li3TiNi3O8,30,9.502506764527853,Triclinic,-1.886679626888889,0.036163635916663495,0.3003,False,False
mp-1307896,Li3V4O8,30,10.201091119757544,Monoclinic,-2.464775388333334,0.04498499191667271,1.0612,False,False
mp-1308156,Li3Fe2(SiO4)2,30,12.020287575629451,Monoclinic,-2.513904234333333,0.0424601206666706,1.7309,False,False
mp-1310833,Li3Mn2CoO6,24,9.491060502716996,Triclinic,-1.9725887146551735,0.04939616270833813,0.47250000000000014,False,False
mp-1311345,Li3(NiO2)5,36,9.495159159770663,Triclinic,-1.2460139188888892,0.03295658337962948,0.3967999999999998,False,False
mp-1311690,Li3Mn3TeO8,30,11.275617936359431,Monoclinic,-2.016798328697318,0.045747429750005786,0.8273999999999999,False,False
mp-1313661,Li3Mn3TeO8,30,11.34938662625879,Monoclinic,-2.0139088870306514,0.04863687141667139,0.7950000000000004,False,False
mp-1313788,Li3(NiO2)4,15,8.797025091405912,Monoclinic,-1.3529733539999995,0.013605467027778317,0.007700000000000706,False,False
mp-2878,Li3PO4,32,9.668356590097376,Orthorhombic,-2.750740796205357,0.0024853862500000545,5.7279,False,False
mp-3151,Li3TaO4,32,9.260071232982872,Monoclinic,-2.8499720124791663,0.0,4.5667,True,False
mp-5769,Li3SbO4,16,9.354600613501889,Monoclinic,-2.2137175437499943,0.0,3.0560000000000005,True,False
mp-6097,Li3Al(BO3)2,24,10.003053511251887,Triclinic,-2.8483718815277776,0.02137895604166573,4.8248,False,False
mp-6373,Li3Fe2(PO4)3,80,11.699642418019682,Monoclinic,-2.5058095725714282,0.0064324766250001275,2.3762,False,False
mp-6396,Li3V2(PO4)3,80,11.708464655469808,Monoclinic,-2.727606636196428,0.0,1.9731000000000003,True,False
mp-6425,Li3In2(PO4)3,40,12.142231991961463,Trigonal,-2.5862366378630943,0.0,3.7684,True,False
mp-6565,Li3Sc2(PO4)3,80,12.39317851468667,Monoclinic,-3.121208874571429,0.0,4.7407,True,False
mp-6765,Li3AlGeO5,40,10.804269487712423,Orthorhombic,-2.632445784,0.0,3.9691999999999994,True,False
mp-6844,KLi3Si12(SnO15)2,96,13.507035853402561,Hexagonal,-3.035673169734375,0.0,4.4356,True,False
mp-7471,Li3AuO3,28,10.47204287511253,Tetragonal,-1.6711503846428566,0.0,1.8710999999999998,True,False
mp-9197,Li3AsO4,16,10.322027782024087,Orthorhombic,-2.2690334671875,0.0,4.1268,True,False
mp-13725,Li3PO4,16,9.47965188592012,Orthorhombic,-2.753226182455357,0.0,5.818099999999999,True,False
mp-13772,Li3Pr2(BO3)3,68,10.75493580407243,Monoclinic,-3.0807718174019603,0.0,4.7278,True,False
mp-14488,Li3In2(PO4)3,80,11.59396706862066,Monoclinic,-2.583733810488095,0.0025028273749994057,3.6771999999999996,False,False
mp-15362,Li3Nd2(BO3)3,68,10.588995532376789,Monoclinic,-3.088789137941177,0.005263666764705022,4.7523,False,False
mp-16055,KLi3Zr2(Si2O5)6,96,13.812921493180868,Hexagonal,-3.257958072026041,0.0,5.1498,True,False
mp-16282,KNa2Li3Cr2(Si2O5)6,100,12.71164975367052,Hexagonal,-3.023571502200172,0.0,3.8492000000000006,True,False
mp-16283,KNa2Li3Fe2(Si2O5)6,100,12.890603903366912,Hexagonal,-2.9606799738001723,0.0,3.3293999999999997,True,False
mp-16828,Li3B7O12,44,9.317877857968723,Triclinic,-2.817122843371212,0.0,5.6047,True,False
mp-16955,K2Li3FeO4,40,13.061314619488495,Monoclinic,-1.8775089627,0.0,3.0637,True,False
mp-16996,Li3GaSiO5,40,10.489450629223352,Orthorhombic,-2.6883009789999996,0.0,3.6429,True,False
mp-17685,Li3GaGeO5,40,11.126105042053329,Orthorhombic,-2.35187583725,0.0,3.2656,True,False
mp-17774,K2Li3GaO4,40,12.892693923246338,Monoclinic,-2.0522001912,0.0,3.4186,True,False
mp-18002,KLi3GeO4,36,11.34697054232929,Triclinic,-2.234858861361111,0.0,3.9368,True,False
mp-19219,Li3VO4,16,10.446603236944593,Orthorhombic,-2.502745246250001,0.0,4.0337,True,False
mp-19430,Li3Fe2(PO4)3,40,11.700376335952226,Trigonal,-2.501981877446428,0.010260171749999714,2.473,False,False
mp-19970,Li3CuO3,28,9.478093922899776,Tetragonal,-1.7813896964285705,0.0,1.1780000000000002,True,False
mp-25317,Li3(CuO2)2,9,11.116303338170601,Monoclinic,-1.5650319644444437,0.030003342222223672,0.0,False,True
mp-25445,Li3FePCO7,52,10.634411448211438,Monoclinic,-2.3425646759340646,0.03993691788461451,4.2226,False,False
mp-25446,Li3NiPCO7,52,10.274162349031482,Monoclinic,-2.293316524395604,0.03721470519230863,4.0127,False,False
mp-25458,Li3CoPCO7,52,10.433174168996414,Monoclinic,-2.2956133584340668,0.0393351588461579,2.7458,False,False
mp-25460,Li3CuPCO7,26,10.357983468316954,Monoclinic,-2.2074379153571426,0.04006742307692335,0.1737000000000002,False,False
mp-25461,Li3MnPCO7,26,10.904864809263993,Monoclinic,-2.4187680075056837,0.049749888076924265,3.6835000000000004,False,False
mp-25811,Li3V2P5O16,52,12.474274643146545,Monoclinic,-2.6440845760851652,0.035266063094186784,2.4835000000000003,False,False
mp-25837,Li3Cr2(PO4)3,80,11.189473539370017,Monoclinic,-2.631389426196427,0.0361631664999873,3.0526999999999997,False,False
mp-25871,Li3Cu2P5O16,52,12.067208810666461,Monoclinic,-2.3866440628159333,0.03841264134617006,0.2537999999999998,False,False
mp-25929,Li3Bi2(PO4)3,40,14.295820854531192,Trigonal,-2.509938990196429,0.03991689024999712,3.7495,False,False
mp-25993,Li3Fe2(PO4)3,80,11.5526803400011,Monoclinic,-2.5068462641964273,0.005395785000000153,2.5937,False,False
mp-25996,Li3Co(PO4)2,56,12.157979267735397,Monoclinic,-2.456484207984694,0.025655958749998042,0.8078,False,False
mp-26039,Li3Mn2(PO4)3,80,11.542065167677196,Monoclinic,-2.563618484989533,0.003902910249988345,1.3066000000000002,False,False
mp-26045,Li3Cr2(PO4)3,80,11.06676748177555,Monoclinic,-2.6639275879464273,0.0036250047499875038,3.0299000000000005,False,False
mp-26056,Li3Fe(PO4)2,56,12.30248150627165,Monoclinic,-2.5484963313775504,0.03259832732142964,2.3294,False,False
mp-26069,Li3Fe2(PO4)3,80,11.254298088009492,Monoclinic,-2.500679353571428,0.011562695624999897,2.5235000000000003,False,False
mp-26077,Li3Fe3(PO4)4,78,12.136733369942984,Triclinic,-2.4583803734065928,0.016787193750000817,1.7880999999999998,False,False
mp-26079,Li3Cr2(PO4)3,80,11.547621663971125,Monoclinic,-2.662338173196428,0.005214419499986356,3.1825,False,False
mp-26085,Li3Mo2(PO4)3,80,11.935842672157772,Monoclinic,-2.5568561184464285,0.008899462250003154,4.1285,False,False
mp-26087,Li3Co2(PO4)3,80,11.525554435392758,Monoclinic,-2.341008921821429,0.032696838624997504,1.1106000000000003,False,False
mp-26101,Li3V3(PO4)4,78,12.017363249002027,Triclinic,-2.7083412757142846,0.013054908076931326,1.8787999999999998,False,False
mp-26105,Li3Mo2(PO4)3,80,12.572382455935479,Monoclinic,-2.561042216321428,0.004713364375003692,0.0,False,True
mp-26143,Li3Mn3(PO4)4,52,12.132636488861383,Monoclinic,-2.5347744498986353,0.004176978076887217,1.0226,False,False
mp-26187,Li3Mn2P5O16,52,12.672108387668912,Monoclinic,-2.6382306659260144,0.014541953782062578,3.9853000000000005,False,False
mp-26191,Li3Ni2P5O16,52,11.985571329482381,Monoclinic,-2.491245693777473,0.014403235128236602,4.314,False,False
mp-26203,Li3Co2P5O16,52,12.261446833857523,Monoclinic,-2.496773487623627,0.017535839391024766,3.2819999999999996,False,False
mp-26205,Li3Cr3(PO4)4,52,12.214591196448943,Monoclinic,-2.632813293791209,0.018320069230754576,2.7754000000000003,False,False
mp-26245,Li3Bi2P5O18,56,13.496636785046922,Triclinic,-2.4347419488647963,0.04783724937499212,0.2165999999999999,False,False
mp-26281,Li3Sb5(PO4)6,38,13.66904819095211,Triclinic,-2.417317315733081,0.021557102894740332,3.9611000000000005,False,False
mp-26289,Li3Cr3(PO4)4,78,11.697078968892525,Triclinic,-2.6252996395604393,0.025833723461524016,2.0069999999999997,False,False
mp-26307,Li3Fe3(PO4)4,52,11.505976146639812,Monoclinic,-2.443603621675824,0.03156394548076946,2.3379,False,False
mp-26319,Li3Mo(PO3)8,36,12.273235603681742,Monoclinic,-2.523338901309524,0.047846385208344167,1.1016,False,False
mp-26337,Li3Cr3(PO4)4,52,11.705971741034347,Monoclinic,-2.6231643035989025,0.027969059423061715,1.9048,False,False
mp-26347,Li3Mo(PO4)2,28,10.430569639111098,Monoclinic,-2.594568106377551,0.024750503392857226,3.9388,False,False
mp-26351,Li3Mo3(PO4)4,52,11.757766754209793,Monoclinic,-2.5068612578296703,0.01827226503205459,3.3772,False,False
mp-26367,Li3Mn2(PO4)3,40,10.793199720031492,Monoclinic,-2.544119331739533,0.0234020634999883,1.1331000000000002,False,False
mp-26399,Li3V(PO4)2,14,10.020243456492434,Monoclinic,-2.708453483520408,0.026473023035713972,2.0699000000000005,False,False
mp-26421,Li3V3(PO4)4,52,12.61319127643256,Monoclinic,-2.693844867829671,0.027551315961545697,1.8451999999999997,False,False
mp-26425,Li3Cr2P5O16,52,12.461061610938552,Monoclinic,-2.605251735508242,0.0367112031089567,2.7887,False,False
mp-26439,Li3Mo2(PO4)3,40,12.430563011334218,Monoclinic,-2.5436337281964283,0.022121852500003314,3.8694,False,False
mp-26453,Li3Mn2(PO4)3,40,10.480551763262488,Monoclinic,-2.5379696239895324,0.029551771249988867,0.09030000000000005,False,False
mp-26481,Li3Cr(PO4)2,28,9.868627799883004,Monoclinic,-2.6629016438775506,0.029129117321425646,2.787,False,False
mp-26489,Li3Cr2(PO4)3,40,10.116352454175871,Monoclinic,-2.6239785759464276,0.04357401674998673,1.8925000000000005,False,False
mp-26501,Li3Mo(PO4)2,28,10.551684101254747,Monoclinic,-2.5907941103061227,0.028524499464285036,1.5476,False,False
mp-26519,Li3Mo(PO4)2,56,10.45059038304763,Monoclinic,-2.5898892563775524,0.029429353392855795,4.1142,False,False
mp-26535,Li3Mo2(PO4)3,40,11.132672240485682,Monoclinic,-2.539204996196429,0.026550584500002472,2.727,False,False
mp-26539,Li3V(PO4)2,28,10.1273368752079,Monoclinic,-2.7050257917346943,0.02990071482142831,2.1261,False,False
mp-26561,Li3Mo3(PO4)4,78,12.80278784320736,Triclinic,-2.497384279047618,0.027749243814106705,2.5523000000000002,False,False
mp-26575,Li3Fe(PO4)2,14,10.057334794575551,Monoclinic,-2.546598762806122,0.034495895892858286,1.9266999999999999,False,False
mp-26586,Li3Sb2P5O18,56,12.609218528666043,Triclinic,-2.481027736721939,0.03578546473214761,1.8144999999999998,False,False
mp-26601,Li3Mn2(PO4)3,40,11.910601484252506,Trigonal,-2.528964814989533,0.038556580249988315,2.7995094205035542e-06,False,True
mp-26605,Li3Cr2(PO4)3,80,11.389311823110006,Monoclinic,-2.6343051923214285,0.033247400374986746,3.034,False,False
mp-26617,Li3Cr(PO4)2,28,10.033622739290607,Monoclinic,-2.6612206970918373,0.030810064107139823,2.6333999999999995,False,False
mp-26619,Li3V(PO4)2,56,10.128095550723328,Monoclinic,-2.7044441797704084,0.030482326785714164,2.1454,False,False
mp-26637,Li3Mo3(PO4)4,52,12.791173452280598,Monoclinic,-2.495253119945055,0.029880402916670157,2.6826,False,False
mp-26677,Li3Fe2(PO4)3,40,10.402080009524735,Monoclinic,-2.4715291284464285,0.04071292074999899,1.484,False,False
mp-26701,Li3Sn2(PO4)3,80,12.853405094865902,Monoclinic,-2.5182077031964276,0.035131742083330586,2.4844999999999997,False,False
mp-26705,Li3Cr2(PO4)3,40,11.16043219305731,Monoclinic,-2.6370237109464276,0.030528881749987136,2.9029,False,False
mp-26711,Li3V2(PO4)3,40,11.40781413612563,Monoclinic,-2.6927644471964287,0.03484218900000702,1.9519999999999995,False,False
mp-26739,Li3Cr2(PO4)3,80,10.091521376853267,Cubic,-2.632744236071428,0.03480835662498638,3.1279,False,False
mp-26773,Li3Fe(PO4)2,28,10.065713099219488,Monoclinic,-2.541778538520408,0.039316120178572334,2.2211,False,False
mp-26805,Li3Fe(PO4)2,56,10.084214165562928,Monoclinic,-2.5431190949489797,0.037975563750000774,2.1811999999999996,False,False
mp-26807,Li3Fe3(PO4)4,52,12.530961210709346,Monoclinic,-2.429896997252747,0.04527056990384626,2.2854,False,False
mp-26825,Li3Fe2(PO4)3,40,10.772916815501024,Monoclinic,-2.4695391669464284,0.04270288224999952,2.2235,False,False
mp-26835,Li3Bi5(PO4)6,38,13.994304815787487,Triclinic,-2.443650985733083,0.041982694078943616,4.0023,False,False
mp-26845,Li3Mn2(PO4)3,40,11.526038320462277,Monoclinic,-2.535231094489532,0.032290300749989065,1.4003999999999999,False,False
mp-26869,Li3Cr2(PO4)3,40,10.45307123068665,Monoclinic,-2.6298457714464285,0.037706821249986255,2.6059000000000005,False,False
mp-26903,Li3V2(PO4)3,40,10.795625279239463,Monoclinic,-2.685188461196428,0.042418175000007,2.0511999999999997,False,False
mp-26971,Li3Cr2(PO4)3,40,11.372698389278373,Trigonal,-2.667456581446428,9.601124998681598e-05,3.0446,False,False
mp-27003,Li3Mo2(PO4)3,40,12.409372323422108,Trigonal,-2.565755580696428,0.0,3.9179000000000004,True,False
mp-27027,Li3Fe3(PO4)4,52,12.262064012923698,Monoclinic,-2.456014552252747,0.019153014903846355,2.0788,False,False
mp-27069,Li3Bi2(PO4)3,80,13.507841899664573,Monoclinic,-2.5107779869464295,0.03907789349999646,4.0424,False,False
mp-27093,Li3Sn2(PO4)3,80,13.15121605499346,Monoclinic,-2.506973551696428,0.04636589358333065,2.6109999999999998,False,False
mp-27111,Li3Sb3(PO4)4,78,14.282831427928455,Triclinic,-2.4312766993040293,0.046287167179496436,3.0512,False,False
mp-27275,Li3BO3,28,8.511241915962081,Monoclinic,-2.5554420863095233,0.0,5.1473,True,False
mp-27417,Li3InO3,28,10.001872440515234,Trigonal,-2.051196499166667,0.010260926071429033,2.8858000000000006,False,False
mp-28510,Li3BiO3,56,12.185406460445716,Triclinic,-1.9599478167857138,0.0,2.4379,True,False
mp-31488,Li3NbO4,32,9.316008977447808,Cubic,-2.7170967846874996,0.0,3.7757,True,False
mp-31723,Li3Cr(PO4)2,56,9.412648391827659,Monoclinic,-2.665784162448979,0.026246598749997574,2.7819000000000003,False,False
mp-31729,Li3Cr2(PO4)3,40,11.528536968806808,Monoclinic,-2.6533882671964273,0.014164325499987918,3.1470000000000002,False,False
mp-31885,Li3Fe2P5O16,52,12.437913124796777,Monoclinic,-2.5503281945467036,0.014971874551286568,4.0751,False,False
mp-31969,Li3Mn2(PO4)3,80,11.30494650532469,Monoclinic,-2.556454397364533,0.011066997874988438,1.1628,False,False
mp-31972,Li3Mn(PO4)2,56,10.230496222510935,Monoclinic,-2.5916400208726245,0.028939885000013987,1.0943,False,False
mp-32017,Li3Mn3(PO4)4,52,11.481622147227423,Monoclinic,-2.49953064201402,0.03942078596150278,0.6178999999999999,False,False
mp-32024,Li3Mn2(PO4)3,40,11.930505104770692,Monoclinic,-2.533599572489533,0.03392182274998845,0.9513,False,False
mp-32107,Li3Mo2(PO4)3,40,12.672207118989933,Monoclinic,-2.5467192729464285,0.01903630775000309,3.105030587401023,False,False
mp-32495,Li3V3(PO4)4,52,11.353971696565491,Monoclinic,-2.6900287270604397,0.03136745673077712,1.8287,False,False
mp-32528,Li3V3(PO4)4,52,12.172533951603366,Monoclinic,-2.7100030822527468,0.011393101538470063,2.0374,False,False
mp-32530,Li3V2(PO4)3,80,11.736529707053272,Monoclinic,-2.6890703345714284,0.03853630162500643,2.0047,False,False
mp-37692,Li3RuO4,16,8.7883876833732,Monoclinic,-1.9401401275000003,0.0,0.0,True,True
mp-504385,Li3Fe2(PO4)3,80,11.456375635645308,Monoclinic,-2.469461976821428,0.04278007237499981,2.5163,False,False
mp-504854,Na2Li3CoO4,40,10.949780984147589,Orthorhombic,-1.795610525525862,0.0,1.4597,True,False
mp-531365,Li3Mn8O16,54,10.935989177689518,Orthorhombic,-1.9855160356832702,0.03182563855864107,0.0,False,True
mp-531914,Li3Ti8O16,54,11.238842869868893,Orthorhombic,-3.2812291204320982,0.023169062777771643,0.0,False,True
mp-540945,Na2Li3GaO4,40,11.049501692994514,Orthorhombic,-2.0740978652758613,0.0,3.2395,True,False
mp-540965,Na2Li3FeO4,40,11.203194566787365,Orthorhombic,-1.8958083285258618,0.0,2.9156,True,False
mp-542008,Li3Fe2(AsO4)3,80,12.408369214371413,Monoclinic,-1.9191242343750006,0.00830461824996842,2.6231,False,False
mp-545467,Li3(CuO2)2,9,9.55263171949506,Monoclinic,-1.582540591111112,0.01249471555555548,0.0,False,True
mp-551675,Li3UO4,8,10.365834181855984,Tetragonal,-2.9485476099999985,0.0,0.3780000000000001,True,False
mp-555140,Cs2Li3GaO4,20,15.492919631785403,Orthorhombic,-2.0031439276810348,0.0,3.6593,True,False
mp-555958,Ba2Li3(PO3)7,132,13.759899239708004,Monoclinic,-2.8542012509090906,0.0002888340908988596,5.451099999999999,False,False
mp-556014,Li3Ga(BO3)2,24,10.463046411795935,Triclinic,-2.6082447413194445,0.022149876874998142,4.1682,False,False
mp-556799,Li3In(BO3)2,48,10.195477111855972,Monoclinic,-2.5294627862500003,0.009382464062498208,3.4307999999999996,False,False
mp-557012,Li3Sc(BO3)2,24,9.94224380693367,Monoclinic,-2.950063116944445,0.0022469566666680763,4.5439,False,False
mp-557328,Li3Zn2SbO6,12,10.049242786328895,Monoclinic,-2.0502118641666676,0.022566202500000188,2.4602,False,False
mp-557652,Li3Mo3P3O17,104,12.697758595077339,Triclinic,-2.4168822254395605,0.0074954142788516975,1.8734999999999997,False,False
mp-557717,Li3Nd3(WO6)2,80,12.618868851640864,Cubic,-2.972712194625,0.0,3.1808,True,False
mp-557738,Li3BiO4,32,10.035253919485848,Tetragonal,-1.8872128728125004,0.0,1.0578999999999996,True,False
mp-557826,Li3U7(PO7)5,100,14.942853836833738,Tetragonal,-3.2232666026642858,0.004160980650020463,1.9176,False,False
mp-558294,Li3TaO4,48,9.177981565615244,Monoclinic,-2.849447464458333,0.0005245480208326825,4.5218,False,False
mp-559106,KLi3PbO4,18,12.965147807844545,Triclinic,-1.8447578502499995,0.0,1.69352049517411,True,False
mp-559129,Li3Er(NO3)6,112,13.24562938398307,Monoclinic,-1.4270854213392872,0.0,3.1386000000000003,True,False
mp-559706,Li3Gd(BO3)2,48,10.404357057494913,Monoclinic,-2.9600034975694425,0.0,3.1614,True,False
mp-559904,NaLi3SiO4,72,10.459460181160072,Tetragonal,-2.6283632193199233,0.0,4.4978,True,False
mp-560164,Li3AlMo2(AsO7)2,22,11.731087547136712,Triclinic,-2.17892747340909,0.015887175795454844,2.7879000000000005,False,False
mp-560739,K3Li3TeO6,52,13.620259356280274,Orthorhombic,-1.9521160929551273,0.0,2.6948,True,False
mp-561254,NaLi3GeO4,72,11.301086919421845,Tetragonal,-2.2319488507088123,0.0,3.6606,True,False
mp-581162,Li3VO4,32,10.714842548607267,Orthorhombic,-2.4974768068750013,0.005268439374999545,3.939,False,False
mp-585226,Li3Fe2(PO4)3,40,11.422936472624285,Monoclinic,-2.4773617036964284,0.03488034549999952,2.4816000000000003,False,False
mp-585338,Li3Mn3(PO4)4,78,12.27013014691679,Triclinic,-2.5332551313729956,0.005696296602527795,0.7289000000000001,False,False
mp-585408,Li3Sn2(PO4)3,40,14.432638478825988,Trigonal,-2.5057772156964284,0.04756222958333023,2.8054999999999994,False,False
mp-641919,KLi3Ca7Ti2Si12(O18F)2,126,12.642503945220938,Monoclinic,-3.3560221340304235,0.0,3.5221,True,False
mp-643154,Li3V2(PO4)3,80,11.808249572288204,Monoclinic,-2.720508113696428,0.007098522500006865,2.0469,False,False
mp-675212,Li3(WO3)8,35,12.50731013668648,Cubic,-2.192906593142857,0.026581958964289498,0.0,False,True
mp-677627,Li3Nd3(TeO6)2,80,12.825700170747007,Cubic,-2.7225383996666666,0.0,3.1313999999999997,True,False
mp-684028,Li3Bi(PO4)2,42,11.379296558020217,Trigonal,-2.5582723551870754,0.049689325833330855,3.7489999999999997,False,False
mp-684042,Li3Bi2(PO4)3,40,13.892653807394883,Monoclinic,-2.5011848456964287,0.04867103474999723,4.0258,False,False
mp-684470,Li3Sn2P5O16,52,14.170222953988754,Monoclinic,-2.524975561662088,0.036610731250005024,4.0922,False,False
mp-684504,Li3Bi2(PO4)3,80,14.207755020222098,Monoclinic,-2.5125235918214286,0.037332288624996934,3.8832000000000004,False,False
mp-695021,Li3Ti3Fe(PO4)6,74,12.567703536538154,Triclinic,-2.8677860348069513,0.016035556891877967,2.3884,False,False
mp-695469,Li3Cr13Ni3(SO4)24,139,12.781004999659686,Triclinic,-1.9690070150359706,0.028480406825536875,2.2487,False,False
mp-695635,Li3Al3P3H2O14F,52,9.481693595301955,Triclinic,-2.8521880610164834,0.01102641386752179,5.7714,False,False
mp-696949,Li3TeHO4,18,12.429199892686208,Monoclinic,-1.9420064519907412,0.0,3.5927,True,False
mp-697753,Li3Cr2(PO4)3,40,11.617223478661712,Monoclinic,-2.6433593789464274,0.024193213749986953,2.8872000000000004,False,False
mp-704962,Li3Mn3(PO4)4,52,11.320940923421126,Monoclinic,-2.490139576052482,0.04881185192304116,0.3909,False,False
mp-705002,Li3V4P9O32,96,12.54720021050327,Tetragonal,-2.618811850349702,0.0343862259028036,1.4124999999999999,False,False
mp-705293,Li3V2(PO4)3,40,11.949992503996565,Monoclinic,-2.702058204696428,0.025548431500006963,1.9338000000000002,False,False
mp-705314,Li3V3P8O29,86,13.387271575951646,Monoclinic,-2.5230056436544848,0.04885059633720079,1.2772999999999999,False,False
mp-705329,Li3Fe2(PO4)3,40,11.83567780245998,Monoclinic,-2.4791996161964276,0.033042433000000315,2.5284999999999997,False,False
mp-705341,Li3Mo4P9O32,96,13.260250589117417,Tetragonal,-2.516339798891368,0.03283805663191597,1.8742999999999999,False,False
mp-705468,Li3Mn3(PO4)4,52,12.724584715622646,Monoclinic,-2.510715676437097,0.028235751538425724,0.6397999999999999,False,False
mp-705470,Li3Mo4P5O24,72,13.554694832529739,Monoclinic,-2.4245954699503978,0.03775710861115478,2.5452,False,False
mp-707105,Li3B5(HO5)2,80,8.804776910986192,Tetragonal,-2.5714238454166676,0.00016554825000003603,5.8854,False,False
mp-722330,Li3La2H6(N3O10)3,200,12.415218146755697,Cubic,-1.4219291951500008,0.0014921013875124345,3.5098,False,False
mp-723059,Li3Nd2H6(N3O10)3,200,12.24272967837229,Cubic,-1.402061130300001,0.006459045774998451,3.5123,False,False
mp-743603,Li3Ti3Fe(PO4)6,37,12.668276421398126,Triclinic,-2.8548825691312727,0.028939022567556094,2.4446000000000003,False,False
mp-744690,NaLi3Ti2Fe2(PO4)6,114,12.338118875352592,Triclinic,-2.7262974697167492,0.02651865978069612,2.2378,False,False
mp-752491,Li3VCr(P2O7)2,23,12.114161094789374,Triclinic,-2.6695378186335406,0.01863270326992783,0.6295999999999999,False,False
mp-752510,Li3Ti2V3O10,36,10.625737841349952,Triclinic,-2.8019852825925926,0.03858114618054209,1.6465,False,False
mp-752550,Li3NiOF3,32,8.801238222215298,Tetragonal,-2.6304766649999998,0.047341250624999276,1.9121000000000001,False,False
mp-752621,Li3FeB4O9,34,9.741070330388368,Monoclinic,-2.579986830980392,0.041618749595589755,3.0827,False,False
mp-752646,Li3Fe(BO3)2,24,10.431442587347716,Triclinic,-2.4600649256944447,0.025683682708335986,2.4444000000000004,False,False
mp-752696,Li3FePCO7,26,10.684084241492739,Monoclinic,-2.3418601580494496,0.04064143576922952,4.2992,False,False
mp-752750,Li3Ni4O4F3,14,9.117243554994193,Tetragonal,-2.0065825996428575,0.04563562357142725,2.2384,False,False
mp-752794,Li3Mn2CoO6,24,9.289599904327426,Monoclinic,-1.9749203521551728,0.047064525208338814,0.0,False,True
mp-752825,Li3MnVP2(O4F)2,34,11.174210141054473,Triclinic,-2.7581476489539267,0.035300465882351695,1.5363000000000002,False,False
mp-752864,Li3Co2(CO3)4,21,11.288282940399908,Triclinic,-1.843964647619048,0.045402838313492566,0.673,False,False
mp-752879,Li3Ti4O8,15,10.007860858028748,Trigonal,-3.058878384222223,0.045010171000001264,0.0,False,True
mp-753028,Li3Mn4O8,15,10.043700249848087,Monoclinic,-2.0949117394482766,0.02742557800000789,0.7410999999999999,False,False
mp-753035,Li3Ti2Mn3O10,36,10.7261381671465,Triclinic,-2.579832453081098,0.04286166482639153,0.9013,False,False
mp-753081,Li3(CuO)4,11,12.452789352514475,Orthorhombic,-1.2999585954545447,0.043869513409091176,0.0,False,True
mp-753219,Li3MnNi3O8,15,9.383102169820695,Monoclinic,-1.583539662528735,0.018566930916668944,0.0,False,True
mp-753263,Li3Cr2CuO6,12,9.043834694063879,Monoclinic,-2.0514652300000003,0.037809809166668984,0.1721999999999997,False,False
mp-753275,Li3FeNi3O8,15,9.451164717176233,Monoclinic,-1.4681355993333332,0.020682104902778775,0.0,False,True
mp-753329,Li3Ni3OF7,28,10.90308590305223,Trigonal,-2.4916036789285707,0.03750143303571285,3.5292999999999997,False,False
mp-753439,Li3MnVP2(HO5)2,38,10.442672658319438,Triclinic,-2.414072307353513,0.045464680855262785,2.0258,False,False
mp-753504,Li3Nb4VO12,20,11.268558058544459,Triclinic,-2.810518531499999,0.028146736468748657,0.0,False,True
mp-753513,Li3Mn(PO4)2,56,10.36911844451609,Monoclinic,-2.6013840989083383,0.019195806964299678,1.6196,False,False
mp-753590,Li3Fe3CoO8,15,9.825082797889339,Trigonal,-1.781493998,0.017006114166668418,0.0,False,True
mp-753602,Li3Mn(OF)2,32,9.197634143120421,Orthorhombic,-2.6377073022413797,0.02442540687499939,2.4193,False,False
mp-753674,Li3Mn4O8,30,10.143922733600164,Monoclinic,-2.0957607931149433,0.02657652433334068,0.7442000000000002,False,False
mp-753680,Li3VCrP2(O4F)2,17,11.146041585604655,Triclinic,-2.7394783793697477,0.026984154080880174,0.5934999999999997,False,False
mp-753687,Li3Cr2CoO6,12,9.174008827818215,Monoclinic,-2.162549980833333,0.02508451166666603,0.7767,False,False
mp-753703,Li3Ni2O2F3,20,8.983376698323191,Tetragonal,-2.3515230745,0.034348318000000155,2.2142,False,False
mp-753725,Li3Mn2(P2O7)2,92,11.757518270454087,Monoclinic,-2.589696665953631,0.03089061543476923,0.0,False,True
mp-753769,Sr3Li3La5O12,23,14.819938492058371,Monoclinic,-3.272470985000001,0.03970480940217236,2.9474,False,False
mp-753812,Li3Co2(CO3)4,21,12.032263059291845,Triclinic,-1.8499901595238109,0.039377326408729374,0.6341,False,False
mp-754087,Li3Fe2(SiO4)2,15,11.880679936982828,Triclinic,-2.5151509793333333,0.04121337566667016,1.6259,False,False
mp-754094,Li3Fe3NiO8,15,9.895478576669612,Monoclinic,-1.6898984113333333,0.037310396028733095,0.0,False,True
mp-754193,Li3TiCr3O8,30,10.026678921010266,Trigonal,-2.592767026222222,0.03882574083333523,2.3315,False,False
mp-754249,Li3ZrNb(TeO6)2,19,11.533447888729501,Triclinic,-2.3586030343859647,0.0212472311936045,1.8758999999999997,False,False
mp-754273,Li3Co(CuO2)4,16,9.119285404621323,Monoclinic,-1.3551250856249997,0.042279298124999976,0.0,False,True
mp-754316,Li3Co(NiO3)2,12,8.601927310471769,Monoclinic,-1.574099685833333,0.01676979111111354,0.0,False,True
mp-754325,Li3Fe4(BO3)4,23,10.426053515284384,Triclinic,-2.3012924215942028,0.03507665054349207,1.5164,False,False
mp-754458,Li3Cu(NiO3)2,12,8.621275056917119,Monoclinic,-1.4408710833333334,0.04131691972222207,0.0,False,True
mp-754552,Li3Mn4(BO3)4,23,10.981997242975748,Triclinic,-2.4691275077561223,0.04028416619564723,0.7007000000000001,False,False
mp-754615,Li3VCr2O6,24,9.316601747632774,Monoclinic,-2.435478421666667,0.0015298279166708895,1.874,False,False
mp-754751,Li3Nb3TeO12,19,11.496637749256559,Triclinic,-2.5825649024561406,0.018303648552632446,2.0593,False,False
mp-754753,Li3Mn(PO4)2,56,10.353641606847118,Monoclinic,-2.6000474640869107,0.02053244178572733,0.28300000000000036,False,False
mp-754791,Li3Mn2Fe(BO3)3,36,10.406351432499928,Monoclinic,-2.451327890186782,0.002692058888888127,3.0229,False,False
mp-754896,Li3(NiO2)4,15,8.712149630591181,Monoclinic,-1.3542276806666658,0.012351140361111845,0.030100000000000016,False,False
mp-754956,Li3Ni4SbO8,16,9.566218677504988,Monoclinic,-1.6953526324999997,0.04494584125000056,1.6713000000000005,False,False
mp-754968,Li3FePCO7,52,10.799647684735419,Triclinic,-2.3362564232417578,0.046245170576921346,4.0809,False,False
mp-754987,Li3FePCO7,52,10.883299585767638,Triclinic,-2.3445551540109886,0.037946439807690524,4.056500000000001,False,False
mp-755051,Li3Cr2FeO6,12,9.295906437195589,Monoclinic,-2.2478201708333336,0.006717638472220067,1.8841,False,False
mp-755134,Li3V4CrO8,16,9.910599621653201,Monoclinic,-2.344421494375,0.04684845755208755,0.5968,False,False
mp-755151,Li3Al2VO6,48,8.74639869800213,Monoclinic,-2.8590611179166676,0.03682818625000106,1.9795999999999996,False,False
mp-755180,Li3Fe2CuO6,12,9.377585187289679,Monoclinic,-1.7526240233333326,0.027527612083331654,0.6053000000000001,False,False
mp-755201,Li3Fe(CuO3)2,12,9.119092790569079,Monoclinic,-1.5660399941666672,0.049326528958332005,0.07679999999999998,False,False
mp-755223,Li3Ni4SnO8,16,9.51670732656615,Monoclinic,-1.6473935528124999,0.01814380630208401,0.0,False,True
mp-755272,Li3V5O8,16,9.895717509495638,Trigonal,-2.3651065887500007,0.03325996223958505,0.7822000000000005,False,False
mp-755289,Li3Y3ZrO8,15,13.606778559368403,Orthorhombic,-3.365374738,0.04426945454166642,4.1806,False,False
mp-755332,Li3MnFe2(BO3)3,36,10.315509118572958,Monoclinic,-2.3886071039128347,0.0044731795833286014,2.7735000000000003,False,False
mp-755383,Li3FeP2HO8,15,9.367163545487184,Triclinic,-2.44258809070238,0.03416103700000672,4.1768,False,False
mp-755577,Li3Mn4CoO8,16,9.845638863345844,Monoclinic,-2.003303070732759,0.029649516406250243,0.0,False,True
mp-755665,Na3Li3Fe2P2(CO7)2,52,11.498045776734497,Triclinic,-2.3034554622470624,0.025694476923074916,3.8263999999999996,False,False
mp-755734,Li3Ti(FeO2)4,16,9.748857787741771,Monoclinic,-2.1153179302083336,0.044718928281247905,0.7958000000000003,False,False
mp-755739,Li3VP2HO8,60,9.927672347616516,Triclinic,-2.5245886123690466,0.040697833048782606,3.0833,False,False
mp-755839,Li3VCr3O8,30,9.942808262986587,Trigonal,-2.3952868626666666,0.038419861020836166,1.2581000000000002,False,False
mp-755926,Li3CoO3,14,10.077158778747895,Triclinic,-1.8359350699999994,0.04512676214285971,1.2294,False,False
mp-755972,Li3(NiO2)4,15,8.773229328972066,Monoclinic,-1.3577272900000006,0.008851531027777249,0.24839999999999973,False,False
mp-756159,Li3Ni5O8,16,8.84406619538251,Trigonal,-1.4163260287499995,0.011688770625000622,0.0,False,True
mp-756169,Li3Cu(NiO2)4,16,8.842157999114484,Monoclinic,-1.3768348249999995,0.03932750229166704,0.0,False,True
mp-756197,Li3Fe2P2(CO7)2,23,12.050146391381148,Triclinic,-2.1774366882298133,0.04723829312500438,0.0,False,True
mp-756199,Li3Mn2P2(CO7)2,23,11.53187947214981,Triclinic,-2.2566008884846864,0.037661831702874515,0.0,False,True
mp-756225,Li3Co4SbO8,16,9.95366465260094,Monoclinic,-1.7222631781250008,0.02051116687499821,1.2620999999999993,False,False
mp-756288,Li3Cu4SnO8,16,10.022444716011083,Monoclinic,-1.501847707812499,0.0486032951562505,0.0,False,True
mp-756307,Li3TiV3O8,30,10.201931987418385,Trigonal,-2.6729274525555553,0.02971181774999998,1.5812,False,False
mp-756320,Li3Fe4SbO8,16,10.415965753556184,Monoclinic,-1.8499160906249994,0.0,1.3748,True,False
mp-756343,Li3Cu4NiO8,16,9.468133992326631,Monoclinic,-1.3109914493750008,0.04705463906249907,0.0,False,True
mp-756351,Li3Mn4NiO8,16,9.634781155572814,Monoclinic,-2.0038719532327596,0.022362403125000263,0.0,False,True
mp-756352,Li3Cr(NiO2)4,16,8.976437080259638,Monoclinic,-1.6553732537499997,0.043749318437500406,0.0,False,True
mp-756355,Li3V4CuO12,20,12.772034323959797,Monoclinic,-2.249886024000001,0.04373121700000038,1.1290000000000002,False,False
mp-756364,Li3Mn(NiO3)2,24,8.925242803030912,Monoclinic,-1.7674217127442529,0.024979301944449084,0.0,False,True
mp-756376,Li3Nb4ZnO12,20,11.242734180630034,Triclinic,-2.7600177984999994,0.03826738056250001,0.0,False,True
mp-756397,Li3V6O16,25,10.9171836468767,Monoclinic,-2.3786919144,0.021704391799997502,0.0,False,True
mp-756408,Li3MnO3,28,9.887751717132732,Tetragonal,-2.100974783990147,0.016778587142857404,1.3918,False,False
mp-756498,Li3FeNi3O8,15,9.435335664185544,Trigonal,-1.452349225333333,0.036468478902778934,0.0,False,True
mp-756592,Li3Fe4CoO8,16,9.611515779471283,Monoclinic,-1.7790986918750002,0.025826339453124625,0.0,False,True
mp-756610,Li3Mg(NiO2)4,16,8.9356901911812,Trigonal,-1.6457964028125005,0.011569811250000228,0.0,False,True
mp-756692,Li3Cr(FeO3)2,12,9.430337268439235,Monoclinic,-2.0949913991666667,0.00477238256944279,1.706,False,False
mp-756694,Li3Ti(NiO2)4,32,9.17425432419406,Monoclinic,-1.9224348117708336,0.027077901770828916,0.0,False,True
mp-756749,Li3V2(PO4)3,80,10.353051509401304,Cubic,-2.6809846748214285,0.04662196137500718,0.0,False,True
mp-756753,Li3La7(FeO8)2,28,13.194171989829501,Monoclinic,-3.0642625416071434,0.0473053218749957,0.9455,False,False
mp-756755,Li3Nb3TeO12,19,11.498628300538769,Triclinic,-2.5807385061403507,0.020130044868421848,2.1154,False,False
mp-756787,Li3Co(NiO2)4,16,8.69784083346492,Monoclinic,-1.4778369231250004,0.019836509583333495,0.0,False,True
mp-756789,Li3V(Si2O5)3,100,11.752315493540017,Orthorhombic,-3.0209429261,0.04004314218333249,2.4479,False,False
mp-756800,Li3Cr(CuO2)4,16,9.51049619623875,Monoclinic,-1.5308708656250003,0.0322740387499989,0.0,False,True
mp-756803,Li3Fe4NiO8,16,9.518863787759146,Monoclinic,-1.7788873187499998,0.027855519687498997,1.1938999999999997,False,False
mp-756831,Li3Mn2NiO6,12,9.226161402664241,Monoclinic,-1.9710027563218393,0.04202448000000647,0.0,False,True
mp-756842,Li3Cr2NiO6,12,9.078941343773662,Monoclinic,-2.1073627216666666,0.02668236979167027,0.0,False,True
mp-756870,Li3Mn(NiO2)4,16,8.988931016215474,Monoclinic,-1.63044363612069,0.018378449895833704,0.0,False,True
mp-756935,Li3SbO3,28,11.170040386685246,Cubic,-2.0634326014285707,0.00916186642857042,2.8939999999999997,False,False
mp-757010,Li3Fe(NiO2)4,16,9.016500235223987,Monoclinic,-1.5267062756249992,0.013044885885417301,0.0,False,True
mp-757012,Li3TiV3O8,30,9.766155729388721,Hexagonal,-2.6527576375555553,0.049881632750000904,1.509,False,False
mp-757071,Li3Fe4SnO8,16,10.17584747398479,Monoclinic,-1.8420426828125,0.03401882125000011,1.0881000000000007,False,False
mp-757072,Li3Mn(FeO3)2,12,9.52243253469839,Monoclinic,-1.9939684989942528,0.022612654166666246,0.6681999999999997,False,False
mp-757121,Li3V2FeO6,24,9.448166147290745,Monoclinic,-2.313883282500001,0.01417555187499886,1.0766999999999998,False,False
mp-757135,Li3Fe2NiO6,12,9.194377315172984,Monoclinic,-1.786101357499999,0.009853574027775203,0.0,False,True
mp-757161,Li3Fe3NiO8,15,9.806462557906956,Trigonal,-1.708721835999999,0.01848697136206745,0.9040000000000004,False,False
mp-757208,Li3V2CrO6,24,9.384407520105908,Monoclinic,-2.464114564166667,0.0012800816666613812,1.8865999999999996,False,False
mp-757216,Li3MnFe3O8,15,10.019916711705639,Trigonal,-1.9368575458620692,0.02286779649999726,1.6051000000000002,False,False
mp-757225,Li3TiCr3O8,30,9.934983326593985,Monoclinic,-2.585906725222222,0.04568604183333491,1.9035999999999995,False,False
mp-757269,Li3Fe4(BO3)4,46,10.580346607194702,Monoclinic,-2.2974845507246378,0.038884521413057094,1.2874000000000003,False,False
mp-757278,Li3V(PO4)2,42,10.597161702824799,Triclinic,-2.690676231853741,0.04425027470238074,1.7604999999999995,False,False
mp-757321,Li3V2(PO4)3,80,11.35735911288465,Monoclinic,-2.7245616238214283,0.0030450123750069835,2.1369,False,False
mp-757329,Li3V3P8O29,86,13.635295299070789,Monoclinic,-2.525841484468438,0.04601475552324796,1.2644000000000002,False,False
mp-757334,Li3V(PO4)2,28,10.35138484184745,Monoclinic,-2.706495508877551,0.028430997678571934,2.0582000000000003,False,False
mp-757427,Li3Fe(Si2O5)3,100,11.782510540352192,Orthorhombic,-2.935589038900001,0.0419320369999987,3.2133000000000003,False,False
mp-757522,Li3V3P8O29,86,13.75882163300383,Triclinic,-2.526289637142857,0.04556660284882952,0.9734,False,False
mp-757550,Li3V3P8O29,86,13.730556418224523,Triclinic,-2.526260851910299,0.04559538808138708,0.5877,False,False
mp-757576,Li3P2WO9,60,11.622725115811177,Monoclinic,-2.568384017785714,0.04875511433333468,3.3444000000000003,False,False
mp-757589,Li3V3P8O29,86,13.833171321260055,Triclinic,-2.523972557956811,0.047883682034874475,0.9857,False,False
mp-757622,Li3V3P8O29,86,13.6970482356335,Triclinic,-2.524642522724252,0.04721371726743406,1.1088,False,False
mp-757633,Li3V3P8O29,86,13.855968396781032,Triclinic,-2.523930073305648,0.04792616668603866,1.1095,False,False
mp-757646,Li3Mn(PO4)2,56,10.09551636825579,Monoclinic,-2.579438818194053,0.04114108767858493,0.5757999999999996,False,False
mp-757761,Li3V(Si2O5)3,100,12.216945197646218,Orthorhombic,-3.0251847144,0.03580135388333261,2.4198,False,False
mp-757868,K2Li3CoO4,40,12.660611236618232,Monoclinic,-1.7700962439500003,0.0,1.4536999999999998,True,False
mp-757871,Li3CoNi3O8,15,9.191356044510757,Trigonal,-1.425936137333334,0.01494522591666847,0.0,False,True
mp-757899,Li3Sn2(PO4)3,80,13.396199207811526,Monoclinic,-2.509036520196428,0.04430292508333,2.1795,False,False
mp-757904,Li3V3P8O29,86,13.692957079203177,Triclinic,-2.526614499817275,0.045241740174410516,0.836,False,False
mp-757987,Li3Mn3NiO8,15,9.721724596968604,Triclinic,-1.9717787602528745,0.032722156833336236,0.37840000000000007,False,False
mp-758030,Li3V3P8O29,86,13.657355212758837,Triclinic,-2.5225734257475083,0.049282814244177686,1.1765999999999999,False,False
mp-758041,Li3V(CO3)3,32,11.126550209755072,Orthorhombic,-2.1331119349999996,0.04795916937500433,2.9532,False,False
mp-758143,Li3Ni5O8,48,8.81388468770558,Monoclinic,-1.4164327122916671,0.011582087083333192,0.0,False,True
mp-758155,K8Li3Mn4O16,31,16.75172823405763,Triclinic,-1.8245088370878761,0.029885689274189886,0.0286,False,False
mp-758173,Li3Fe2(SiO4)2,30,12.000579509631063,Monoclinic,-2.515546219,0.040818136000003946,1.5027,False,False
mp-758186,Li3Fe(PO4)2,56,12.214793315629024,Monoclinic,-2.5472732260204083,0.03382143267857263,1.0627,False,False
mp-758244,Li3TiNi3O8,30,9.525831548851068,Monoclinic,-1.8859177955555557,0.03692546724999701,0.0,False,True
mp-758411,Li3CoSiO5,40,10.682645391403144,Orthorhombic,-2.384313344,0.043687516000005644,1.1762000000000001,False,False
mp-758480,Li3Mn3(PO4)4,52,11.172227798428382,Monoclinic,-2.511141573552482,0.02780985442304118,0.6286999999999998,False,False
mp-758588,K4Li3(FeO4)2,34,15.281581977287985,Triclinic,-1.659533854941176,0.049241815220583796,0.14089999999999997,False,False
mp-758654,Li3Fe2(PO4)3,40,11.690870284995908,Triclinic,-2.5010899281964285,0.011152120999999404,0.8344,False,False
mp-758687,Li3P3(WO6)2,80,12.25139571081039,Monoclinic,-2.4880604320714284,0.046232862500001026,3.6853,False,False
mp-758755,Li3Co3OF7,28,11.344832782212714,Trigonal,-2.498783595357143,0.04244825732142843,2.6365,False,False
mp-758764,Li3Ni2P2(O4F)2,68,10.826668777639423,Monoclinic,-2.4106786033403353,0.029996649117650875,0.043199999999999905,False,False
mp-758792,Li3CrSi2O7,78,10.61876776949705,Hexagonal,-2.785963346923076,0.04368622326923077,2.715,False,False
mp-758803,Li3(NiO2)5,36,9.325829421327349,Triclinic,-1.2453651827777779,0.03360531949074108,0.49629999999999974,False,False
mp-758937,Li3Mn2(PO4)3,80,11.72167124293369,Orthorhombic,-2.548164625239532,0.019356769999989254,0.8159000000000001,False,False
mp-758956,Li3Mn2(PO4)3,80,11.51561785724482,Monoclinic,-2.5180210096145332,0.04950038562498804,0.7760999999999998,False,False
mp-758961,Li3Fe4(BO3)4,46,10.497933309484239,Triclinic,-2.2974881609420286,0.03888091119566628,1.3159999999999998,False,False
mp-759061,Li3Cr3CoO8,30,9.718228115268978,Trigonal,-2.155946822,0.025083037555558185,0.9782000000000002,False,False
mp-759065,Li3V2(PO4)3,80,11.814240775707137,Orthorhombic,-2.7233346816964286,0.004271954500006281,1.8559,False,False
mp-759239,Li3Fe4(BO3)4,46,10.653342834077694,Triclinic,-2.298761188985507,0.037607883152188215,1.5781000000000003,False,False
mp-759282,Li3Fe2(PO4)3,80,11.659529114684553,Orthorhombic,-2.5028207479464286,0.009421301249999736,2.33,False,False
mp-759305,Li3Mn2P2(O4F)2,68,11.319953030046676,Monoclinic,-2.671705667214576,0.022491312941177455,0.6420999999999997,False,False
mp-759310,Li3Cr2P2(O4F)2,34,11.127371139674905,Triclinic,-2.714902419369749,0.014460678676473826,1.8569000000000004,False,False
mp-759320,Li3Mn3(PO4)4,78,12.603781675411183,Triclinic,-2.5104167970140217,0.02853463096150133,0.8985000000000001,False,False
mp-759348,Li3Cr(Si2O5)3,100,12.287491966100934,Orthorhombic,-3.0002157077000002,0.04325500980000019,3.7861999999999996,False,False
mp-759383,Li3FeSi2O7,78,10.76412902452602,Hexagonal,-2.666704549615384,0.03611878673077484,1.0735000000000001,False,False
mp-759411,Li3TiV2O6,24,9.436933360716571,Monoclinic,-2.6524734548611115,0.028235025520831236,0.0,False,True
mp-759418,Li3V3P8O29,86,13.96807416622708,Triclinic,-2.52219050063123,0.049665739360456485,0.6655,False,False
mp-759639,Li3Fe(PO4)2,56,12.358162110484178,Monoclinic,-2.542055419056122,0.03903923964285827,0.5248,False,False
mp-759656,Li3MnP2HO8,30,10.513320174861272,Monoclinic,-2.50753517756445,0.040862552166667676,4.417,False,False
mp-759826,Li3Mn(PO4)2,56,10.256459536962195,Monoclinic,-2.5917079456940533,0.028871960178585176,0.2591999999999999,False,False
mp-759846,Li3MnFeCo(PO4)3,84,10.843476038329934,Orthorhombic,-2.4774112448504573,0.028393653928571183,2.2950000000000004,False,False
mp-760008,Li3Fe(PO4)2,56,10.240592533072146,Monoclinic,-2.556588108341837,0.024506550357143553,2.4322999999999997,False,False
mp-760081,Li3V3P8O29,86,13.731050978476123,Triclinic,-2.5222810086544856,0.04957523133719999,0.8964,False,False
mp-760123,Li3V3P8O29,86,13.78170330231424,Triclinic,-2.523109692026578,0.04874654796510747,0.9065,False,False
mp-760195,Li3Fe4(BO3)4,46,10.532084580136953,Triclinic,-2.3014951989855064,0.03487387315218893,1.6829000000000003,False,False
mp-760261,Li3Cr(BO3)2,48,9.779667387447509,Monoclinic,-2.5920114684027773,0.04829884187499811,3.0780000000000003,False,False
mp-760283,Li3Cr(BO3)2,48,9.205509745356549,Monoclinic,-2.599849707569444,0.04046060270833163,3.1140000000000003,False,False
mp-760816,Li3VOF5,40,10.701330950348003,Triclinic,-3.04163386225,0.019560065750006572,2.1558,False,False
mp-760955,Li3V3P8O29,86,13.721048910188486,Triclinic,-2.5234798587707634,0.04837638122092258,1.2143000000000002,False,False
mp-760964,Li3V3P8O29,86,13.667430412448978,Triclinic,-2.522768698305648,0.04908754168603746,1.2344,False,False
mp-760969,Li3V3P8O29,86,13.70193228931841,Triclinic,-2.5249319186544854,0.04692432133720015,0.9383999999999999,False,False
mp-760997,Li3Mn(PO4)2,56,12.157817105399262,Triclinic,-2.5871722612297674,0.03340764464287105,0.9067999999999999,False,False
mp-761007,Li3V3P8O29,86,13.674627625019406,Triclinic,-2.5264840781893687,0.045372161802316846,0.8056000000000001,False,False
mp-761008,Li3V3P8O29,86,13.72207683956468,Triclinic,-2.525521229817276,0.046335010174409774,0.6852,False,False
mp-761011,Li3V3P8O29,86,13.465872416396603,Monoclinic,-2.523137595166112,0.04871864482557342,1.2772,False,False
mp-761023,Li3V3P8O29,86,13.526796433755294,Triclinic,-2.5245598891196015,0.0472963508720845,0.5666,False,False
mp-761029,Li3V3P8O29,86,13.706622787385415,Trigonal,-2.524274695049834,0.04758154494185174,1.2239,False,False
mp-761040,Li3V3P8O29,86,13.625015244778416,Triclinic,-2.5257622198172753,0.046094020174410666,1.0079,False,False
mp-761096,Li3Co3OF7,28,11.274952612106754,Monoclinic,-2.501300988928573,0.03993086374999866,2.6661,False,False
mp-761202,Li3Fe4(BO3)4,46,10.586559277797118,Monoclinic,-2.300950066594203,0.035419005543492865,1.8227,False,False
mp-761209,Li3Fe4(BO3)4,46,10.554958302342154,Triclinic,-2.2974924215942027,0.0388766505434921,1.344,False,False
mp-761211,Li3Fe4(BO3)4,46,10.538076696231643,Triclinic,-2.3047372368115937,0.03163183532610159,1.6499000000000001,False,False
mp-761222,Li3Fe4(BO3)4,46,10.495270926370306,Triclinic,-2.3009195420289847,0.03544953010871055,1.6431999999999998,False,False
mp-761258,Li3MnFeCo(PO4)3,84,10.806413637031213,Monoclinic,-2.492548373659981,0.013256525119047957,2.4164,False,False
mp-761592,Li3Fe2CoO6,12,9.045632181424564,Monoclinic,-1.8662260816666674,0.012285007083328914,0.43059999999999965,False,False
mp-761602,Li3Fe(CoO3)2,12,8.329118701546841,Monoclinic,-1.7788276150000002,0.03325781479166601,0.5338000000000003,False,False
mp-761849,Na5Li3Ti5O14,27,10.833824990840288,Triclinic,-2.8886146697616,0.04040977297619719,2.9587000000000003,False,False
mp-761869,Sr3Li3La5O12,69,14.576745155768537,Monoclinic,-3.273532843115943,0.03864295128623052,3.0223000000000004,False,False
mp-761891,Li3Ti4O8,15,9.518897151458022,Monoclinic,-3.0572048668888887,0.04668368833333503,0.0,False,True
mp-762165,Li3(NiO2)5,18,9.542501979061944,Triclinic,-1.2435358200000006,0.035434682268518536,0.0,False,True
mp-762840,Li3CrP2HO8,60,10.032854443896298,Triclinic,-2.4845481767023814,0.04723190558888657,2.822,False,False
mp-763241,Li3Cr2P2(CO7)2,23,11.68034916648664,Triclinic,-2.324397854751551,0.04810254202898534,0.11119999999999997,False,False
mp-763832,Li3MnPCO7,52,11.277532645038475,Triclinic,-2.419713621736453,0.04880427384615427,3.7331000000000003,False,False
mp-764068,Li3V3P8O29,86,13.845343527958333,Triclinic,-2.5242295476079737,0.04762669238371231,0.825,False,False
mp-764341,Li3FeSiO5,40,10.694936232468496,Orthorhombic,-2.4981904615000006,0.009521189250003559,2.3144,False,False
mp-764459,Li3Fe4(BO3)4,46,10.543263779449816,Triclinic,-2.305332130942029,0.03103694119566569,1.8891000000000002,False,False
mp-764502,Li3Fe4(BO3)4,46,10.540539944137935,Triclinic,-2.302062820072463,0.034306252065231746,1.6932,False,False
mp-764593,Li3Fe3OF7,28,11.829855983760252,Monoclinic,-2.633140507142857,0.04471378214285604,3.1024000000000003,False,False
mp-764707,Li3MnFeCo(PO4)3,84,10.841169487538497,Monoclinic,-2.4721801186599817,0.03362478011904724,1.9995000000000003,False,False
mp-764708,Li3MnFeCo(PO4)3,84,10.85192701147655,Monoclinic,-2.492574142231411,0.013230756547617517,2.3477999999999994,False,False
mp-764867,Li3MnFeCo(PO4)3,84,10.834198784985011,Monoclinic,-2.4761333113980766,0.029671587380952325,2.0843000000000003,False,False
mp-764869,Li3MnFeCo(PO4)3,84,10.832239952823155,Monoclinic,-2.474724482231411,0.03108041654761795,1.3838999999999997,False,False
mp-764888,Li3Fe4(BO3)4,46,10.601287975892507,Triclinic,-2.2963104535507237,0.04005861858697113,1.3589,False,False
mp-764912,Li3MnFeCo(PO4)3,84,10.874522682692762,Monoclinic,-2.4866099587790287,0.019194940000000216,2.0565,False,False
mp-764931,Li3MnFeCo(PO4)3,84,10.830616484978691,Monoclinic,-2.4924657338980762,0.013339164880952659,2.3994,False,False
mp-764932,Li3Fe4(BO3)4,46,10.5851347340028,Triclinic,-2.2996850913768108,0.03668398076088408,1.2706,False,False
mp-764969,Li3MnFeCo(PO4)3,84,10.781078739245013,Monoclinic,-2.4752407388980773,0.03056415988095118,2.0075999999999996,False,False
mp-764983,Li3VCr3O8,30,9.907274123626612,Trigonal,-2.3959071589999996,0.037799564687502674,1.5066000000000002,False,False
mp-764994,Li3V3P8O29,86,13.775427551420387,Triclinic,-2.521904886677741,0.0499513533139444,0.9544999999999999,False,False
mp-765207,Li3Cr(Si2O5)3,100,11.551179391194468,Orthorhombic,-3.0004626628999995,0.043008054600001344,3.748,False,False
mp-765285,Li3Fe(Si2O5)3,100,12.432012524432077,Orthorhombic,-2.939889681700001,0.03763139419999817,3.3823999999999996,False,False
mp-765358,Li3VOF5,40,10.314137927458834,Monoclinic,-3.032076414,0.029117514000006395,2.7786,False,False
mp-765407,Li3V3P8O29,86,13.755351007770052,Triclinic,-2.5221362678405312,0.04971997215115476,1.0606,False,False
mp-765483,Li3V3P8O29,86,13.805438463230189,Triclinic,-2.523291280282393,0.0485649597092932,0.8481,False,False
mp-765488,Li3V3P8O29,86,13.75308607466355,Monoclinic,-2.527288938305647,0.04456730168603862,1.2134999999999998,False,False
mp-765538,Li3Co2NiO6,24,8.484284103603859,Monoclinic,-1.6589544824999998,0.014471151666673343,0.0,False,True
mp-765761,Li3Co3OF7,28,11.285018022018976,Monoclinic,-2.4995482817857146,0.04168357089285735,2.8048,False,False
mp-766047,K5Li3Ti8(AsO5)8,64,15.020079564635015,Triclinic,-2.5529591094205735,0.008487034687499673,3.0181,False,False
mp-766120,Li3VSi2O7,78,10.849089207785587,Monoclinic,-2.8338407865384623,0.028108769086528262,2.2777000000000003,False,False
mp-766125,Li3V4(PO4)6,37,12.12068039686898,Triclinic,-2.665296253455599,0.011405816768025545,0.6562000000000001,False,False
mp-766211,Li3Mn4(PO4)6,37,11.750660612574748,Triclinic,-2.410813007826521,0.024951978018014742,0.013299999999999867,False,False
mp-766229,Li3VSiO5,40,10.932869322979165,Orthorhombic,-2.6776029247500004,0.04964644375000393,1.6548999999999996,False,False
mp-766372,Li3V4(PO4)6,37,12.47964653269209,Triclinic,-2.6608073077799235,0.01589476244370136,0.8201,False,False
mp-766399,Li3Cr4(PO4)6,37,11.933903738364561,Triclinic,-2.512533680212355,0.04105729305404893,0.007099999999999884,False,False
mp-766472,Li3SiNiO5,40,10.433947186421628,Orthorhombic,-2.2800898567500014,0.04884361458333597,0.9584000000000001,False,False
mp-766502,Li3Mn4(PO4)6,74,11.46663794503406,Triclinic,-2.41435854539409,0.021406440450445707,0.3498000000000001,False,False
mp-766527,Li3Mn4(PO4)6,74,11.458298751081106,Triclinic,-2.418215982691386,0.017549003153149556,0.48850000000000016,False,False
mp-766571,Li3Cr4(PO4)6,74,11.622571576580425,Triclinic,-2.5128555054826243,0.040735467783779455,0.023199999999999887,False,False
mp-766682,Li3V4(PO4)6,74,11.873948702540307,Triclinic,-2.6639209506177615,0.012781119605863367,0.7901000000000002,False,False
mp-767395,Li3CuSbO5,20,9.96881525591935,Triclinic,-1.9385771249999997,0.020955898499997794,0.4336000000000002,False,False
mp-767456,Li3Ta5Cu2O15,50,11.078795741289438,Trigonal,-2.840781232866667,0.04881235859999933,1.2712999999999997,False,False
mp-767480,Li3Cu2SbO6,24,10.013879813973196,Monoclinic,-1.7499910241666672,0.040085652499993074,0.029800000000000715,False,False
mp-767614,Li3Mn4(PO4)6,37,12.11203835418342,Triclinic,-2.4063562962049003,0.029408689639635277,0.03922966941059025,False,False
mp-767626,Li3VCrP2(HO5)2,38,10.052616678253155,Triclinic,-2.4121931698308274,0.03739395424951564,1.1573000000000002,False,False
mp-1566890,Li4V(TeO4)3,80,11.569430001163624,Triclinic,-1.9358135714166664,0.031697057750001534,1.3136999999999999,False,False
mp-1639499,Li4TiCo5O12,44,9.395136322669622,Triclinic,-1.8739494112121209,0.03593387755681565,1.2226,False,False
mp-1641494,Li4TiCo5O12,44,9.52505451526194,Monoclinic,-1.8615614389393935,0.04832184982954235,1.1244,False,False
mp-1645230,Li4TiCo5O12,44,9.321786787743276,Monoclinic,-1.8745172723484842,0.03536601642045234,0.6272000000000002,False,False
mp-1650136,Li4Fe(BO3)2,26,9.523134819975512,Monoclinic,-2.436115396666667,0.016264473461541584,3.7648,False,False
mp-1650315,Li4Fe(BO3)2,52,9.5340230584272,Triclinic,-2.43625138724359,0.016128482884618656,3.7594,False,False
mp-1653381,Li4TiCrO6,48,8.986151834945508,Monoclinic,-2.603311615138889,0.01582251020832981,1.4588999999999999,False,False
mp-1661403,Li4Mn3Co3(SnO8)2,56,10.607949532237216,Triclinic,-1.8839201091830873,0.045991255811685505,0.5623999999999998,False,False
mp-1661736,Li4Co3Sn5O16,56,11.48564831773695,Triclinic,-1.9394968994047619,0.03103590660714506,0.5714000000000006,False,False
mp-1661768,Li4Co3Sn5O16,56,11.479078410853024,Triclinic,-1.9426967602976188,0.027836045714288105,0.7703999999999995,False,False
mp-1664575,Li4Co3Sn5O16,56,11.459656404695053,Triclinic,-1.9315585383333331,0.03897426767857315,0.7385999999999999,False,False
mp-1666215,Li4Fe3Sn3(SbO8)2,56,11.919734419205174,Triclinic,-1.9936459347619047,0.01674610044643199,0.0,False,True
mp-1978851,Li4TiCo5O12,44,9.41552449110975,Monoclinic,-1.8605560296212114,0.04932725914772451,1.1273,False,False
mp-2897108,Li4MnCo5O12,22,8.787396817741811,Monoclinic,-1.7165808011886101,0.021086304772719444,0.0,False,True
mp-768041,Li4MnCr3(PO4)4,28,11.132497037251696,Monoclinic,-2.5820512346369924,0.004848581540181307,1.9097999999999997,False,False
mp-768091,Li4Ni7O11,44,8.858034942355065,Triclinic,-1.415114648560606,0.00653865083333649,0.0,False,True
mp-768106,Li4MnV(PO4)3,42,11.713686885848885,Triclinic,-2.6728352471520447,0.028258668333336345,1.9026,False,False
mp-768185,Ba4Li4Ti19O44,71,11.802989362776989,Triclinic,-3.3920590543192484,0.04738539804577968,2.2457000000000003,False,False
mp-768354,Li4Mn5Co3O16,28,9.57328612444262,Monoclinic,-1.8428926993924475,0.040241357837295766,0.0,False,True
mp-768386,Li4TiCrO6,48,8.932443429190375,Triclinic,-2.6050810368055557,0.01405308854166254,1.2276000000000002,False,False
mp-768387,Li4TiCrO6,48,8.964109909967066,Triclinic,-2.605904547013889,0.013229578333329606,1.2269,False,False
mp-768403,Li4TiCrO6,48,8.94421703349905,Monoclinic,-2.6001061568055555,0.01902796854166322,1.1997999999999998,False,False
mp-768404,Li4TiCrO6,48,8.941419367785903,Monoclinic,-2.601399950347222,0.017734174999996632,1.3111,False,False
mp-768438,Li4TiCrO6,48,8.939910226687408,Triclinic,-2.6035985940972224,0.015535531249995849,1.2774999999999999,False,False
mp-768583,Li4MnV(PO4)3,42,11.673356341688931,Triclinic,-2.6729519633425203,0.028141952142861193,1.8183999999999998,False,False
mp-768584,Li4MnV(PO4)3,42,11.700350923795027,Triclinic,-2.6753390661996637,0.025754849285717363,2.0378,False,False
mp-768594,Li4MnCrO6,48,8.789105293533204,Triclinic,-2.2056528848970305,0.03770428562500072,0.9946000000000002,False,False
mp-768602,Li4Fe5Sb3O16,28,11.46014649430372,Monoclinic,-1.900214839761904,0.04031501517854785,0.9514000000000005,False,False
mp-768603,Li4Ni3Sn5O16,28,11.280251352972078,Triclinic,-1.8638340552976196,0.031111429702376903,0.8671000000000006,False,False
mp-768620,Li4MnCrO6,48,8.743076354027968,Triclinic,-2.2054920901053645,0.03786508041666625,1.0507,False,False
mp-768647,Li4MnCrO6,48,8.74722836863015,Triclinic,-2.2045352436470314,0.03882192687499941,1.0387,False,False
mp-768649,Li4MnCrO6,48,8.72384352668964,Monoclinic,-2.2051130838553643,0.038244086666666455,0.9886999999999997,False,False
mp-768657,Li4CrFe3O8,16,9.431789493037073,Triclinic,-2.056770342708333,0.0042866805208330305,1.7019000000000002,False,False
mp-768668,Li4Ti3V3(WO8)2,28,11.017954440350952,Monoclinic,-2.6695900144047613,0.046578865267857594,0.13140000000000018,False,False
mp-768686,Li4Cr3GaO8,32,9.217039656211115,Triclinic,-2.3794159966145827,0.021769087656250186,3.0346,False,False
mp-768687,Li4Cr3FeO8,32,9.057813247774476,Triclinic,-2.275854263645833,0.017363800937499896,2.3039000000000005,False,False
mp-768690,Li4Cr3GaO8,32,9.220877369006612,Triclinic,-2.3794275150520825,0.021757569218750383,3.1165999999999996,False,False
mp-768691,Li4Cr3CoO8,32,8.943995929086428,Triclinic,-2.2306239058333333,0.012257426875000199,0.8301000000000003,False,False
mp-768692,Li4CrFe3O8,32,9.458162906254346,Triclinic,-2.0570484098958337,0.004008613333332356,1.6796999999999995,False,False
mp-768694,Li4AlCr3O8,32,8.976927836886098,Triclinic,-2.564035732083333,0.0166665167187503,3.1083,False,False
mp-768700,Li4Cr3NiO8,32,9.073975776749869,Triclinic,-2.1774505930208337,0.02523868890625014,0.0,False,True
mp-768701,Li4CrFe3O8,32,9.396139631130914,Triclinic,-2.0572541020833333,0.003802921145832805,1.8474000000000004,False,False
mp-768703,Li4Cr3FeO8,32,9.051931665216046,Triclinic,-2.273750742083333,0.019467322499999717,2.3743000000000003,False,False
mp-768704,Li4Cr3FeO8,32,9.051165337103658,Triclinic,-2.2736908673958327,0.019527197187500178,2.4179,False,False
mp-768712,Li4MnCrO6,24,8.73912700661072,Monoclinic,-2.243357170522031,0.0,1.0543000000000002,True,False
mp-768717,Li4Cr3NiO8,32,9.041196719972756,Triclinic,-2.1792141242708336,0.02347515765625019,0.0,False,True
mp-768718,Li4Cr3CoO8,32,8.945246942261678,Triclinic,-2.231244264270833,0.011637068437500453,0.8600999999999996,False,False
mp-768721,Li4MnV(PO4)3,42,11.627807626357425,Triclinic,-2.664973615247282,0.036120300238099645,1.2855999999999996,False,False
mp-768728,Li4Cr3GaO8,32,9.227635828990458,Monoclinic,-2.382382170677082,0.01880291359375086,3.0726999999999998,False,False
mp-768741,Li4Cr3CoO8,32,8.945248745444827,Triclinic,-2.2305368248958333,0.012344507812500183,0.8064,False,False
mp-768746,Li4Cr3GaO8,32,9.220582810337199,Triclinic,-2.3794911869270825,0.02169389734375038,3.2245000000000004,False,False
mp-768748,Li4Cr3GaO8,32,9.22005383336762,Triclinic,-2.379422060677083,0.02176302359375004,3.1494,False,False
mp-768749,Li4AlCr3O8,32,8.984168824771155,Triclinic,-2.5644036589583337,0.016298589843749767,3.2438,False,False
mp-768763,Li4AlCr3O8,32,8.997641693164216,Monoclinic,-2.5704984555208332,0.010203793281250206,3.0624,False,False
mp-768769,Li4Cr3NiO8,32,9.108834134894938,Triclinic,-2.178811131770834,0.023878150156249944,0.0,False,True
mp-768805,Li4Cr3FeO8,32,9.062808800749261,Triclinic,-2.274527983333333,0.018690081249999935,2.3087,False,False
mp-768808,Li4AlCr3O8,32,8.98344737935596,Triclinic,-2.564154748958333,0.01654749984375048,3.2039999999999997,False,False
mp-768851,Li4AlCr3O8,32,8.976773703239738,Triclinic,-2.564045499583333,0.016656749218750377,3.3975,False,False
mp-768872,Li4Cr3GaO8,32,9.22041597138139,Triclinic,-2.3792326572395828,0.02195242703125011,3.1699,False,False
mp-768874,Li4CrFe3O8,32,9.44445113579681,Triclinic,-2.0570032280208332,0.004053795208332822,1.8326999999999996,False,False
mp-768884,Li4B2O5,22,9.03499869733058,Monoclinic,-2.5820031446969693,0.0464252879545457,4.971,False,False
mp-768894,Li4Cr3FeO8,32,9.004150360176107,Triclinic,-2.2689157792708334,0.02430228531249945,1.7827000000000006,False,False
mp-768934,Li4Cr3CoO8,32,8.944204639286117,Triclinic,-2.2312127955208334,0.01166853718750005,0.0,False,True
mp-768946,Li4Cr3CoO8,32,9.024250912805185,Triclinic,-2.2313493227083336,0.011532009999999815,0.8859000000000004,False,False
mp-769502,Li4Nb2Fe3O10,38,11.018463293394634,Triclinic,-2.3422684830701757,0.033155679342102395,2.0898000000000003,False,False
mp-769563,Li4V3Cr3(TeO8)2,28,11.172607303835616,Triclinic,-2.226278001666667,0.04426345673582244,0.8393999999999995,False,False
mp-769585,Li4Mn3Co3(TeO8)2,28,10.897949598323686,Triclinic,-1.822767525373564,0.007826314846940186,0.0,False,True
mp-769593,Li4VCr3O8,32,9.322437828183153,Triclinic,-2.4160973761458333,0.013814274375000046,1.7184,False,False
mp-769595,Li4VCr3O8,32,9.275646875597271,Triclinic,-2.419807074583333,0.01010457593750047,1.6083000000000003,False,False
mp-769605,Li4VCr3O8,32,9.282689130689043,Triclinic,-2.4198448158333337,0.010066834687499693,1.5099999999999998,False,False
mp-769608,Li4VCr3O8,32,9.282868746610246,Triclinic,-2.4154248523958337,0.014486798124999645,1.9310999999999998,False,False
mp-769609,Li4VCr3O8,32,9.315186744952426,Triclinic,-2.4200482008333335,0.009863449687499859,1.5588000000000002,False,False
mp-769611,Li4V3CrO8,32,9.447129580889495,Triclinic,-2.467459280520833,0.005031964375000086,1.9371999999999998,False,False
mp-769613,Li4Ti3Ni3(WO8)2,28,10.74141115785296,Triclinic,-2.4317261115476185,0.047721274017859194,1.084,False,False
mp-769614,Li4V3CrO8,32,9.462589915658036,Triclinic,-2.4617270192708336,0.010764225624999568,1.8720999999999997,False,False
mp-769615,Li4V3CrO8,32,9.476596875760002,Triclinic,-2.461423570208333,0.01106767468750025,0.0,False,True
mp-769628,Li4V3CrO8,32,9.454853822295243,Triclinic,-2.461336472395833,0.011154772500000298,1.9995000000000003,False,False
mp-769856,Li4Fe3NiO8,16,9.278036673725188,Trigonal,-1.8249479952083343,0.00825239036458214,0.0,False,True
mp-769870,Li4Fe3Sb5O16,28,12.609930276832133,Triclinic,-1.9071713858333328,0.04735363522321556,1.1154000000000002,False,False
mp-769962,Li4TiFe3O8,16,9.499883950455118,Monoclinic,-2.2460141166666663,0.029877081874998268,0.6277000000000004,False,False
mp-770152,Li4Ti2Mn3Cr3O16,28,10.19648568644503,Triclinic,-2.490164277992611,0.03542865747768076,0.6166999999999998,False,False
mp-770328,Li4Cr3FeO8,32,9.307602724681786,Triclinic,-2.2862233698958327,0.006994694687500136,2.1696999999999997,False,False
mp-770341,Li4AlCr3O8,32,9.028389654270402,Trigonal,-2.567891970833333,0.012810277968750228,3.0815999999999995,False,False
mp-770495,Li4Ti2Mn3Fe3O16,28,10.318688350619226,Triclinic,-2.2876120197783263,0.03863681026528809,0.6628000000000003,False,False
mp-770508,Li4Ti3Mn3(FeO8)2,28,10.466437021969375,Triclinic,-2.4782656152545166,0.047155161437073545,0.4335,False,False
mp-770521,Li4V3Fe3(WO8)2,28,11.115219684503574,Monoclinic,-2.204269110833333,0.017306481127233653,1.0868000000000002,False,False
mp-770549,Li4Cr3Cu3(TeO8)2,28,10.645114467469687,Monoclinic,-1.8111360502380944,0.020383031011903086,0.0,False,True
mp-770612,Li4CrH8SO7,84,8.541341897292726,Monoclinic,-1.6061238621825398,0.03610671174107072,2.5109,False,False
mp-770625,Li4Al3Cr3(SbO8)2,56,10.175210203797324,Monoclinic,-2.5971130297619047,0.003031566160707655,2.5052000000000003,False,False
mp-770685,Li4Mn3Ni3(SbO8)2,28,10.375857708471358,Monoclinic,-1.8736068220402302,0.04280803482142481,0.0,False,True
mp-770688,Li4CrO5,20,10.009573956191746,Monoclinic,-2.0595335653333335,0.020737729166665275,1.3916,False,False
mp-770744,Li4Nb2Fe3Sn3O16,28,11.915125065054893,Monoclinic,-2.269829564940476,0.020082941160710632,1.5534,False,False
mp-770941,Li4Mn3Nb2Fe3O16,28,10.96323943523585,Monoclinic,-2.270507981325945,0.023918606250004082,0.7705000000000002,False,False
mp-770951,Li4Mn3Ni3(TeO8)2,28,10.640717602347985,Monoclinic,-1.8122294064449918,0.0013124479960335833,0.09860000000000024,False,False
mp-770952,Li4Co3Ni(PO4)4,28,10.345108720817393,Monoclinic,-2.363727572210885,0.030601925803566132,2.5693,False,False
mp-770954,Li4Nb2V3Cr3O16,28,10.836294437058289,Monoclinic,-2.6043845636904766,0.009534310066969809,1.2736,False,False
mp-770958,Li4NbFe3O8,16,9.952829034454766,Monoclinic,-2.168984353958333,0.046178072187500696,0.7286999999999999,False,False
mp-771000,Li4Ti5Ni3O16,28,10.208296776063792,Monoclinic,-2.6343655746428576,0.03980896940594647,0.3708,False,False
mp-771058,Li4Cr3CoO8,32,8.963368800369757,Triclinic,-2.230145385208333,0.0127359475000004,0.5942999999999996,False,False
mp-771059,Li4Nb2Co3Sn3O16,56,11.668692809506556,Monoclinic,-2.217645777440477,0.029386628214282062,1.6597999999999997,False,False
mp-771063,Li4Fe3Ni(PO4)4,28,10.651678130811657,Monoclinic,-2.448218444353742,0.002965603482143031,3.0439999999999996,False,False
mp-771065,Li4CrFe3O8,32,9.417115118976929,Triclinic,-2.0566593505208335,0.004397672708332578,1.7779000000000003,False,False
mp-771082,Li4CrFe3O8,32,9.3828840438117,Triclinic,-2.057149791145833,0.003907232083332879,1.7126000000000001,False,False
mp-771120,Li4Ti3Cr5O16,28,10.292188340845984,Monoclinic,-2.700224681547619,0.035043585347221295,0.16530000000000022,False,False
mp-771129,Li4Ti3Nb2Ni3O16,56,10.824313150997455,Monoclinic,-2.6767940847619056,0.01214342249999234,1.8728000000000002,False,False
mp-771148,Li4Mn3Cr5O16,28,10.003170143703207,Monoclinic,-2.201561506683087,0.03910503400793708,0.24029999999999996,False,False
mp-771646,Li4VGa3O8,32,11.428263577451226,Triclinic,-2.367655643177083,0.03994570015624266,1.6165999999999998,False,False
mp-771777,Li4Mn3O8,15,9.714711006808988,Trigonal,-2.0826769924750956,0.038543417333329444,1.0079,False,False
mp-771909,Li4Mn2P4H3O16,29,10.729429116920876,Triclinic,-2.40538627074196,0.030728530474134708,0.5505,False,False
mp-771917,Li4Fe3Ni3(WO8)2,28,10.605180173419175,Monoclinic,-1.8613111333333328,0.042358236071426525,0.0,False,True
mp-772071,Li4Mn3Fe5O16,28,10.103251736174093,Monoclinic,-1.849154527040231,0.04962161865475778,0.0,False,True
mp-772076,Sr4Li4Nb5FeO20,34,12.499964150394991,Monoclinic,-2.980317368921568,0.023345751617640076,1.2550000000000001,False,False
mp-772090,Li4Ti9O20,66,11.874192690660657,Tetragonal,-3.285005818131313,0.0317401615909052,3.1247,False,False
mp-772169,Li4Fe3Ni3(TeO8)2,28,10.593620071005605,Monoclinic,-1.7012991416666665,0.008913143348212138,0.0,False,True
mp-772300,Li4Cr3P4O15,104,11.860245957681814,Orthorhombic,-2.565119842380952,0.04695203225961553,2.7011000000000003,False,False
mp-772319,Li4Co3Ni5O16,28,9.254527706483847,Monoclinic,-1.2978889501190471,0.03374918334821242,0.6710000000000003,False,False
mp-772434,Li4CrO4,36,9.531410451406721,Orthorhombic,-2.1782411714814813,0.013167364722225017,1.7266000000000001,False,False
mp-772511,Li4Co3Sn5O16,56,11.503308918256355,Triclinic,-1.943085261011905,0.027447545000002016,0.5381,False,False
mp-772715,Li4Ti3V3Cr2O16,28,10.407072192189005,Monoclinic,-2.778582677619048,0.029935229642861216,0.8841999999999999,False,False
mp-772830,Li4V2SiGeO10,36,10.781556497598135,Tetragonal,-2.5710745760185176,0.007175905920135506,2.1785,False,False
mp-772925,Li4Ti5O12,42,11.047006279004508,Triclinic,-3.1789911516666662,0.028435129642856438,3.0153,False,False
mp-772945,Li4Mn2(PO4)3,42,11.745109854105248,Triclinic,-2.5971445549106664,0.027718293452378084,0.33919999999999995,False,False
mp-772960,Li4Cr2(PO4)3,42,11.483076359015623,Triclinic,-2.624568921060091,0.03083421773811157,1.3157,False,False
mp-772971,Li4Ti3Mn5O16,28,10.56096806847687,Monoclinic,-2.536331334035304,0.04289187500000047,0.2923,False,False
mp-772975,Li4Fe2(PO4)3,42,11.479290724584471,Triclinic,-2.5169258041553286,0.030435973214283152,1.5435999999999999,False,False
mp-772990,Li4Ti2V3Cr3O16,28,10.289817751691924,Monoclinic,-2.658513355714286,0.030051971763391805,0.9931999999999999,False,False
mp-773002,Li4Ti3Co3(SbO8)2,56,10.891188030227365,Monoclinic,-2.399832043869048,0.03836830357142862,0.6356999999999999,False,False
mp-773180,Li4Mn3Sn5O16,56,11.8785000522438,Monoclinic,-2.1387707932902305,0.004673643392856697,0.0048000000000003595,False,False
mp-773182,Li4Cr3Sn5O16,56,11.758961330380671,Monoclinic,-2.204320371726191,0.02784830658482118,0.0,False,True
mp-773508,Li4Cu3Ni3(WO8)2,28,10.533209503782146,Monoclinic,-1.6230989029761898,0.04262060247767785,0.0,False,True
mp-773518,Li4Cr3Fe3(TeO8)2,28,10.993587805692163,Monoclinic,-1.980987941666667,0.03515539130952128,0.0015999999999998238,False,False
mp-773519,Li4Mn3Fe(PO4)4,28,11.050872322474936,Monoclinic,-2.5925323394892104,0.0025132141964281374,3.4465,False,False
mp-773674,Li4Ti3V3(FeO8)2,28,10.498446135817671,Triclinic,-2.6542306344047626,0.041776653571425015,1.1950000000000003,False,False
mp-773707,Li4Ti3Mn2V3O16,28,10.881469509294798,Triclinic,-2.7378953981855503,0.03843019821428406,0.9531000000000001,False,False
mp-774230,Li4Ti5V3O16,28,10.58058305727686,Monoclinic,-3.0013609335714286,0.023476110267861117,0.6295000000000002,False,False
mp-774232,Li4Cr3Ni3(SbO8)2,28,10.456049879346734,Triclinic,-1.9455057944047616,0.032050858035707286,0.0,False,True
mp-774323,Li4MnV3(P2O7)4,44,12.257097029556018,Triclinic,-2.6918956963274367,0.00023062727272638028,0.5027000000000001,False,False
mp-774377,Li4Mn3Fe(BO3)4,48,10.42913268719523,Triclinic,-2.4633456911997116,0.0059091742708270445,3.0120000000000005,False,False
mp-774389,Li4MnV3(P2O7)4,44,12.28234260656494,Triclinic,-2.691751462918346,0.0003748606818172462,0.31710000000000016,False,False
mp-774458,Li4MnV3(P2O7)4,88,12.24339930930647,Monoclinic,-2.6913296695092543,0.0007966540909087882,0.5732000000000002,False,False
mp-774587,Li4Mn3Ni3(SnO8)2,28,10.335030425296058,Monoclinic,-1.8402736738259446,0.018744679107142836,0.005700000000000038,False,False
mp-774600,Li4(NiO2)7,25,9.464820419697379,Triclinic,-1.2309454353333331,0.030503403183328004,0.006800000000000139,False,False
mp-774602,Li4V3Fe3(SbO8)2,28,10.646721400706737,Monoclinic,-2.1300700861904764,0.043850817812495,0.26229999999999976,False,False
mp-774605,Li4Co3Sn2Sb3O16,56,11.869502657609418,Monoclinic,-1.9039553926190476,0.047535375044645,0.0,False,True
mp-774669,Li4V2Cr3Sn3O16,28,11.13159087548901,Monoclinic,-2.29530597279762,0.04532704051339831,1.2387000000000006,False,False
mp-774670,Li4Mn3Cu3(SnO8)2,28,10.546898487852813,Monoclinic,-1.7616003931116586,0.04583444808035608,0.0,False,True
mp-774791,Li4Mn3Cr3(TeO8)2,28,11.054506634100346,Monoclinic,-2.0784023410878487,0.03216432967634475,0.0484,False,False
mp-774806,Li4Mn3Cr3(SbO8)2,28,10.77176509039427,Monoclinic,-2.2140175416830865,0.005120749821428738,0.5144000000000002,False,False
mp-774855,Li4Fe3Ni3(SnO8)2,28,10.492363060240786,Monoclinic,-1.657284767261903,0.028938609651044445,0.0,False,True
mp-774881,Li4Ti3Nb2V3O16,28,11.050020558410903,Monoclinic,-2.878586430119047,0.038506816339282324,0.0,False,True
mp-774891,Li4Fe2Co3Ni3O16,28,9.62299794373072,Monoclinic,-1.4221120011904762,0.042691397213879156,0.0,False,True
mp-774933,Li4NbFe(TeO6)2,20,10.14971376940767,Triclinic,-2.0873911998333328,0.02992037081250043,1.7473999999999998,False,False
mp-775013,Li4Mn3Fe3(SbO8)2,28,10.93410944619986,Monoclinic,-2.0156458334688017,0.005047093928570945,0.5973000000000002,False,False
mp-775073,Li4Cr3Fe3(SnO8)2,28,10.779090807621028,Triclinic,-2.0740220283333337,0.027676922896811895,0.46819999999999995,False,False
mp-775133,Li4Ti3Fe3(WO8)2,28,11.08947174352168,Triclinic,-2.49144564797619,0.0383531715029779,0.9939,False,False
mp-775136,Li4Cr3Co3(TeO8)2,28,10.586280236148342,Monoclinic,-1.9012525909523805,0.03477845133927904,0.0,False,True
mp-775173,Li4V3P8O29,88,13.367199454315768,Triclinic,-2.574037222056278,0.04750010015151318,0.9314,False,False
mp-775239,Li4Mn3Fe(BO3)4,48,10.659903023898226,Triclinic,-2.461814804533045,0.007440060937494053,2.9219999999999997,False,False
mp-775256,Li4MnV3(P2O7)4,44,12.252201908728074,Triclinic,-2.6918004576910732,0.0003258659090903393,0.10920295279607517,False,False
mp-775258,Li4MnFe3(BO3)4,48,10.502143964197044,Triclinic,-2.3728908188721256,0.004954548229164857,3.2538000000000005,False,False
mp-775383,Li4V3P8O29,88,13.214044079805536,Triclinic,-2.5727572735335498,0.04878004867424135,1.1562,False,False
mp-775424,Na5Li4Ti5O14,28,10.393849321528688,Triclinic,-2.8406343702463053,0.016759601755952147,0.0484,False,False
mp-775441,Li4V3Fe3(SbO8)2,28,10.943053779979516,Triclinic,-2.157116500119048,0.016804403883923236,1.1125000000000003,False,False
mp-775631,Li4Fe3Cu3(SnO8)2,28,10.793623004434073,Monoclinic,-1.616184848333333,0.04138643969345157,0.0,False,True
mp-775656,Li4Mn3Nb2V3O16,28,11.043943419354958,Triclinic,-2.5151334859688013,0.04548828860118981,0.5272000000000001,False,False
mp-775755,Li4Ti3Ni3(SbO8)2,28,10.730761665527213,Monoclinic,-2.3897652540476195,0.030520622232143246,1.0106000000000002,False,False
mp-775771,Li4Mn3V3(SnO8)2,28,10.97097415842768,Triclinic,-2.2730134859688027,0.049534334821431436,0.7739000000000003,False,False
mp-775818,Li4V3Cr5O16,28,10.207268365901754,Monoclinic,-2.3973373869047614,0.048387334174105234,0.7725999999999997,False,False
mp-775949,Li4Ni(BO3)2,52,9.221860527023848,Orthorhombic,-2.3672132064743585,0.04423935961538383,3.4657,False,False
mp-775999,Li4Ti3Nb2Fe3O16,56,11.242964253131658,Monoclinic,-2.738667987797619,0.017762527410711826,1.5704000000000002,False,False
mp-776005,Li4FeBi(TeO6)2,20,10.961667478165063,Triclinic,-1.7657390303333336,0.035517860749997965,0.9091,False,False
mp-776061,Li4Ti3Mn3Nb2O16,28,11.463906735944795,Monoclinic,-2.83549590704023,0.04141929741071948,1.0360999999999998,False,False
mp-776073,Li4Ti3Nb2Co3O16,56,10.962938762010854,Monoclinic,-2.687692597797619,0.020826237857143326,1.4451,False,False
mp-776096,Li4Mn3Cr3(SnO8)2,28,10.661487992918016,Monoclinic,-2.208629169183087,0.00942646741071318,0.0,False,True
mp-776121,Li4V3Fe3(SnO8)2,28,10.74520173525653,Monoclinic,-2.167268956190477,0.04132270337053079,0.30379999999999985,False,False
mp-776134,Li4MnV3(P2O7)4,88,12.23603318184372,Triclinic,-2.6914669230319817,0.0006594005681819226,0.29000000000000004,False,False
mp-776237,Li4Mn3Co3(SnO8)2,28,10.078312776058022,Monoclinic,-1.8951804681116593,0.03473089688311326,0.0,False,True
mp-776240,Li4Co3Sn3(SbO8)2,28,11.66952501645265,Monoclinic,-1.9494320160119056,0.01765126267857209,0.375,False,False
mp-776367,Li4V3Ni3(WO8)2,28,10.705163173142461,Monoclinic,-2.1448080826190474,0.02280533582589328,1.0464999999999995,False,False
mp-776390,Li4Nb2V3Ni3O16,28,10.629707634635006,Monoclinic,-2.3530969776190482,0.02179171285714343,1.589,False,False
mp-776460,Li4Fe(WO4)3,20,10.683337506674743,Triclinic,-2.209880723166666,0.043587492499998604,1.4726000000000004,False,False
mp-776595,Li4V3Cr3(SbO8)2,28,10.781269811264883,Monoclinic,-2.3540619786904773,0.014090125357142824,1.3902,False,False
mp-776615,Li4VCr3O8,32,9.323343451464995,Monoclinic,-2.4250677470833333,0.0048439034375000745,1.8257000000000003,False,False
mp-776618,Li4VCr3O8,16,9.30200505350533,Monoclinic,-2.4257524645833337,0.004159185937499643,1.9194,False,False
mp-776639,Li4Ti3Cr3(FeO8)2,28,10.402034265950784,Triclinic,-2.5758893140476196,0.040245797281750484,0.7337000000000002,False,False
mp-776780,Li4Ti3Cr3(SnO8)2,28,10.81659085844161,Monoclinic,-2.6631625072619047,0.029405409441966235,0.0,False,True
mp-776806,Li4V3Fe3(SnO8)2,28,10.896617964046298,Triclinic,-2.189015332619048,0.01957632694196043,0.9881999999999995,False,False
mp-776978,Li4Mn3V3(SbO8)2,28,10.981106126834035,Triclinic,-2.2555392602545163,0.027285605491077725,0.35230000000000006,False,False
mp-777002,Li4V5Cr3O16,28,10.326889034075624,Monoclinic,-2.4478221329761913,0.027895431718748753,1.0910000000000002,False,False
mp-777041,Li4Mn3Co3(SnO8)2,56,10.340784136713518,Triclinic,-1.901241742218802,0.02866962277597107,0.28880000000000017,False,False
mp-777185,Li4V2(PO4)3,42,11.564911112352156,Triclinic,-2.683386693441044,0.020691915714292186,0.5211999999999999,False,False
mp-777395,Li4MnV3(P2O7)4,44,12.29350123844506,Triclinic,-2.6921263236001636,0.0,0.4958,True,False
mp-777417,Li4Ti5Mn3O16,28,10.765231291003838,Monoclinic,-2.8797325872783253,0.040235199285723056,0.39970000000000017,False,False
mp-777429,Li4Mn3Fe(BO3)4,48,10.618740830265294,Triclinic,-2.4619642928663787,0.007290572604159884,2.8846999999999996,False,False
mp-777461,Li4V3Cr2Sn3O16,28,11.197033096260455,Triclinic,-2.3088776627976193,0.04553608375000007,1.3282000000000003,False,False
mp-777462,Li4Ni3Sn3(SbO8)2,28,11.414196704928193,Monoclinic,-1.9440737699404766,0.024319338749998032,0.7593999999999994,False,False
mp-777464,Li4Ti5Cr3O16,28,10.382748570946458,Monoclinic,-2.9503441125000003,0.026406340699404396,0.0,False,True
mp-777591,Li4Ti5Fe3O16,28,10.613014589347186,Monoclinic,-2.788818240714286,0.03484480140306445,1.1951999999999998,False,False
mp-777637,Li4MnFe3(BO3)4,48,10.311102176563118,Triclinic,-2.362176204497126,0.015669162604163844,3.3969,False,False
mp-777670,Li4V3Cr3(SnO8)2,28,10.801764852209134,Triclinic,-2.38737555297619,0.0,1.017,True,False
mp-777746,Li4Mn3Fe(BO3)4,48,10.39179041566925,Triclinic,-2.4630992414080453,0.006155624062493814,3.0094000000000003,False,False
mp-777779,Li4Mn(TeO4)3,20,11.433093719267074,Monoclinic,-1.8336554125632183,0.0451048712500004,0.4299999999999997,False,False
mp-777790,Li4MnFe3(BO3)4,24,10.488533095644861,Triclinic,-2.3723225849137926,0.00552278218749791,3.1295,False,False
mp-777850,Li4Co3(NiO4)3,22,9.343843572349037,Triclinic,-1.4346076924242426,0.0326292350000017,0.0,False,True
mp-777852,Li4Mn3Fe(BO3)4,48,10.454399158995964,Triclinic,-2.4630402028663787,0.006214662604160814,3.0309,False,False
mp-777916,Li4Fe3Cu3(TeO8)2,28,10.900978910781998,Monoclinic,-1.6196795234523802,0.023237858861607563,0.0,False,True
mp-777961,Li4V(BO3)2,52,9.516456177006912,Orthorhombic,-2.6151367372435907,0.0,2.7351,True,False
mp-777998,Li4Mn3Fe(BO3)4,24,10.646837728258195,Triclinic,-2.4616473772413783,0.007607488229161241,2.9659999999999997,False,False
mp-778007,Li4Mn3Fe(BO3)4,48,10.403854085006062,Triclinic,-2.4633262868247123,0.005928578645826299,3.024,False,False
mp-778219,Li4Cr3Co3(SnO8)2,28,10.252797287638826,Triclinic,-1.9720136165476185,0.033520835595237664,0.0,False,True
mp-778223,Li4Ti3Mn2Cr3O16,28,10.361784078908281,Monoclinic,-2.6423383081855514,0.04848538982142969,0.4196,False,False
mp-778249,Li4TiNi3Sn2(PO4)6,40,12.168630783669006,Triclinic,-2.4711094633630943,0.03895810914583375,2.3485,False,False
mp-778265,Li4Mn3Fe(BO3)4,24,10.652590739597203,Triclinic,-2.4617617797413787,0.007493085729159965,2.9699999999999998,False,False
mp-778382,Li4Mn3Fe(BO3)4,48,10.436418273680342,Triclinic,-2.4623416970330454,0.006913168437493233,2.9966999999999997,False,False
mp-778398,Li4MnFe3(BO3)4,48,10.294157146200375,Triclinic,-2.3753800142887926,0.002465352812497379,3.1372,False,False
mp-778824,Li4Cr(WO4)3,20,10.630368547848503,Triclinic,-2.298027052666666,0.03293257850000053,1.6962000000000006,False,False
mp-778866,Li4Mn3Fe(BO3)4,48,10.428375602916118,Triclinic,-2.4633246289080453,0.005930236562494251,2.997,False,False
mp-778994,Li4MnFe3(BO3)4,24,10.475565946243293,Triclinic,-2.372994055747126,0.004851311354164167,3.1573999999999995,False,False
mp-779008,Li4Mn3O8,60,9.614428270037987,Trigonal,-2.0947261104750963,0.026494299333328364,1.6716,False,False
mp-779055,Li4Mn3P4(HO8)2,58,11.35511968333524,Monoclinic,-2.4639123332137216,0.04850572077585724,3.5630999999999995,False,False
mp-779066,Li4Mn3Fe(BO3)4,48,10.467812364668662,Triclinic,-2.462922459741378,0.006332405729160939,2.9713,False,False
mp-779072,Li4MnFe3(BO3)4,24,10.50572990262643,Triclinic,-2.3730405340804595,0.004804833020831012,3.1540999999999997,False,False
mp-779200,Li4Nb2Cr3Ni3O16,28,10.53179489974274,Triclinic,-2.2004761719047616,0.04183417345238194,0.0,False,True
mp-779210,Li4Mn3Fe2Cu3O16,28,9.924753566290903,Monoclinic,-1.6198004027545159,0.04990060327529111,0.0,False,True
mp-779625,Li4Mn2(PO4)3,84,11.40129399332826,Monoclinic,-2.5939582972916178,0.0309045510714272,0.027000000000000135,False,False
mp-779783,Li4MnFe3(BO3)4,48,10.27524538342402,Triclinic,-2.3737485201221262,0.004096846979163793,3.2005,False,False
mp-779789,Li4Mn3Fe(BO3)4,48,10.59603647225842,Triclinic,-2.461447549533046,0.00780731593749362,2.9000000000000004,False,False
mp-780005,Li4MnV3(P2O7)4,88,12.1982870615311,Monoclinic,-2.691525559509255,0.0006007640909082568,0.2310000000000001,False,False
mp-780134,Li4Ti3V2Cr3O16,28,10.354188909178504,Monoclinic,-2.7668628094047625,0.028126399464285967,1.1816999999999998,False,False
mp-780175,Li4Fe3P4(HO8)2,58,11.817086221893295,Monoclinic,-2.3575368008415434,0.043702387931030096,3.8515,False,False
mp-780303,Li4Fe3SbO8,16,10.097929496358962,Monoclinic,-1.949608897708334,0.015012720468750018,1.2768999999999995,False,False
mp-780568,Li4Fe2(PO4)3,84,11.479588968553038,Orthorhombic,-2.498021832607709,0.049339944761903176,0.006000000000000227,False,False
mp-780652,Li4V3P8O29,88,13.306447995808663,Triclinic,-2.573263232397187,0.04827408981060444,0.8285999999999999,False,False
mp-780938,Li4MnFe3(BO3)4,48,10.271308045157115,Triclinic,-2.3752515115804598,0.002593855520830246,3.2324,False,False
mp-780977,Li4MnFe3(BO3)4,48,10.45468268204114,Triclinic,-2.373220513455459,0.004624853645831095,3.1115000000000004,False,False
mp-781050,Li4CrSb(TeO6)2,20,10.434855777289906,Triclinic,-1.960649933833333,0.04758692306250012,1.2358000000000002,False,False
mp-781603,Li4Mn3Fe(BO3)4,24,10.429134323546647,Triclinic,-2.463191903074712,0.006062962395827043,3.0329000000000006,False,False
mp-781789,Li4NbIn3(PO4)6,76,12.966963688109567,Monoclinic,-2.648546493320801,0.0056998279605275926,2.693,False,False
mp-782668,Li4VP2(O4F)2,68,11.008546392229196,Monoclinic,-2.7747146389775916,0.024474681519605745,1.5804999999999998,False,False
mp-783908,Li4Cr3Cu3(SbO8)2,28,10.52466200540626,Monoclinic,-1.8710716411904766,0.03990621483630452,0.0,False,True
mp-783919,Li4MnFe3(PO4)4,56,10.903198885120483,Triclinic,-2.516236326601278,0.0020428677678641094,3.8643,False,False
mp-787524,Li4Fe(WO4)3,40,11.444093923524779,Monoclinic,-2.2118371894166664,0.04163102624999837,0.6177000000000001,False,False
mp-849356,Li4Mn3Fe(PO4)4,56,11.069500588677915,Triclinic,-2.592942260382067,0.0021032933035716184,3.566,False,False
mp-849378,Li4Co3Ni3(SnO8)2,28,10.106472825751029,Monoclinic,-1.5823342165476189,0.022098084642853344,0.0,False,True
mp-849405,Li4Cu2Ni5O12,46,9.318495103040688,Monoclinic,-1.318829488188406,0.028288320742756667,0.1131000000000002,False,False
mp-849411,Li4V3P8O29,88,13.36017161277078,Triclinic,-2.5732210280790047,0.04831629412878602,0.8601999999999999,False,False
mp-849997,Li4V3P8O29,88,13.34259671313864,Triclinic,-2.5729354035335494,0.04860191867424124,0.8993,False,False
mp-850022,Li4V3P8O29,88,13.272867017283899,Monoclinic,-2.5739813072835505,0.047556014924240664,1.1273,False,False
mp-850190,Li4Ti(TeO4)3,20,11.616734227613552,Monoclinic,-2.085944838333333,0.029881727374995393,1.7283000000000004,False,False
mp-850198,Li4Co2OF7,28,10.707169961795582,Monoclinic,-2.6304690516666676,0.04518957785714228,1.2875,False,False
mp-850217,Li4V2Si4O13,92,10.68950369562186,Orthorhombic,-2.8801819185144923,0.031085923206504162,2.2681999999999998,False,False
mp-850338,Li4VCr3O8,32,9.331537879699908,Trigonal,-2.425093938333333,0.004817712187500156,0.0,False,True
mp-850362,Li4MnFe3(BO3)4,24,10.451813257519431,Triclinic,-2.372542988663793,0.005302378437496813,3.163,False,False
mp-850408,Li4CoNi3(PO4)4,28,10.194809386358974,Monoclinic,-2.362365258639456,0.012443338839280393,2.813,False,False
mp-850462,Li4MnV3(P2O7)4,44,12.280396379295953,Triclinic,-2.6919663831456186,0.00015994045454537087,0.5190000000000001,False,False
mp-850537,Li4V3Fe2Sb3O16,28,11.66032680358563,Monoclinic,-2.1418926833333347,0.03916626678569468,0.0,False,True
mp-850958,Li4Mn3Fe(BO3)4,24,10.641403324932265,Triclinic,-2.461673919741378,0.007580945729160682,2.9509000000000007,False,False
mp-851029,Li4Ti3Ni3(SnO8)2,28,10.670110595766634,Triclinic,-2.341632898333333,0.03241876422739498,0.5354999999999999,False,False
mp-851113,Li4V3P8O29,88,13.337251842295586,Triclinic,-2.5744955209199136,0.04704180128787794,0.8301999999999998,False,False
mp-851247,Li4V3P8O29,88,13.454565282411886,Triclinic,-2.573025406829004,0.04851191537878652,0.7346,False,False
mp-851253,Li4V3P8O29,88,13.373809900432162,Triclinic,-2.5750577852380956,0.04647953696969598,0.4524,False,False
mp-851255,Li4V3P8O29,88,13.353899330446298,Triclinic,-2.575441170124459,0.046096152083332065,1.0219999999999998,False,False
mp-851256,Li4V3P8O29,88,13.30767974773494,Triclinic,-2.5730341433062778,0.048503178901513344,0.8644,False,False
mp-851334,Li4V3P8O29,88,13.466759045545139,Monoclinic,-2.580504031147186,0.041033291060604604,1.1247999999999998,False,False
mp-851349,Li4Fe3Sn2Sb3O16,28,11.980224258485434,Monoclinic,-1.9509609290476178,0.04202855455357213,0.0,False,True
mp-861557,Li4Mn3OF11,19,11.179897740708492,Triclinic,-2.855495353532971,0.04577794333333607,1.0928,False,False
mp-861746,Li4V3CrO8,32,9.491247876299857,Triclinic,-2.4498849630208337,0.022606281874999468,1.0314,False,False
mp-863380,Li4V3P8O29,88,13.342101833050187,Triclinic,-2.5717798610335496,0.04975746117424151,0.8466999999999999,False,False
mp-863409,Li4FeCo3(PO4)4,28,10.55752713928933,Monoclinic,-2.394613833996599,0.028427630892856826,2.3104999999999998,False,False
mp-865132,Li4Ti3Fe3(SbO8)2,28,11.13661428969919,Triclinic,-2.431969152619047,0.04813796482142951,0.1629000000000005,False,False
mp-867537,Li4Co3NiO8,16,8.361194087861726,Trigonal,-1.681244285208333,0.01023988312500368,0.0,False,True
mp-867640,Li4CoNi3O8,16,8.63250820548471,Monoclinic,-1.5577227014583341,0.009927231041666928,0.0690000000000004,False,False
mp-868646,Li4V5Sn3O16,28,11.341080255098401,Triclinic,-2.3457307717261906,0.03440549625000067,1.3602000000000003,False,False
mp-935267,Li4UC3O11,76,11.35889605678427,Trigonal,-2.424256888991227,0.03510659013158168,2.3419,False,False
mp-1019615,Cs3Li4(BO2)7,84,13.846051826161366,Trigonal,-2.6933967676118638,0.0,4.5217,True,False
mp-1019716,CsLi4(BO2)5,80,13.442247162157951,Monoclinic,-2.724123129191092,0.0027444496944450947,4.4885,False,False
mp-1020027,Li4P2O7,52,11.32342543615075,Monoclinic,-2.725458866163003,0.018063737115385337,5.581300000000001,False,False
mp-1174149,Li4Mn3CoO8,16,9.509069769504796,Triclinic,-2.0111171066954032,0.045339042343751856,0.4838,False,False
mp-1174173,Li4Mn3CoO8,16,9.501493678206721,Monoclinic,-2.0238568654454028,0.032599283593752304,0.8424999999999998,False,False
mp-1174183,Li4Mn3CoO8,16,9.561401640084993,Triclinic,-2.0162719904454027,0.04018415859375235,1.0659999999999998,False,False
mp-1174185,Li4Mn3CoO8,16,9.514749864061415,Monoclinic,-2.010050470445403,0.04640567859375189,0.0,False,True
mp-1174187,Li4Mn3CoO8,16,9.564056759373722,Monoclinic,-2.0159153260704032,0.04054082296875183,1.1311,False,False
mp-1174190,Li4Mn3CoO8,16,9.488945759757723,Triclinic,-2.022833014820403,0.03362313421875207,0.8628,False,False
mp-1174192,Li4Mn3CoO8,16,9.372476359288084,Triclinic,-2.0199862585704027,0.036469890468752375,0.8420000000000001,False,False
mp-1174203,Li4Mn3CoO8,32,9.376437184148898,Monoclinic,-2.0254614235704027,0.03099472546875237,0.3466,False,False
mp-1174204,Li4Mn3CoO8,16,9.475643861175584,Triclinic,-2.007716089820403,0.04874005921875213,0.7460999999999998,False,False
mp-1174205,Li4Mn3CoO8,16,9.599013991800602,Triclinic,-2.011257851070403,0.045198297968751966,0.026800000000000157,False,False
mp-1174214,Li4Mn3CoO8,16,9.476637148291484,Triclinic,-2.023335198570403,0.033120950468751964,0.8230999999999997,False,False
mp-1174215,Li4Mn3CoO8,16,9.535265112135,Triclinic,-2.0160358291954035,0.040420319843751606,1.0518999999999998,False,False
mp-1174216,Li4Mn3CoO8,16,9.421620437628325,Triclinic,-2.0161983079454027,0.04025784109375241,0.8137000000000003,False,False
mp-1174220,Li4Mn3O7,28,9.240693485892232,Triclinic,-2.1435463837233177,0.024999051428558516,0.0,False,True
mp-1174238,Li4Mn3CoO8,16,9.541777722283816,Triclinic,-2.023573964820403,0.03288218421875211,0.9166999999999996,False,False
mp-1174244,Li4Mn3O7,28,9.226448261277245,Triclinic,-2.142676714794746,0.025868720357130393,1.0555999999999996,False,False
mp-1174248,Li4Mn3O7,28,9.24838212242284,Triclinic,-2.1432372230090317,0.025308212142843622,0.8759999999999999,False,False
mp-1174259,Li4Mn3CoO8,16,9.423279896800768,Monoclinic,-2.0146018085704034,0.041854340468751694,0.6049000000000002,False,False
mp-1174262,Li4Mn3CoO8,16,9.603270621798385,Triclinic,-2.011628230445403,0.0448279185937519,0.015600000000000058,False,False
mp-1174270,Li4Mn3CoO8,32,9.433076449680662,Monoclinic,-2.024065134820403,0.03239101421875201,0.5674000000000001,False,False
mp-1174275,Li4Mn3O7,28,9.279581599635026,Triclinic,-2.135795398366174,0.03275003678570165,0.7262,False,False
mp-1174279,Li4Mn3CoO8,16,9.472508599150691,Triclinic,-2.022199872320403,0.03425627671875198,0.9116,False,False
mp-1174283,Li4Mn3O7,28,9.227501839537737,Triclinic,-2.121878920151889,0.04666651499998675,0.0,False,True
mp-1174285,Li4Mn3O7,28,9.222543667108978,Triclinic,-2.140849124794746,0.02769631035712994,0.9326999999999996,False,False
mp-1174287,Li4Mn3O7,28,9.205559930876234,Triclinic,-2.1386062558661743,0.029939179285701556,0.8866999999999998,False,False
mp-1174288,Li4Mn3O7,28,9.25488691338009,Triclinic,-2.1421608994376027,0.026384535714273127,0.9137,False,False
mp-1174294,Li4Mn3O7,28,9.302650449551233,Triclinic,-2.1401169972947462,0.028428437857130007,0.8471000000000002,False,False
mp-1174295,Li4Mn3O7,28,9.2177892573951,Triclinic,-2.1281405244376024,0.040404910714273434,0.6769000000000003,False,False
mp-1174296,Li4Mn3O7,28,9.210320405194754,Triclinic,-2.144546178366174,0.023999256785701917,0.9933000000000001,False,False
mp-1174297,Li4Mn3O7,28,9.23561330836004,Triclinic,-2.1381156301518893,0.030429804999986487,0.8592,False,False
mp-1174299,Li4Mn3O7,28,9.28748181667238,Monoclinic,-2.1238217687233174,0.04472366642855885,1.1980999999999997,False,False
mp-1174308,Li4Mn3O7,28,9.29475550815346,Triclinic,-2.139629935509032,0.02891549964284401,0.8441999999999998,False,False
mp-1174312,Li4Mn3O7,28,9.327594817664671,Triclinic,-2.1401723937233177,0.028373041428558565,0.6667000000000001,False,False
mp-1174316,Li4Mn3O7,28,9.244186292505196,Triclinic,-2.1207118119376034,0.04783362321427287,0.4890000000000003,False,False
mp-1174320,Li4Mn3O7,28,9.31234102572334,Triclinic,-2.13499720158046,0.03354823357141612,0.7222,False,False
mp-1174326,Li4Mn3O7,28,9.18905302968639,Triclinic,-2.120852912651889,0.0476925224999869,0.5547999999999997,False,False
mp-1174330,Li4Mn3O7,28,9.288976088932476,Triclinic,-2.1240851380090313,0.044460297142844496,0.6903000000000001,False,False
mp-1174336,Li4Mn3O7,28,9.26385101861045,Triclinic,-2.1276671426518883,0.04087829249998709,0.6400999999999999,False,False
mp-1174337,Li4Mn3O7,28,9.286600265383143,Monoclinic,-2.1428750301518886,0.025670404999987184,0.9809000000000001,False,False
mp-1174348,Li4Mn3O7,28,9.29684607679424,Triclinic,-2.1282461665804604,0.04029926857141586,0.7911999999999999,False,False
mp-1174351,Li4Mn3O7,28,9.298583640332103,Monoclinic,-2.127963492651889,0.04058194249998692,1.2643999999999997,False,False
mp-1174359,Li4Mn3O7,28,9.279008951651308,Monoclinic,-2.125517205509031,0.043028229642844806,1.1623999999999999,False,False
mp-1174373,Li4Mn3O7,28,9.329376259435383,Monoclinic,-2.1232926805090315,0.04525275464284473,1.065,False,False
mp-1174378,Li4Mn3O7,28,9.33490046057564,Monoclinic,-2.1285553226518883,0.03999011249998752,1.1789,False,False
mp-1174387,Li4Mn3O7,28,9.306087900321945,Monoclinic,-2.1254331072947457,0.043112327857130595,0.8574999999999999,False,False
mp-1174410,Li4Mn3O7,28,9.341746702896714,Monoclinic,-2.126365865509032,0.04217956964284397,0.8977000000000004,False,False
mp-1177164,Li4VAs2O9,64,12.228777471427199,Tetragonal,-2.1825237019270842,0.045154135468750134,2.9741,False,False
mp-1177182,Li4VCo3(PO4)4,28,10.542203188151102,Monoclinic,-2.4374489807823116,0.039252464107148555,1.1076000000000006,False,False
mp-1177183,Li4V3P8O29,88,13.652109014649051,Triclinic,-2.573910025351732,0.047627296856059154,0.9138999999999999,False,False
mp-1177192,Li4V3P8O29,88,13.445875761038712,Monoclinic,-2.575347492169914,0.04618983003787758,1.1918000000000002,False,False
mp-1177197,Li4V3P8O29,88,13.438913544808178,Triclinic,-2.5739956136471864,0.04754170856060469,0.9103000000000001,False,False
mp-1177198,Li4V3P8O29,88,13.492364907363799,Triclinic,-2.57377513978355,0.047762182424240684,0.8648999999999999,False,False
mp-1177200,Li4V3P8O29,88,13.41928901699577,Triclinic,-2.5734045892153685,0.048132732992423044,0.7556999999999999,False,False
mp-1177203,Li4V3P8O29,88,13.449342877806943,Monoclinic,-2.5736715956926415,0.04786572651515009,1.0894,False,False
mp-1177204,Li4V3P8O29,88,13.30636979659247,Triclinic,-2.5757193816017323,0.04581794060605926,0.9118999999999999,False,False
mp-1177207,Li4V5Cr3O16,28,10.231060031962329,Triclinic,-2.4412261033333342,0.03449146136160586,1.0979,False,False
mp-1177208,Li4V3P8O29,88,13.403308689295516,Triclinic,-2.57188078637446,0.049656535833331183,0.8543999999999999,False,False
mp-1177210,Li4V3P8O29,88,13.286954619086629,Triclinic,-2.574617299556277,0.046920022651514515,1.1583,False,False
mp-1177212,Li4V3P8O29,88,13.347443558361636,Triclinic,-2.574684707738096,0.04685261446969502,0.7001999999999999,False,False
mp-1177215,Li4V3P8O29,88,13.4683477090807,Triclinic,-2.5733883644426414,0.04814895776515016,0.8526,False,False
mp-1177216,Li4V3P8O29,88,13.414916191350436,Triclinic,-2.578459702056278,0.04307762015151351,1.0751,False,False
mp-1177218,Li4V3P8O29,88,13.300052667640479,Triclinic,-2.572852241147187,0.04868508106060432,0.2899999999999999,False,False
mp-1177221,Li4V3Fe3(WO8)2,28,11.031716889160588,Triclinic,-2.186379837261904,0.03519575469866254,1.307,False,False
mp-1177226,Li4V3P8O29,88,13.441502786693444,Triclinic,-2.577034424215368,0.04450289799242313,0.5949,False,False
mp-1177229,Li4V3P8O29,88,13.360243724938119,Triclinic,-2.5742130841017317,0.0473242381060599,0.6816,False,False
mp-1177236,Li4V3Ni(PO4)4,28,10.762464308357423,Monoclinic,-2.566097194710885,0.04872532325594836,1.896,False,False
mp-1177243,Li4TiFe3O8,16,11.780549311437406,Triclinic,-2.233944711666666,0.04194648687499836,1.4904,False,False
mp-1177280,Li4Ti3Mn3(SnO8)2,28,11.174778817564661,Monoclinic,-2.587722428468801,0.031066647890628296,0.4062999999999999,False,False
mp-1177300,Li4VCr3O8,16,9.325752948436843,Monoclinic,-2.4149157389583333,0.01499591156250002,1.9406999999999996,False,False
mp-1177304,Li4Si2NiO7,28,10.344104575310746,Monoclinic,-2.6129850827380943,0.03207989107143128,3.6284,False,False
mp-1177314,Li4NbCr(TeO6)2,40,10.54175574806268,Triclinic,-2.1662359208333344,0.03733182468750229,1.5385000000000004,False,False
mp-1177317,Li4TiFe3Sn2(PO4)6,40,12.763783202479683,Triclinic,-2.530523049613096,0.039839653333333835,1.5116999999999998,False,False
mp-1177321,Li4Nb2V3Ni3O16,28,10.736384682464786,Triclinic,-2.3436759251190478,0.0312127653571439,1.0596999999999999,False,False
mp-1177331,Li4MnCrO6,12,8.741318559781522,Monoclinic,-2.2051985209386973,0.038158649583333926,1.1303999999999998,False,False
mp-1177332,Li4MnFe3(BO3)4,24,10.22397348581522,Triclinic,-2.375821851997126,0.0020235151041640975,0.0,False,True
mp-1177334,Li4MnFe3(BO3)4,48,10.407194552394776,Triclinic,-2.359611128663792,0.01823423843749783,3.153931586240532,False,False
mp-1177335,Li4V3P8O29,88,13.502945184064231,Triclinic,-2.5720691023971867,0.04946821981060445,0.518,False,False
mp-1177344,Li4VFe3O8,32,9.4939811874954,Monoclinic,-2.068635312083334,0.039351344843749914,1.2818,False,False
mp-1177345,Li4MnNi3O8,16,8.83618919477145,Trigonal,-1.7105036319540226,0.008294953854167453,0.0,False,True
mp-1177349,Li4MnV3(P2O7)4,44,12.313653902068836,Triclinic,-2.691960004963801,0.00016631863636273891,0.5625,False,False
mp-1177363,Li4Mn3Sn3(SbO8)2,28,12.131054809143821,Monoclinic,-2.094195003647372,0.03328458544642565,0.0,False,True
mp-1177364,Li4MnV3(P2O7)4,44,12.208286531490888,Triclinic,-2.6913982140547095,0.0007281095454541031,0.5267999999999997,False,False
mp-1177369,Li4Mn3Fe(BO3)4,24,10.567441040402485,Triclinic,-2.461733537241379,0.007521328229159963,0.0,False,True
mp-1177371,Li4V3CrO8,16,9.454286514603226,Trigonal,-2.449399892083333,0.023091352812500077,1.4942999999999995,False,False
mp-1177382,Li4MnCo5O12,22,9.77487104254697,Monoclinic,-1.726797840966563,0.0,0.0,True,True
mp-1177383,Li4V3P8O29,88,13.368129303639732,Triclinic,-2.573755923306278,0.04778139890151323,0.8007000000000001,False,False
mp-1177387,Li4V3P8O29,88,13.281556764769443,Monoclinic,-2.5755960647835505,0.045941257424241044,1.1729,False,False
mp-1177388,Li4MnFe3(BO3)4,48,10.285907834766657,Triclinic,-2.375756377205459,0.0020889898958316166,3.1160999999999994,False,False
mp-1177393,Li4V3P8O29,88,13.389614623039675,Triclinic,-2.577744642056277,0.043792680151514496,0.6427,False,False
mp-1177394,Li4Mn3CrO8,16,9.563275913902732,Monoclinic,-2.202754494820402,0.01930344156250019,0.9579,False,False
mp-1177397,Li4Mn3Fe(BO3)4,48,10.394856476654633,Triclinic,-2.462829719116378,0.0064251463541609155,2.9946,False,False
mp-1177402,Li4FeCu3(PO4)4,28,10.473220152008166,Monoclinic,-2.2490715072108847,0.04749944785713822,0.0,False,True
mp-1177405,Li4FeP6(HO2)12,47,10.961594762550483,Triclinic,-2.0852686899189474,0.04864180178192079,4.1488,False,False
mp-1177407,Li4Fe5Sn3O16,28,11.240568541232523,Monoclinic,-1.8962276849404753,0.04589309080654669,0.0,False,True
mp-1177422,Li4Fe2P4H3O16,29,10.596525283486756,Triclinic,-2.3518109360570594,0.021426870258618003,1.5845,False,False
mp-1177425,Li4Fe3Co3(TeO8)2,28,10.802009138346722,Triclinic,-1.7219477223809523,0.01923150624999348,0.24880000000000013,False,False
mp-1177430,Li4Fe2(PO4)3,42,11.167427650468055,Triclinic,-2.508488604393424,0.03887317297618864,2.1513999999999998,False,False
mp-1177445,Li4Cr3CoO8,16,9.2080198593225,Trigonal,-2.221636390833333,0.021244941875000478,1.7071999999999998,False,False
mp-1177448,Li4Cr(TeO4)3,20,11.313965762758162,Monoclinic,-1.889486811166666,0.042551372249999275,0.0,False,True
mp-1177475,Li4MnP2O9,160,10.793886662198075,Monoclinic,-2.5272263609718792,0.04360973994791806,1.3127000000000002,False,False
mp-1177485,Li4Fe3Cu(PO4)4,28,10.70604165899583,Monoclinic,-2.396204517568027,0.02258314392857219,0.3192999999999997,False,False
mp-1177503,Li4Cr3FeO8,16,9.2332536008119,Monoclinic,-2.2925607289583327,0.0006573356250001439,2.4434000000000005,False,False
mp-1177550,Li4V3P8O29,88,13.583782662511412,Monoclinic,-2.582964993192641,0.03857232901515051,1.1401,False,False
mp-1177650,Li4Co2Ni5O12,69,9.098827381028139,Triclinic,-1.4126311723188414,0.04704734595108917,0.0045999999999999375,False,False
mp-1177657,Li4CrFe3Sn2(PO4)6,40,12.42731307730204,Triclinic,-2.447887531279761,0.041694704906247715,1.8994,False,False
mp-1195450,Li4Ca2B16(H2O5)7,142,9.738741890632607,Monoclinic,-2.427347861725352,0.005295163661971358,5.096,False,False
mp-1200615,Li4Zn(PO4)2,60,11.301206593803098,Monoclinic,-2.6557531351746024,0.0007994176666672459,4.675840002822603,False,False
mp-1202263,Li4CaB10(HO5)4,78,9.1241122294859,Orthorhombic,-2.627765837051282,0.005413377555541388,4.887051007264166,False,False
mp-1211168,Li4Be3P3IO12,46,12.184560864369713,Cubic,-2.7901689007505173,0.0,5.3771,True,False
mp-1211177,Li4CuSbO6,24,9.857058385500812,Monoclinic,-1.940599721527778,0.018739111249999496,0.5709,False,False
mp-1211214,Li4Be3As3BrO12,46,12.947965484368115,Cubic,-2.309493915253623,0.0,3.8547,True,False
mp-1218571,Sr3Li4Nb6O20,33,12.92378747531915,Orthorhombic,-3.0477073379797988,0.0356511760606093,1.2892000000000001,False,False
mp-1221200,Na4Li4MnFe3P4(O4F)4,72,11.568382933610458,Monoclinic,-2.6136399288986962,0.002187736979160526,3.8622,False,False
mp-1222462,Li4CoTeO6,12,9.687948116938845,Monoclinic,-1.986755662500001,0.0,2.2623000000000006,True,False
mp-1222534,Li4AlNi3O8,16,8.62268721801115,Trigonal,-1.8768451102083334,0.02088422296874981,0.0,False,True
mp-1222539,Li4Sc3In(SiO3)8,40,11.499468829366606,Triclinic,-3.210563030375,0.006901107854166533,4.578597778007763,False,False
mp-1222544,Li4CoRuO6,12,8.831219517134954,Monoclinic,-1.870368831944445,0.004944509999995184,0.6254999999999997,False,False
mp-1222547,Li4VFe3(PO4)4,28,10.851455190439102,Monoclinic,-2.517141590068028,0.00693864633929131,2.7265999999999995,False,False
mp-1222563,Li4Sc3In(SiO3)8,40,11.492045104259722,Triclinic,-3.2109162661250004,0.006547872104166075,4.7157315912186615,False,False
mp-1222565,Li4B7ClO12,48,9.729201425675432,Trigonal,-2.729483499479167,0.031277193645813384,5.8739,False,False
mp-1222575,Li4ScIn3(SiO3)8,40,11.642252654706834,Monoclinic,-2.954179862708334,0.01092150597916497,3.9221000000000004,False,False
mp-1222629,Li4ScFe3(SiO3)8,40,10.986726488832224,Monoclinic,-2.900402700458335,0.009845771854158691,2.8003,False,False
mp-1223129,Li4SiO4,126,9.017067150136066,Monoclinic,-2.673080642989417,0.0018023696031743697,6.198499999999999,False,False
mp-1223569,Li4Zr8V3(P3O16)3,72,14.763799370014333,Triclinic,-3.0935633581266537,0.00637703388889399,3.1293,False,False
mp-1223603,Li4B8H5O18,70,9.684155929759598,Triclinic,-2.349419179654763,0.012596684527476754,0.9162,False,False
mp-1273442,Li4Mn3CoO8,32,9.495429147042449,Triclinic,-2.021476477632903,0.034979671406252244,0.49949999999999983,False,False
mp-1273461,Li4Si2NiO7,56,10.338799023162352,Triclinic,-2.6128430879166658,0.03222188589285935,3.6686,False,False
mp-1277563,Li4TiNi3O8,32,9.008658162388247,Monoclinic,-1.9984467869791667,0.021042426354162203,0.17749999999999977,False,False
mp-1280637,Li4MgNi3O8,32,8.660203268133706,Monoclinic,-1.7115389430208339,0.012679001527779121,0.3117000000000001,False,False
mp-1282789,Li4MgNi3O8,32,8.704266216661912,Monoclinic,-1.7137625442708337,0.010455400277779248,0.22699999999999987,False,False
mp-1290409,Li4Mn3SbO8,32,10.416950609095732,Monoclinic,-2.1098338807579022,0.045134823749999775,0.7800000000000002,False,False
mp-1290471,Li4Ni3BiO8,32,9.882783944307008,Monoclinic,-1.615302088958333,0.007323497239583254,0.03469999999999995,False,False
mp-1290742,Li4MgNi3O8,32,8.680742088907312,Monoclinic,-1.7125410248958337,0.011676919652779283,0.22979999999999956,False,False
mp-1290930,Li4Cr3NiO8,32,9.095128722015989,Monoclinic,-2.184751504895834,0.01793777703124988,0.0,False,True
mp-1290983,Li4Y3VO8,32,12.046143147781832,Monoclinic,-3.016320093958333,0.04271735234375118,2.2997,False,False
mp-1291817,Li4Fe3CoO8,32,9.320446882372627,Monoclinic,-1.8653857167708336,0.029731786718749653,1.5204999999999997,False,False
mp-1296443,Li4Fe3CoO8,32,9.314572549918815,Monoclinic,-1.8686047933333336,0.026512710156249675,1.5010999999999997,False,False
mp-1297796,Li4Mn3CoO8,32,9.373040135210012,Monoclinic,-2.026520520757903,0.029935628281251958,0.5897999999999999,False,False
mp-1298695,Li4TiNi3O8,32,8.97984144746952,Triclinic,-1.9961195779166667,0.02336963541666215,0.24400000000000022,False,False
mp-1299574,Li4Co2OF7,14,10.763743941835077,Triclinic,-2.639666785952382,0.03599184357142793,1.3216999999999999,False,False
mp-1301464,Li4Mn3CoO8,32,9.40497419793353,Triclinic,-2.026481266695403,0.029974882343752007,0.5523000000000002,False,False
mp-1302740,Li4Ni3SbO8,32,9.462039618202446,Monoclinic,-1.7841139373958326,0.026161036145833982,0.0,False,True
mp-1303744,Li4TiNi3O8,32,9.0019117635495,Triclinic,-1.9966971657291666,0.022792047604162313,0.0,False,True
mp-1303805,Li4Cr3CoO8,32,9.19891359238716,Monoclinic,-2.2151647636458334,0.027716569062500085,0.7262,False,False
mp-1304002,Li4Ni3BiO8,32,9.858831879299462,Monoclinic,-1.611903523333333,0.010722062864583215,0.0,False,True
mp-1305882,Li4Mn3CoO8,32,9.51548882491863,Triclinic,-2.017189074195403,0.03926707484375225,0.45130000000000026,False,False
mp-1305983,Li4Cr3CoO8,32,9.108168161627415,Triclinic,-2.224400658333333,0.01848067437500056,1.936,False,False
mp-1305992,Li4Ni3SbO8,32,9.480109969206378,Monoclinic,-1.787968633645833,0.022306339895833638,0.06449999999999978,False,False
mp-1306001,Li4Ni3SbO8,32,9.440870120205785,Monoclinic,-1.787043778958333,0.023231194583333448,0.22140000000000004,False,False
mp-1306771,Li4TiNi3O8,32,9.007619685776818,Triclinic,-1.9981915122916671,0.021297701041661732,0.0794999999999999,False,False
mp-1306908,Li4Si2NiO7,56,10.356968600978155,Monoclinic,-2.61240280970238,0.03266216410714495,3.6002000000000005,False,False
mp-1307356,Li4Ni3BiO8,32,9.854368005621954,Monoclinic,-1.613895287708333,0.008730298489583177,0.13009999999999966,False,False
mp-1308000,Li4Co2OF7,28,10.836903692663338,Monoclinic,-2.6400962680952387,0.035562361428571165,1.3944,False,False
mp-1308674,Li4Cr3CoO8,32,9.202661715250262,Monoclinic,-2.218514298333333,0.02436703437500043,1.7527999999999997,False,False
mp-1308768,Li4Mn3CoO8,32,9.52592946783725,Triclinic,-2.011733966382903,0.04472218265625205,0.0,False,True
mp-1311086,Li4Co2OF7,28,10.809055634916287,Monoclinic,-2.6401018041666666,0.03555682535714233,1.3677000000000001,False,False
mp-1311449,Li4Co2OF7,28,10.793863338743638,Monoclinic,-2.640258741309524,0.03539988821428519,1.4085999999999999,False,False
mp-1311728,Li4Ni3SbO8,32,9.484839258853247,Monoclinic,-1.7863616633333326,0.023913310208333982,0.0,False,True
mp-1311864,Li4Cr3NiO8,32,9.14086684261618,Triclinic,-2.184121787395834,0.01856749453124973,0.3054999999999999,False,False
mp-1315046,Li4Mn3SbO8,32,10.348684620550332,Monoclinic,-2.1078720107579025,0.047096693749999474,0.9177999999999997,False,False
mp-1317623,Li4Cr3CoO8,32,9.183776303184317,Monoclinic,-2.2201784186458333,0.022702914062500135,1.6271000000000004,False,False
mp-4426,Li4SeO5,20,9.535344424901414,Monoclinic,-1.9509335525677087,0.0,2.4442,True,False
mp-4558,Li4GeO4,18,9.44506740420063,Orthorhombic,-2.2978871192592587,0.0,4.0961,True,False
mp-4804,Li4TeO5,20,9.01799167712998,Triclinic,-2.104244935500001,0.0,3.8003000000000005,True,False
mp-7714,Li4UO5,10,9.844954421773501,Tetragonal,-2.8938561238333333,0.0,2.0777,True,False
mp-9159,Li4NpO5,10,9.687126560956175,Tetragonal,-2.7820099667083342,0.0,0.5886000000000005,True,False
mp-9172,Li4TiO4,18,9.815557527121705,Orthorhombic,-2.7075447612962966,0.0,4.5573,True,False
mp-11737,Li4SiO4,18,9.035143141373,Triclinic,-2.674883012592591,0.0,4.7841000000000005,True,False
mp-19117,Li4MoO5,20,8.703661201781724,Triclinic,-2.261947287833334,0.0,3.1667000000000005,True,False
mp-22170,Li4PbO4,18,10.76809295707771,Orthorhombic,-1.919143204259254,0.0,1.4367,True,False
mp-23648,Li4Al3Si3ClO12,46,13.502924685520089,Cubic,-3.095597672753623,0.021866473369569484,5.2612000000000005,False,False
mp-25248,Li4(CuO2)3,26,10.590549364046678,Monoclinic,-1.5305161975641026,0.020071756538462715,0.0,False,True
mp-25857,Li4Mn5(P3O11)2,74,12.380014213326849,Monoclinic,-2.5953239769147465,0.03496470702701959,3.3204000000000002,False,False
mp-25903,Li4Cr(PO4)2,60,11.648441363673566,Monoclinic,-2.624604874174603,0.04376450579166402,2.1161000000000003,False,False
mp-25995,Li4Co(PO4)2,60,11.364012690335171,Monoclinic,-2.5889276363412694,0.0013683034999942834,3.2951,False,False
mp-26081,Li4Mn(PO4)2,60,11.582491781486414,Monoclinic,-2.6866991822033386,0.010621523999998495,4.124,False,False
mp-26223,Li4Cu(PO4)2,60,11.215133778586216,Monoclinic,-2.4860849216746024,0.025518256499998948,0.03980000000000006,False,False
mp-26312,Li4Cu(PO4)2,30,11.180142209400065,Monoclinic,-2.4659809251746028,0.04562225299999856,0.0,False,True
mp-26313,Li4Ni5(P3O11)2,74,11.325925661238456,Monoclinic,-2.351967759086229,0.023072689594588525,3.845,False,False
mp-26369,Li4Ni(PO4)2,60,11.287861542315568,Monoclinic,-2.5528039236746034,0.019272508999996774,3.7745999999999995,False,False
mp-26471,Li4Fe5(P3O11)2,74,11.78740803920214,Monoclinic,-2.43904789570785,0.040637108918918585,3.7527000000000004,False,False
mp-26911,Li4CrP2O9,32,10.854056142069005,Monoclinic,-2.5791329998511907,0.042060777991071774,0.4519000000000001,False,False
mp-28450,Li4P2O7,26,10.805557800738471,Triclinic,-2.7435226032783877,0.0,5.6108,True,False
mp-28623,Li4Ge5O12,42,9.851095096429034,Triclinic,-2.223718369682539,0.027488895238095168,2.9262000000000006,False,False
mp-31890,Li4Fe(PO4)2,60,11.519451571828318,Monoclinic,-2.6166784485079355,0.008993655666666989,3.9187000000000003,False,False
mp-32384,Li4Ni7(PO4)6,41,10.965787704981174,Monoclinic,-2.2376323449070834,0.04695824975610652,3.512,False,False
mp-35822,Li4SiO4,18,9.620034797822479,Triclinic,-2.6445606731481472,0.03032233944444318,5.0854,False,False
mp-504158,Li4MoP2O9,32,11.424611587439843,Monoclinic,-2.568719268913691,0.04668491421874954,1.6212000000000002,False,False
mp-531820,Li4Ti7O16,54,11.092759414225073,Orthorhombic,-3.2621987245061725,0.012034039166666233,2.8296,False,False
mp-540518,Li4Ni3P4O15,104,11.180790304995911,Orthorhombic,-2.3976967669001823,0.03517039419871626,3.9360999999999997,False,False
mp-541578,Li4Mo5O17,52,12.678408487376522,Triclinic,-2.097885207820513,0.014370162548074994,3.0662,False,False
mp-554203,Li4Ga3Si3ClO12,46,13.901539900600927,Cubic,-2.7086002117753627,0.021269042065217292,4.4117999999999995,False,False
mp-554560,Li4Be3P3BrO12,46,11.86540057972154,Cubic,-2.8225161435766037,0.0,5.864999999999999,True,False
mp-554577,Li4P2O7,52,11.409467855201504,Monoclinic,-2.743394560970695,0.0001280423076925885,5.650799999999999,False,False
mp-554733,Li4Al3Ge3BrO12,46,14.670299009552568,Cubic,-2.622345415144927,0.015223674130433906,3.6335,False,False
mp-555089,SrLi4Ca(SiO4)2,64,10.789489068210147,Orthorhombic,-3.0362857773958334,0.0,4.8294999999999995,True,False
mp-555377,Li4WO5,20,9.368585555622147,Triclinic,-2.370661098833333,0.0,3.8894,True,False
mp-556649,Li4Ga3Si3BrO12,46,13.608472541522397,Cubic,-2.6921437582971004,0.011213973260874255,3.9512,False,False
mp-556886,Li4Al3Ge3ClO12,46,14.404518319494057,Cubic,-2.636932194057971,0.027148417499998523,4.1097,False,False
mp-556902,KLi4NbO5,22,11.386303161693158,Triclinic,-2.4980947432348497,0.0,3.7769999999999997,True,False
mp-557112,Li4Ga3Si3IO12,46,14.004723927715165,Cubic,-2.6667486815579715,0.0006464265217394072,3.4396999999999993,False,False
mp-557268,KLi4AlO4,80,11.468863498214652,Monoclinic,-2.410383530683333,0.0,3.9726,True,False
mp-557456,Li4Al3Ge3IO12,46,14.406381015406422,Cubic,-2.5989603088405793,0.0026461569565201515,3.1208,False,False
mp-557467,Li4Ca(BO3)2,26,10.246518476053796,Orthorhombic,-2.7781162866666667,0.0,4.7254,True,False
mp-557756,Li4Zn(PO4)2,60,11.324570503224429,Monoclinic,-2.656429330007936,0.00012322283333432438,4.676,False,False
mp-559848,Li4SiO4,126,9.41744883393383,Monoclinic,-2.672204411878307,0.0026786007142840518,5.1358,False,False
mp-560072,Li4Be3As3ClO12,46,12.68210850165559,Cubic,-2.329686358514492,0.0,4.4494,True,False
mp-560894,Li4Be3P3ClO12,46,11.616268417253416,Cubic,-2.843604307489648,0.0,6.2181999999999995,True,False
mp-566257,Li4Mo3O8,15,11.43416822286411,Trigonal,-2.0774844622222237,0.04991593566666541,1.5854999999999997,False,False
mp-643259,Li4H3ClO3,22,11.957987408085025,Monoclinic,-1.798829574734848,0.04587665795454665,4.4775,False,False
mp-673092,Li4Sn(PO3)6,29,12.183266402714322,Triclinic,-2.5836658422824312,0.03908313964079735,4.4967,False,False
mp-675020,Li4MoO5,10,8.75770402445545,Tetragonal,-2.240481467833334,0.021465820000000413,2.8720999999999997,False,False
mp-677490,Li4Nd3SbTeO12,84,12.540565416030368,Triclinic,-2.7273410627380947,0.012100683214272046,2.9443,False,False
mp-685194,Li4Ti5O12,42,10.369805599087615,Monoclinic,-3.2031210533333323,0.0043052279761912615,2.6703,False,False
mp-690542,Li4WO5,10,8.77891793835229,Tetragonal,-2.3375951458333324,0.03306595300000126,3.0471,False,False
mp-691115,Li4Mn5O12,42,9.463412773319542,Monoclinic,-2.053914901094687,0.0,0.9998,True,False
mp-698705,Li4Mn13O24,41,11.0636842339898,Triclinic,-2.0106386743033364,0.029626181502027116,0.1575000000000002,False,False
mp-705404,Li4Fe3P4O15,104,11.635975006736594,Orthorhombic,-2.4774027270924908,0.04633095785255925,3.7823,False,False
mp-752430,Li4MnSi2O7,56,10.746804299995862,Monoclinic,-2.7617407508045986,0.010976736964281919,3.653,False,False
mp-752582,Li4VO4F,20,11.682491949637015,Monoclinic,-2.6059247133333328,0.02915057449999825,3.8303000000000003,False,False
mp-752615,Li4(CuO2)3,13,11.02365203237711,Monoclinic,-1.5228533941025644,0.02773456000000074,0.0,False,True
mp-752655,Li4Nb2Fe3Ni3O16,28,10.51370283999402,Monoclinic,-1.9808559726190467,0.04197822452678679,0.0,False,True
mp-752722,Li4MnSi2O7,56,10.610738796914125,Monoclinic,-2.7494154641974555,0.023302023571424968,3.2934000000000005,False,False
mp-752777,Li4Fe3CoO8,16,9.16172732979945,Monoclinic,-1.8834275164583332,0.011689987031250126,1.7590999999999997,False,False
mp-752796,Li4Ti2Mn3O10,38,10.410401887953808,Triclinic,-2.59712766125227,0.04162589263157468,0.4941,False,False
mp-752957,Li4CrSb(WO6)2,20,10.528108656893462,Triclinic,-2.2476684736666663,0.03800070287499757,1.5482,False,False
mp-752967,Li4V2P4H3O16,29,10.754970996803744,Triclinic,-2.4727623288156817,0.026877941072330103,0.5921000000000003,False,False
mp-752986,Li4CuNi3O8,16,8.87505405086115,Monoclinic,-1.4682995752083334,0.01783925187500035,0.019000000000000128,False,False
mp-752993,Li4Mn3Ni3(WO8)2,28,10.648427784919173,Monoclinic,-1.9755684006116587,0.029279784178583235,0.5236000000000001,False,False
mp-753039,Li4Cr3(CoO4)3,22,9.794394321985832,Triclinic,-1.9319205928787881,0.0458099812121171,0.7501000000000002,False,False
mp-753065,Li4Mn3V3(WO8)2,28,11.313724456140525,Monoclinic,-2.307249125611659,0.03606389633929119,0.8083999999999998,False,False
mp-753092,Li4Ni3O3F4,14,8.985482716234145,Tetragonal,-2.289901955595238,0.040360575357141215,2.1682,False,False
mp-753100,Li4Ni3Sn(PO4)4,56,11.03347052327573,Monoclinic,-2.342508054889456,0.04888206202380996,1.9586999999999994,False,False
mp-753104,Li4Fe3CuO8,16,9.319587089499338,Trigonal,-1.7846264508333327,0.0367214626562502,0.05169999999999986,False,False
mp-753143,Li4NiOF4,40,8.811112321257077,Tetragonal,-2.7350091913333334,0.04012423200000104,1.8989000000000003,False,False
mp-753146,Li4Mn3O6F,28,9.38720106403136,Monoclinic,-2.2593925372947448,0.0439810682142836,0.0,False,True
mp-753172,Li4Cr5O10,38,9.731718069207055,Triclinic,-2.326938171754387,0.03496833748537842,0.0,False,True
mp-753186,Li4Mn3(NiO4)3,22,9.741690777546054,Triclinic,-1.7571288107784746,0.034126727954541636,0.1532,False,False
mp-753412,Li4TiCrO6,48,8.953872551674502,Monoclinic,-2.6012612547222225,0.017872870624995763,1.1431,False,False
mp-753426,Li4Ti3Co3(TeO8)2,28,11.253494144685064,Monoclinic,-2.2963845980952393,0.03880675205358042,1.1118999999999999,False,False
mp-753494,Li4FeSb(WO6)2,40,10.583126273127473,Triclinic,-2.164475514916667,0.03253988065625002,2.116,False,False
mp-753500,Li4V(PO4)2,60,10.661081922304747,Triclinic,-2.6536670760079364,0.04783220133334787,3.2091999999999996,False,False
mp-753616,Li4VCr3O8,16,9.30182724142333,Triclinic,-2.4242518152083337,0.005659835312499695,1.9196999999999997,False,False
mp-753690,Li4H3BrO3,22,12.866087094801088,Monoclinic,-1.7587061038257574,0.030566945909091814,4.455299999999999,False,False
mp-753713,Li4FeSi2O7,56,10.554283254711548,Monoclinic,-2.6813129372023803,0.018937133214286916,3.4419999999999997,False,False
mp-753715,Li4Si2NiO7,28,10.345816812297743,Triclinic,-2.6134286259523805,0.03163634785714464,3.3812000000000006,False,False
mp-753744,Li4MnCu3(PO4)4,28,10.567314073317013,Monoclinic,-2.2917692553512787,0.043184879374996044,0.0,False,True
mp-753765,Li4Cr3NiO8,32,9.132287547817949,Triclinic,-2.1801365739583334,0.02255270796875042,0.0,False,True
mp-753889,Li4CuNi3(PO4)4,28,10.12324133020827,Monoclinic,-2.314919111139456,0.01773264973214239,0.1019000000000001,False,False
mp-753970,Li4V3CrO8,16,9.521725183939324,Triclinic,-2.4590618595833336,0.013429385312499598,0.9635000000000002,False,False
mp-753972,Li4Ti2Ni3Sn3O16,28,10.87286388617495,Monoclinic,-2.168366610178571,0.049811546730772704,0.21760000000000002,False,False
mp-754006,Li4AlCr3O8,32,9.023496721586035,Monoclinic,-2.5684564236458334,0.012245825156250056,3.1048,False,False
mp-754088,Li4CrFe3O8,16,9.435443836662342,Monoclinic,-2.056437965833333,0.004619057395832904,1.6734000000000004,False,False
mp-754105,Li4TiCrO6,12,8.949122853426974,Monoclinic,-2.597552742222222,0.021581383124996023,1.2953,False,False
mp-754195,Li4Cr3CoO8,16,9.124498680055892,Monoclinic,-2.2236047308333333,0.019276601875000132,0.7871999999999999,False,False
mp-754209,Li4Cr3NiO8,16,9.007121919666837,Monoclinic,-2.185370955833334,0.017318326093749725,0.4365999999999999,False,False
mp-754228,Li4Ni3SbO8,16,9.46665220987864,Trigonal,-1.785979858958333,0.024295114583333444,0.0,False,True
mp-754241,Li4Cr3FeO8,16,9.250628105034094,Monoclinic,-2.292979182708333,0.0002388818750000965,2.3412999999999995,False,False
mp-754247,Li4Cr3GaO8,32,9.225599984510067,Monoclinic,-2.3829447159895825,0.01824036828125042,3.0366,False,False
mp-754279,Li4Cr3NiO8,16,9.113859859288416,Monoclinic,-2.1841993989583335,0.018489882968750315,0.0,False,True
mp-754314,Li4Cr3NiO8,16,9.147615205320974,Trigonal,-2.180227805208334,0.02246147671874965,0.0,False,True
mp-754321,Li4V3CrO8,16,9.501060722544912,Monoclinic,-2.4448357664583336,0.027655478437499603,0.9862000000000002,False,False
mp-754324,Li4V3CrO8,16,9.369730695595592,Monoclinic,-2.460547707708333,0.011943537187500297,2.0092999999999996,False,False
mp-754340,Li4Ti3Cr3(WO8)2,28,10.853477036193624,Monoclinic,-2.639841913690477,0.04098608816071092,0.0,False,True
mp-754416,Li4Mn(BO3)2,52,9.650633984353679,Orthorhombic,-2.525087912853669,0.01166995576922858,3.5788,False,False
mp-754424,Li4NbNi3O8,16,9.31166513004127,Trigonal,-1.9912805870833337,0.04628695505208302,0.0,False,True
mp-754562,Li4Mn3Fe(BO3)4,24,10.65344234830968,Triclinic,-2.4616182826580455,0.007636582812494019,2.9623,False,False
mp-754570,Li4Ti3V3(SnO8)2,28,11.020703552559343,Monoclinic,-2.7009794865476198,0.03030422459822013,0.5294999999999996,False,False
mp-754576,Li4MgCo3O8,16,8.366129173628718,Trigonal,-1.8898118992708328,0.02920025281250105,0.0,False,True
mp-754680,Li4Mn3Fe(BO3)4,24,10.685902128420219,Triclinic,-2.461557310991379,0.007697554479160651,2.9603,False,False
mp-754877,Li4Mn3Cr3O12,22,10.110555297461362,Monoclinic,-2.2047301935057475,0.04347659454544317,0.5694999999999997,False,False
mp-754898,Li4Fe3Sn3(SbO8)2,56,11.864368495198178,Monoclinic,-1.9968310683333326,0.013560966875004077,0.1651000000000007,False,False
mp-755149,Li4TiMn(WO6)2,40,10.20022478903717,Triclinic,-2.4153982399798863,0.034728406499995756,1.1055000000000001,False,False
mp-755153,Li4Cr3FeO8,16,9.267747139020335,Triclinic,-2.293153877708333,6.418687499998299e-05,2.4395,False,False
mp-755203,Li4NbFe(WO6)2,40,10.736942206688568,Triclinic,-2.3732628551666672,0.02156497699999793,2.2989999999999995,False,False
mp-755204,Li4MnFe3(BO3)4,24,10.52390445479489,Triclinic,-2.372993592830459,0.004851774270830944,3.1491000000000002,False,False
mp-755224,Li4Nb2Cr3Fe3O16,28,10.790394927702353,Monoclinic,-2.3745511347619046,0.01772764785714287,1.7983000000000002,False,False
mp-755247,Li4Mn(WO4)3,40,11.568325986414361,Monoclinic,-2.2629745895632185,0.04865544100000285,1.9286000000000003,False,False
mp-755320,Li4CrFe3O8,16,9.43640109380622,Monoclinic,-2.0567710595833333,0.00428596364583278,1.7401,False,False
mp-755387,Li4Cr3CoO8,32,9.175761875165822,Monoclinic,-2.219525079895833,0.023356252812500422,0.5846999999999998,False,False
mp-755496,Li4Ni3SnO8,16,9.420217280118026,Trigonal,-1.7178652523958329,0.01764860651041822,0.0,False,True
mp-755500,Li4AlCr3O8,32,9.026201632240014,Triclinic,-2.570609750520833,0.01009249828125025,3.1818000000000004,False,False
mp-755522,Li4Cr3GaO8,32,9.226935638232677,Triclinic,-2.3829910872395823,0.018193997031250575,3.1792000000000002,False,False
mp-755593,Li4CoO3,16,10.275974621400858,Monoclinic,-1.8476709616666662,0.03666444035156324,2.4108,False,False
mp-755626,Li4Mn3Fe(BO3)4,24,10.645807417456707,Triclinic,-2.4617951043247124,0.007459761145827137,2.9671,False,False
mp-755639,Li4MnFe3(BO3)4,24,10.271200944962288,Triclinic,-2.374454584080459,0.0033907830208308454,3.2715,False,False
mp-755661,Li4Cr3NiO8,16,9.161071373653215,Monoclinic,-2.1856529970833334,0.017036284843750416,0.3233999999999999,False,False
mp-755674,Li4V(TeO4)3,20,11.519135166005865,Monoclinic,-1.930729713666667,0.0367809155000014,0.9344000000000001,False,False
mp-755675,Li4AlCr3O8,16,9.01812328973655,Monoclinic,-2.569129379583333,0.011572869218750448,3.1125,False,False
mp-755680,Li4NbCr(WO6)2,40,10.673821351538667,Triclinic,-2.455900816166667,0.022651293374995163,1.8451,False,False
mp-755688,Li4MnSb(WO6)2,40,10.578995568244553,Triclinic,-2.1947662700632184,0.04209906890865245,0.27649999999999997,False,False
mp-755720,Li4Fe(TeO4)3,20,11.397264249953537,Monoclinic,-1.8041344326666668,0.041647575874999454,0.0,False,True
mp-755721,Li4Cr3FeO8,16,9.253493048247458,Monoclinic,-2.293218064583333,0.0,2.3623000000000003,True,False
mp-755815,Li4CrFe3O8,16,9.374593294320293,Monoclinic,-2.0566817608333334,0.004375262395832635,1.7147999999999999,False,False
mp-755859,Li4MnFe3(BO3)4,24,10.468819904709664,Triclinic,-2.3722245990804596,0.005620768020830447,3.1839000000000004,False,False
mp-755913,Li4FeSb(TeO6)2,20,10.535557320960262,Triclinic,-1.8818121688333336,0.04016851318750003,1.6130999999999998,False,False
mp-755915,Li4Nb3TeO12,20,11.184328533881851,Triclinic,-2.5885888815,0.03939920806250008,0.0,False,True
mp-755967,Li4Mn3Fe(BO3)4,24,10.427488695323593,Triclinic,-2.4634707622413785,0.005784103229160564,3.0413000000000006,False,False
mp-756027,Li4Cr(WO4)3,20,11.164203806391601,Monoclinic,-2.2953156511666664,0.035643979999999686,2.2378,False,False
mp-756061,Li4Cr3NiO8,32,9.082045902858864,Triclinic,-2.179369027083334,0.023320254843749666,0.0,False,True
mp-756092,Li4Cr2P4H3O16,29,10.663690334637554,Triclinic,-2.4291759246777507,0.03346297844827628,0.9188000000000001,False,False
mp-756252,Li4Cr3CoO8,32,9.14674963818211,Monoclinic,-2.2219618864583337,0.02091944624999975,0.8529,False,False
mp-756264,Li4MnFe3(BO3)4,24,10.442690422809903,Triclinic,-2.372346212413793,0.005499154687496954,0.06219999999999981,False,False
mp-756266,Li4Cr3GaO8,32,9.252713801676995,Monoclinic,-2.3825051094270826,0.01867997484375028,3.0916,False,False
mp-756308,Li4Ti3Fe3(SnO8)2,28,11.029548431439684,Monoclinic,-2.499353323333333,0.02251687660714552,1.1995999999999998,False,False
mp-756312,Li4MgNi3O8,16,8.633136399446542,Trigonal,-1.7051053705208332,0.019112574027779772,0.0,False,True
mp-756344,Li4ZrO4,18,11.134223454927541,Orthorhombic,-2.6944413614814815,0.037005342777780115,4.3207,False,False
mp-756399,Li4Mn3Nb2Cr3O16,28,10.801012496220979,Monoclinic,-2.4681959984688016,0.018464434714287492,0.6616,False,False
mp-756405,Li4Fe3CoO8,16,9.147336608631695,Trigonal,-1.8787881683333332,0.016329335156250124,1.6510999999999996,False,False
mp-756412,Li4V3Cr3(WO8)2,28,10.768597073154039,Monoclinic,-2.3842331879761898,0.006191012678570473,1.5726,False,False
mp-756422,Li4CuSi2O7,14,10.338384340624028,Monoclinic,-2.567689882023809,0.038047897857141244,0.6356999999999997,False,False
mp-756503,Li4Fe(BO3)2,52,9.447928974832637,Orthorhombic,-2.4327628883974364,0.01961698173077231,3.7795000000000005,False,False
mp-756528,Li4Fe3WO8,16,10.134202861326731,Trigonal,-1.9892737145833328,0.047959242500000165,2.1771999999999996,False,False
mp-756558,Li4Cr3CuO8,16,9.155729045794244,Trigonal,-2.1318525995833326,0.03725914312500045,0.0,False,True
mp-756561,KLi4FeO5,22,10.432103800855641,Triclinic,-1.776893787325758,0.04857370250000059,0.0,False,True
mp-756577,Li4MnNb(WO6)2,40,10.729619447896388,Triclinic,-2.404083534563218,0.028506432187498376,0.4554,False,False
mp-756601,Li4TiNi3O8,16,9.00956907506286,Trigonal,-1.991961838541667,0.027527374791661785,0.0,False,True
mp-756671,Li4Cr3Fe3(SbO8)2,28,10.60381662141617,Monoclinic,-2.1165938251190477,0.011029183749999838,1.678,False,False
mp-756711,Li4CrO4,18,9.672347175272504,Triclinic,-2.1736236403703697,0.01778489583333709,2.0888,False,False
mp-756712,Li4Co5SnO12,22,9.543348946005107,Monoclinic,-1.6710333303787885,0.04786267017046075,0.0,False,True
mp-756718,Li4Bi2O5,22,13.773308509938555,Triclinic,-1.8858946639393943,0.03118652727272675,2.6845999999999997,False,False
mp-756761,Li4V3Ni3(SbO8)2,28,10.601586895092103,Monoclinic,-2.080614489047619,0.0282329991071526,0.4476,False,False
mp-756806,Li4Mn3Cr(PO4)4,28,11.157972844834246,Monoclinic,-2.6146692173463526,0.0032498769419673224,2.3950000000000005,False,False
mp-756871,Li4Ni3TeO8,16,9.574973919210796,Trigonal,-1.7283107531250002,0.04362431906249942,0.6478999999999999,False,False
mp-756926,Li4Ni3BiO8,16,9.820647753333311,Trigonal,-1.6126348464583335,0.009990739739582644,0.0,False,True
mp-756936,Sr3Li4La5O12,24,14.232602738229536,Monoclinic,-3.1386160570138895,0.03625130192708337,0.0,False,True
mp-756944,Li4MnCr3O8,16,9.284555501741341,Monoclinic,-2.329717641954023,0.016716239062500193,0.6756000000000002,False,False
mp-756961,Li4Mn5Sb3O16,28,11.69004743794727,Monoclinic,-2.0678393793924466,0.03814394017857037,0.0,False,True
mp-756980,Li4Y3VO8,64,12.057628691576449,Orthorhombic,-3.0146538542708328,0.04438359203125142,1.7863999999999995,False,False
mp-757068,Li4CrNi3(PO4)4,28,10.392664604951017,Monoclinic,-2.40957405542517,0.021278391116073436,1.5358999999999998,False,False
mp-757088,Li4Fe7(OF7)2,27,12.548711420141201,Triclinic,-2.5611645860493826,0.03485810129629563,3.0765,False,False
mp-757099,Li4MnNi3(PO4)4,28,10.293860175507216,Monoclinic,-2.4262243410655637,0.005918952678572786,2.9959,False,False
mp-757104,Li4MnCo3(PO4)4,28,10.585583283303256,Monoclinic,-2.4354123224941353,0.026012322053572845,2.3728000000000002,False,False
mp-757137,Li4CrNi3O8,16,8.782452546789038,Trigonal,-1.7310195420833328,0.03807952989583363,0.0,False,True
mp-757170,Li4Mn3Sn(PO4)4,56,11.806796370900354,Monoclinic,-2.5601739891320667,0.03250156738095278,3.2141,False,False
mp-757190,Li4Cr3Ni3(TeO8)2,28,10.434593160781686,Monoclinic,-1.8911254355952372,0.007087811785715381,0.0,False,True
mp-757193,Li4Cr3Ni(PO4)4,28,10.928625294174248,Monoclinic,-2.5113751968537414,0.04254447687499496,1.8564999999999996,False,False
mp-757199,Li4MnNb2WO12,20,10.579871731555226,Triclinic,-2.503374487063219,0.046973073124998876,1.2585,False,False
mp-757257,Li4CrCo3(PO4)4,28,10.62872268298946,Monoclinic,-2.4158128404251706,0.0394407317857155,1.0944000000000003,False,False
mp-757279,Li4Co3Ni3(TeO8)2,28,10.235009526425372,Monoclinic,-1.5717333013095234,0.035525111294640865,0.0,False,True
mp-757313,Li4V(PO4)2,60,11.623902024966025,Monoclinic,-2.65220097384127,0.04929830350001474,2.6180999999999996,False,False
mp-757332,Li4Mn3V(PO4)4,28,11.145764930915613,Monoclinic,-2.6324988344892097,0.003168419107143272,0.8172999999999995,False,False
mp-757393,Li4Mn3Cu3(TeO8)2,28,10.878159393723681,Monoclinic,-1.7079555307307064,0.029375233329605344,0.0,False,True
mp-757409,Li4Mn3SnO8,32,10.204908525220716,Monoclinic,-2.1293348216954024,0.038928927968751026,0.3849,False,False
mp-757417,Li4Mn3Ni(PO4)4,28,10.84012986994173,Monoclinic,-2.56085531948921,0.005478267321422869,2.7518,False,False
mp-757423,Li4VNi3(PO4)4,28,10.356162963498969,Monoclinic,-2.4295040707823126,0.022796248437506605,1.9017,False,False
mp-757438,Li4Fe2Si3O10,38,11.229422329798641,Monoclinic,-2.654381393070175,0.020921605350880057,3.1586000000000003,False,False
mp-757477,Li4MnV3(PO4)4,28,11.06680290753265,Monoclinic,-2.634225888922706,0.005918405178572783,0.7046000000000001,False,False
mp-757489,Li4CoCu3(PO4)4,28,10.322059074251923,Monoclinic,-2.22783057542517,0.04978886303571706,0.0,False,True
mp-757602,Li4Cr3Co(PO4)4,28,10.948642558948967,Monoclinic,-2.514839845068028,0.037345471249994766,1.0618999999999996,False,False
mp-757635,Li4MnP2O9,32,10.571365300140208,Monoclinic,-2.5486581403468795,0.02217796057291732,1.4716000000000002,False,False
mp-757670,Li4Mn2Si3O10,38,11.358948648768317,Monoclinic,-2.767020317326074,0.015076769824562852,3.0154000000000005,False,False
mp-757691,Li4Mn3Fe3(TeO8)2,28,11.220613449319163,Monoclinic,-1.8895447214449927,0.030796276640624676,0.12069999999999936,False,False
mp-757721,Li4Mn3Cu(PO4)4,28,11.005566080963655,Monoclinic,-2.518219476274924,0.015717724196429472,0.0,False,True
mp-757731,Li4Nb2Fe3Co3O16,28,10.277104618877269,Monoclinic,-2.063779784047619,0.04137504250000479,0.835,False,False
mp-757744,Li4Cu3Ni3(TeO8)2,28,10.498245402794206,Monoclinic,-1.4587970005952384,0.01815726359375258,0.0,False,True
mp-757757,Li4Cu3Ni(PO4)4,28,10.238868240590481,Monoclinic,-2.22524317542517,0.04261581276785442,0.0,False,True
mp-757815,Li4Cr3Ni3(WO8)2,28,10.550000909220591,Monoclinic,-2.052763793333334,0.03405968513888524,0.2578999999999998,False,False
mp-757913,Li4(NiO2)5,38,8.795483131056217,Triclinic,-1.344802431754386,0.04944217414473684,0.10650000000000004,False,False
mp-757921,Li4Co2Si3O10,38,11.133047334065788,Monoclinic,-2.592852572807016,0.03855748219298327,2.8755,False,False
mp-757961,Li4Fe3Ni3(SbO8)2,28,10.259261776769579,Monoclinic,-1.71378470154762,0.03701595254285461,0.0,False,True
mp-757988,Li4FeSi2O7,56,10.614642626203876,Monoclinic,-2.6898888973809525,0.010361173035714266,3.415,False,False
mp-758017,Li4Mn3Co(PO4)4,28,10.985696245773742,Monoclinic,-2.5615356130606393,0.014558424017857341,1.9345000000000003,False,False
mp-758042,Li4Fe3Co3(SbO8)2,28,10.272993858346421,Monoclinic,-1.8136752744047624,0.025261809107142597,0.5400999999999998,False,False
mp-758093,Li4Mn3Co3(SbO8)2,28,10.61032155013923,Monoclinic,-1.890523922754516,0.039928443392856394,0.2503000000000002,False,False
mp-758153,Li4Cr3Co3(SbO8)2,28,10.146686061265612,Monoclinic,-2.011850058333333,0.025532389285713997,0.0,False,True
mp-758187,Li4Ni3(SnO5)2,38,10.277032199796142,Triclinic,-1.7486707820175427,0.045599509298244634,0.009200000000000319,False,False
mp-758275,Li4Ni7O12,69,9.003243181913094,Triclinic,-1.329846255942029,0.033761948931161356,0.024900000000000144,False,False
mp-758282,Li4Cr3(CO3)6,31,10.06929115946236,Triclinic,-2.0601490004301075,0.049609425120968886,0.6537999999999999,False,False
mp-758308,Li4V5(P3O11)2,74,12.196066700623213,Monoclinic,-2.605321216113255,0.048407794559951256,0.9134000000000002,False,False
mp-758406,Li4V3P8O29,88,13.256697319707063,Triclinic,-2.572136175919914,0.049401146287877395,0.5437000000000001,False,False
mp-758475,Li4(CuO2)3,26,9.991097104761696,Monoclinic,-1.542374556794872,0.008213397307693882,0.0,False,True
mp-758487,Li4Mn2Ni5O12,46,9.196714464876623,Monoclinic,-1.6258016075737134,0.04279323366847976,0.0118999999999998,False,False
mp-758581,Li4Mn3Nb2Sn3O16,28,12.143721170317615,Monoclinic,-2.368863157218802,0.042437696428570426,0.9693000000000005,False,False
mp-758591,Li4Mn3Nb2Ni3O16,28,10.439622251088291,Monoclinic,-2.14539265704023,0.03948821696428695,0.4386000000000001,False,False
mp-758615,Li4Cr2Si3O10,38,11.251034249712148,Monoclinic,-2.727876355701755,0.026292400087720047,2.3486,False,False
mp-758641,Li4Fe2Ni5O12,46,9.341026779795827,Monoclinic,-1.4802642003623183,0.04604665492753046,0.0,False,True
mp-758663,Li4Mn(Ni2O5)2,38,9.097370350901322,Triclinic,-1.5464023258560196,0.033785258267547746,0.0,False,True
mp-758838,Li4Mn5(NiO6)2,46,9.719917197352968,Monoclinic,-1.931463427303848,0.041865209347834664,0.6299999999999999,False,False
mp-758852,Li4Mn3(PO4)4,54,10.986101848074624,Triclinic,-2.5616092061369584,0.022999276759263942,0.17589999999999995,False,False
mp-758853,Li4Fe3Co(PO4)4,28,10.6717917535382,Monoclinic,-2.4499876761394552,0.010956821964286156,1.5836999999999999,False,False
mp-759041,Li4Ti2Fe3O10,38,10.054796075892247,Triclinic,-2.445688105526316,0.042835493421044646,1.4487999999999999,False,False
mp-759056,Li4Ti2Mn3O10,38,9.815093614109179,Triclinic,-2.590988335725954,0.04776521815789092,0.8577999999999997,False,False
mp-759199,Li4Cr3FeO8,16,9.020978548228614,Trigonal,-2.2754388427083327,0.01777922187500014,2.1058000000000003,False,False
mp-759213,Li4MnV3O8,16,9.526061899210246,Monoclinic,-2.393183766329023,0.045186917343750466,0.6019000000000001,False,False
mp-759285,Li4Fe7(OF7)2,27,12.666500258195185,Triclinic,-2.547315259382716,0.048707427962962235,3.0404,False,False
mp-759372,Li4Cr2Si4O13,92,10.48183320298799,Orthorhombic,-2.834331281666667,0.040423533043478344,3.2693000000000003,False,False
mp-759373,Li4Co13O28,45,10.410615096881257,Triclinic,-1.24584180362963,0.049000082777769904,0.5632000000000001,False,False
mp-759501,Li4Fe2Si4O13,92,10.694456763450784,Orthorhombic,-2.6869165812318854,0.0444694473913021,2.8004000000000002,False,False
mp-759505,Li4Ti2Co3Ni3O16,28,9.732121022723694,Monoclinic,-1.8677468632142862,0.046993330160417734,0.0,False,True
mp-759547,Li4FeCo9O20,34,10.15831545392597,Triclinic,-1.4275366365686282,0.03324046198529018,0.0242,False,False
mp-759620,Li4V3P8O29,88,13.307429366437912,Monoclinic,-2.5720258089880956,0.049511513219695935,1.1693,False,False
mp-759652,Li4CoOF4,40,8.972267898872452,Tetragonal,-2.736479714583333,0.04940287799999865,0.017400000000000304,False,False
mp-759745,Li4V3P8O29,88,13.259456433832765,Triclinic,-2.573220661829005,0.048316660378786125,0.7093,False,False
mp-759919,Li4CrFe3O8,16,9.453573490315488,Trigonal,-2.0562045239583338,0.004852499270832311,1.7114000000000003,False,False
mp-760100,Li4Cr2(PO4)3,84,11.549676421336832,Monoclinic,-2.61336045010771,0.04204268869049166,0.8370000000000002,False,False
mp-760111,Li4V3P8O29,88,13.291720620213306,Triclinic,-2.5741428481926407,0.0473944740151504,0.9538,False,False
mp-760113,Li4V3P8O29,88,13.32057125247048,Triclinic,-2.5741801173971863,0.04735720481060479,0.5426,False,False
mp-760127,Li4Mn2(PO4)3,84,11.644945227750778,Monoclinic,-2.588878247410666,0.03598460095237854,0.20540000000000003,False,False
mp-760176,Li4V3P8O29,88,13.487599797303352,Triclinic,-2.5767238017153686,0.04481352049242293,0.9159999999999999,False,False
mp-760206,Li4Mn3NiO8,16,9.209422920463863,Monoclinic,-2.0235938510704026,0.026144067187502174,0.20429999999999993,False,False
mp-760208,Li4V3(FeO6)2,84,12.408597528482696,Monoclinic,-2.258228061468254,0.04121864369047756,1.8134000000000001,False,False
mp-760224,Li4V3P8O29,88,13.39521363840476,Triclinic,-2.5747219869426416,0.04681533526514947,1.0429,False,False
mp-760234,Li4V2(PO4)3,84,11.638932162581776,Orthorhombic,-2.673500192250567,0.0305784169047687,0.10529999999999973,False,False
mp-760278,Li4V3P8O29,88,13.325132311229062,Triclinic,-2.5740108135335507,0.04752650867424091,0.9968000000000001,False,False
mp-760315,Li4Nb2Ni3Sn3O16,28,11.43759184812752,Monoclinic,-2.2109371249404766,0.021570460089284538,2.0723,False,False
mp-760347,Li4Ti3VO8,16,9.420250483990468,Trigonal,-2.854964547083333,0.04874034695312357,0.0,False,True
mp-760357,Li4VFe3O8,16,9.47535495529533,Trigonal,-2.070021283958334,0.03796537296874991,1.0627,False,False
mp-760683,Li4Cu(PO3)6,29,11.841384563857332,Triclinic,-2.5116932983169145,0.04628936267240924,0.8013000000000001,False,False
mp-760770,Li4V3P8O29,88,13.493764563134647,Triclinic,-2.5740429963744593,0.04749432583333135,0.6878000000000002,False,False
mp-760830,Li4Fe2O5,44,10.812701665264719,Monoclinic,-1.9406634475757572,0.04840466238636676,2.1431999999999998,False,False
mp-760844,Li4Mn2V3O12,84,12.555444766110021,Monoclinic,-2.3471608497235907,0.03311383278274338,0.7412000000000001,False,False
mp-760975,Li4TiV3O8,16,9.163414771834448,Monoclinic,-2.5920927266666673,0.0418838941406241,0.25319999999999965,False,False
mp-761449,Li4Mn3Cr3(FeO8)2,28,10.123524734878202,Triclinic,-2.0735213559688015,0.04569337126984241,0.6196999999999999,False,False
mp-761969,Li4Fe3Ni3(SbO8)2,28,10.530827706210292,Triclinic,-1.7332021326190474,0.017598521471427375,0.0,False,True
mp-762032,Ba4Li4Ti19O44,71,11.827831256709722,Triclinic,-3.393986905305164,0.04545754705986482,2.3023,False,False
mp-762067,Li4Ti3V3(SbO8)2,56,11.745172460041392,Triclinic,-2.6552164147619046,0.04488798976190633,1.0980000000000003,False,False
mp-762292,Li4V5O10,19,10.003606359455622,Triclinic,-2.45755789754386,0.048838411513163926,1.2627000000000002,False,False
mp-762351,Li4Ti7O16,27,10.751310849262858,Monoclinic,-3.239361694691358,0.034871068981480846,2.4521000000000006,False,False
mp-762676,Li4Nb2V3Fe3O16,28,11.011239735626958,Triclinic,-2.4188633511904762,0.01989245354911162,1.5942000000000003,False,False
mp-762932,Li4(NiO2)5,19,9.572496639787952,Triclinic,-1.3460347928070178,0.04820981309210559,0.3227000000000002,False,False
mp-763178,Li4Ti3Ni3(TeO8)2,56,11.094423742257035,Monoclinic,-2.287136176130953,0.03053121187500185,1.3917000000000002,False,False
mp-763519,Li4Mn3Nb2Co3O16,28,10.58806350810425,Triclinic,-2.158112120611658,0.04572768779220482,0.5063,False,False
mp-763578,Li4(NiO2)5,19,8.683711316320514,Triclinic,-1.3822061212280703,0.012038484671053062,0.48960000000000026,False,False
mp-763910,Li4MnFe3O8,16,9.503941387597278,Monoclinic,-1.986057234454023,0.012612817343748972,1.0999000000000003,False,False
mp-764005,Li4TiV3O8,16,9.503042795061171,Monoclinic,-2.611450766041667,0.02252585476562441,0.5023,False,False
mp-764048,Li4Fe2Ni3Sb3O16,28,11.05387605754707,Triclinic,-1.7991075869047626,0.04735693764285642,0.6627000000000005,False,False
mp-764125,Li4Mn2(PO4)3,42,11.645596073827322,Triclinic,-2.583221307529714,0.04164154083333038,0.8595999999999999,False,False
mp-764385,Li4Fe3Cu3(SbO8)2,28,10.746523507053919,Monoclinic,-1.6689839844047611,0.035282842433038475,0.0,False,True
mp-764613,Li4MnFe3(PO4)4,28,10.868101206530975,Monoclinic,-2.5161104342798493,0.0021687600892930092,3.7836000000000003,False,False
mp-764988,Li4V3P8O29,88,13.260647119683245,Triclinic,-2.573424537397187,0.04811278481060466,0.8348,False,False
mp-764990,Li4V3P8O29,88,13.38011003255694,Triclinic,-2.573736701374459,0.04780062083333192,0.9821,False,False
mp-765025,Li4V3P8O29,88,13.465825559441633,Triclinic,-2.574058867851732,0.04747845435605935,0.8325,False,False
mp-765052,Li4Co3Cu3(TeO8)2,28,10.15870553330708,Triclinic,-1.5034821720238096,0.028285354808670782,0.0,False,True
mp-765238,Li4V3OF11,19,11.100282339693875,Triclinic,-3.124997817017544,0.039391552368415184,2.1408,False,False
mp-765395,Li4V3P8O29,88,13.210321822627089,Triclinic,-2.5745917322835505,0.04694558992424103,0.8334,False,False
mp-765408,Li4V3P8O29,88,13.33858581580152,Triclinic,-2.5746089203517326,0.046928401856058954,0.8598,False,False
mp-765412,Li4V3P8O29,88,13.372104105816629,Triclinic,-2.5754174267153687,0.04611989549242246,0.4864,False,False
mp-765417,Li4V3P8O29,88,13.303397863635883,Triclinic,-2.571962415010823,0.049574907196968,0.4415,False,False
mp-765426,Li4V3P8O29,88,13.439875288208576,Triclinic,-2.578356888647187,0.04318043356060475,1.0314,False,False
mp-765428,Li4V3P8O29,88,13.35446137495648,Monoclinic,-2.5794694578517325,0.042067864356059026,0.8514,False,False
mp-765430,Li4V3P8O29,88,13.301933884849928,Monoclinic,-2.5722056738744596,0.04933164833333148,1.0967,False,False
mp-765479,Li4V3P8O29,88,13.395946925931197,Triclinic,-2.575974802397187,0.04556251981060466,0.6910999999999999,False,False
mp-765544,Li4V3OF11,19,11.035195624788912,Triclinic,-3.1154962559649126,0.04889311342104641,2.2344999999999997,False,False
mp-765567,Li4P5HO15,50,10.8036633009322,Triclinic,-2.5883147579119044,0.0028750516000011217,5.6948,False,False
mp-765573,Li4Zr3O8,30,11.366396812694694,Monoclinic,-3.1500202908888895,0.04487603699999987,3.6980999999999997,False,False
mp-765701,Li4V3FeO8,16,9.504818563914563,Trigonal,-2.331083505833334,0.03840588046874949,1.5136999999999996,False,False
mp-765712,Li4FeNi3O8,16,8.89940074483883,Triclinic,-1.6018981520833337,0.00782950921874992,0.0,False,True
mp-765741,Li4Mn2V3Sb3O16,28,11.815480345760111,Monoclinic,-2.2239528599712637,0.031044272142850993,0.0,False,True
mp-765840,Li4V3Co(PO4)4,28,10.72426127324636,Monoclinic,-2.566085392210884,0.047002768345234536,0.6162999999999998,False,False
mp-765979,Li4Si3(NiO5)2,38,10.80556209889881,Monoclinic,-2.5642689593859656,0.035389636315787065,3.5327999999999995,False,False
mp-765980,Li4CuSi2O7,28,10.445027913061429,Monoclinic,-2.556426115952381,0.04931166392856845,0.12529999999999974,False,False
mp-766022,Li4FeNi3(PO4)4,28,10.284686755106266,Monoclinic,-2.3904028554251715,0.003357258660713569,3.0109000000000004,False,False
mp-766037,Li4ScFe3(SiO3)8,80,10.967739546469497,Triclinic,-2.9005095858333334,0.009738886479160769,2.7685999999999997,False,False
mp-766043,Li4MnFe3(PO4)4,56,10.91134298964874,Monoclinic,-2.5162954421369923,0.0019837522321504153,3.7374,False,False
mp-766048,Li4V2SiGeO10,36,10.7271939407336,Orthorhombic,-2.5710133554629633,0.007237126475689415,2.2327,False,False
mp-766080,Li4Mn2Cr3Sb3O16,28,11.623036627894322,Monoclinic,-2.1675171056855507,0.04539629535714251,0.12300000000000022,False,False
mp-766091,Li4La5Ti6Nb2O26,43,12.119744151477219,Orthorhombic,-3.4264083555426357,0.04901829509689826,0.0,False,True
mp-766112,Li4MnV3(P2O7)4,88,12.740618927335227,Monoclinic,-2.6842254947365274,0.007900828863635745,0.0,False,True
mp-766130,Li4MnFe3(PO4)4,56,10.890341405524126,Orthorhombic,-2.5054273821369923,0.012851812232150372,3.8727,False,False
mp-766206,SrLi4La15(CoO8)4,56,13.187632785944684,Monoclinic,-3.186298736041667,0.025210059598217427,0.0,False,True
mp-766376,Li4Mn3Fe(PO4)4,56,11.071789408430865,Monoclinic,-2.592685168060638,0.00236038562499985,3.585,False,False
mp-766433,Sr3Li4Nb6O20,33,12.927693814914733,Triclinic,-3.0528349722222217,0.030523541818185507,1.1984,False,False
mp-766548,Li4Ti11O24,39,11.151087899448841,Triclinic,-3.3019949756410267,0.044183230576923194,2.5241,False,False
mp-766808,Li4Mn8O13F3,28,11.168769643458376,Triclinic,-2.232794978099343,0.04120197823659755,0.4683999999999999,False,False
mp-766892,Li4Ni5O9,36,8.364772705446189,Triclinic,-1.4513838318518526,0.015506800740744175,0.0,False,True
mp-767687,Li4Si2NiO7,28,10.347849787678284,Monoclinic,-2.6236758627380943,0.021389111071430378,3.4341999999999997,False,False
mp-767719,Li4Ti2Mn3Ni3O16,28,9.967293130115848,Monoclinic,-2.123967623349754,0.045535965703171755,0.014699999999999935,False,False
mp-1638622,Li5Fe3(SbO5)2,40,10.579743751911105,Triclinic,-1.930044100083333,0.04330284324999756,0.9805999999999999,False,False
mp-1638896,Li5Mn6O12,23,10.018108920884552,Triclinic,-2.110002701054474,0.027114572826088867,1.1652,False,False
mp-2045219,Li5BiO5,11,10.542314555994084,Monoclinic,-1.806516632916666,0.0020215862499970427,2.0486000000000004,False,False
mp-768452,Li5Bi2(BO3)4,46,11.60702496134534,Monoclinic,-2.399995397536233,0.041779421793469496,0.0,False,True
mp-768667,Li5Fe2P2(CO7)2,50,11.036691562567059,Monoclinic,-2.309636597438095,0.03485574234999689,1.2533,False,False
mp-768672,Li5Fe2P2(CO7)2,50,10.992858873468654,Triclinic,-2.3097458872380954,0.034746452549996754,1.2535999999999998,False,False
mp-768689,Li5Fe2P2(CO7)2,50,11.025745237124704,Monoclinic,-2.3046433280380945,0.03984901174999678,1.207,False,False
mp-768720,Li5Fe2P2(CO7)2,50,11.04953911068858,Triclinic,-2.3128904742380945,0.03160186554999722,1.5793,False,False
mp-768722,Li5Fe2P2(CO7)2,50,11.04837810836081,Triclinic,-2.3131019374380952,0.031390402349996016,1.4253,False,False
mp-768787,Li5Mn2P2(CO7)2,50,11.081853532686662,Monoclinic,-2.366489822872578,0.04858981892222314,0.0,False,True
mp-768852,Li5Mn2P2(CO7)2,50,11.019263481586536,Monoclinic,-2.3663148094725783,0.04876483232222295,0.0,False,True
mp-768854,Li5Mn2P2(CO7)2,50,11.050517708722515,Monoclinic,-2.367152082472578,0.04792755932222281,0.0,False,True
mp-768855,Li5Mn2P2(CO7)2,50,11.185640420490277,Monoclinic,-2.3690711628725785,0.04600847892222237,0.0,False,True
mp-768858,Li5Mn2P2(CO7)2,50,11.116402745080249,Triclinic,-2.370152281072578,0.04492736072222314,0.0,False,True
mp-768859,Li5Mn2P2(CO7)2,50,11.043701614259946,Monoclinic,-2.3669399296725784,0.048139712122222456,2.241704906661062,False,False
mp-768862,Li5Fe2P2(CO7)2,50,11.070843175885322,Triclinic,-2.311371356638095,0.03312098314999634,1.3763999999999998,False,False
mp-768935,Li5Mn2P2(CO7)2,50,11.09165471816422,Triclinic,-2.3692306374725787,0.045849004322222164,0.5976052400168999,False,False
mp-768960,Li5BO4,80,8.136868776107697,Orthorhombic,-2.3604402307083325,0.04684860387500045,5.4569,False,False
mp-768986,Li5BiO4,80,11.371602204070317,Tetragonal,-1.9500927260416667,0.04035011987499715,1.9010000000000002,False,False
mp-769040,Li5BiO4,80,11.263901490438872,Orthorhombic,-1.9436665051666666,0.04677634074999748,2.4425999999999997,False,False
mp-769300,Li5Mn2P2(CO7)2,50,11.128508476675563,Triclinic,-2.3711079572725784,0.04397168452222289,0.3433999999999997,False,False
mp-769553,Li5Co2Ni3O10,40,8.42679945975408,Monoclinic,-1.5711971668333333,0.03824794566666778,0.0,False,True
mp-769566,Li5Fe2Co3O10,40,8.513160702738947,Monoclinic,-1.8053604555833331,0.020010105999999972,3.264566955607506e-05,False,True
mp-769637,Li5Ti6FeO16,56,10.728099878736064,Monoclinic,-3.0683376697023803,0.0,2.6955,True,False
mp-769763,Li5Cu(HO2)2,48,9.256334230055218,Orthorhombic,-1.7239562051388884,0.03913628083333354,2.7186,False,False
mp-770138,Li5Fe2P2(CO7)2,50,11.098812107506715,Triclinic,-2.3108838202380952,0.033608519549996885,1.4098,False,False
mp-770469,Li5TaO5,22,10.745784087876826,Monoclinic,-2.625739340363637,0.02765102681818199,3.9015000000000004,False,False
mp-770493,Li5V2Fe5O12,24,9.578642206366004,Monoclinic,-2.0303982027777785,0.04608925197916314,1.0949000000000004,False,False
mp-770510,Li5MnO4,80,9.916271871912048,Orthorhombic,-2.0577498407097705,0.04315689324999994,0.6945000000000001,False,False
mp-770539,Li5Ti2Ni5O12,24,9.028045902999127,Monoclinic,-2.11622174888889,0.03044910263888312,0.08430000000000026,False,False
mp-770649,Li5NbO5,11,10.148260953193473,Monoclinic,-2.5421977483333325,0.008409855568181968,2.9243,False,False
mp-770679,Li5CrP2(O4F)2,54,10.552276443428688,Trigonal,-2.75681885755291,0.04383468916665034,3.1341000000000006,False,False
mp-770799,Li5NbO5,22,10.810584066171607,Monoclinic,-2.5336260710606058,0.016981532840908642,3.9186,False,False
mp-770834,Li5FeO4,40,10.17882722341759,Monoclinic,-1.996121979666666,0.04590376500000204,2.7818,False,False
mp-771140,Li5Mn5(SnO6)2,24,10.64188586585717,Monoclinic,-2.1095383623467434,0.0403066162500032,0.09750000000000014,False,False
mp-771191,Li5Co7O16,56,9.567744122627234,Monoclinic,-1.4771705302380949,0.0347047781513794,0.5879000000000001,False,False
mp-771232,Li5Mn2Ni5O12,24,8.766003493734638,Monoclinic,-1.719885903438697,0.02586411138889133,0.0,False,True
mp-771236,Li5Fe5(NiO6)2,24,9.317748401486355,Monoclinic,-1.7963271027777772,0.02746773697916627,1.6764999999999994,False,False
mp-771281,Li5V4(PO4)6,78,11.952971916947735,Monoclinic,-2.705903194859585,0.007917201362178439,0.9077,False,False
mp-771319,Li5Fe2Ni5O12,24,8.9758110143133,Monoclinic,-1.5837464548611113,0.016575660625001376,0.0,False,True
mp-771355,Li5Ti2Mn8O20,70,10.768917873943634,Monoclinic,-2.322254698622333,0.01844730614286494,0.0,False,True
mp-771876,Li5NiO4,80,9.53187052595623,Orthorhombic,-1.8255009819166665,0.010654286083332742,1.8688000000000002,False,False
mp-772084,Li5Cu6(P2O7)4,47,11.047657519453335,Triclinic,-2.2520281483789253,0.024552969893619547,0.0,False,True
mp-772237,NaLi5Fe2P2(CO7)2,52,10.789322509028146,Monoclinic,-2.3236120058589105,0.04110570307692196,4.0463,False,False
mp-772274,NaLi5Fe2P2(CO7)2,52,10.810328972776173,Monoclinic,-2.3235150704742953,0.041202638461537155,4.0342,False,False
mp-772293,NaLi5Fe2P2(CO7)2,52,10.873658579256498,Triclinic,-2.3240009391281413,0.04071676980769112,4.0042,False,False
mp-772418,NaLi5Mn2P2(CO7)2,52,11.082353983927591,Monoclinic,-2.401401006468991,0.04902887878206741,3.6196,False,False
mp-772522,Li5V5(FeO6)2,24,9.62129871326218,Monoclinic,-2.2755611127777784,0.04950965354166481,1.355,False,False
mp-772615,NaLi5Mn2P2(CO7)2,52,11.067638869452338,Monoclinic,-2.4007220010843757,0.0497078841666827,3.6214000000000004,False,False
mp-772636,NaLi5Fe2P2(CO7)2,52,10.864629625953988,Triclinic,-2.3242870070127575,0.04043070192307496,4.0232,False,False
mp-772652,NaLi5Mn2P2(CO7)2,52,11.130763044824043,Triclinic,-2.4035119522382216,0.04691793301283642,3.5994999999999995,False,False
mp-772727,NaLi5Mn2P2(CO7)2,52,11.11581557121077,Triclinic,-2.402264716661299,0.048165168589759944,3.5999000000000003,False,False
mp-772729,Li5V3P8O29,90,12.979810763631933,Triclinic,-2.6184891948624345,0.03388252681480619,0.9293000000000001,False,False
mp-772939,Li5Cu(PO4)2,32,10.326870361808341,Triclinic,-2.5210155353720243,0.03366039609375093,2.0388999999999995,False,False
mp-772998,Li5Ni5(SnO6)2,24,9.574666149457991,Monoclinic,-1.75303883111111,0.014998214513887831,0.12299999999999933,False,False
mp-773027,Li5V18O44,67,11.98776396060486,Monoclinic,-2.3676516720398015,0.046381271417907044,0.0,False,True
mp-773042,Li5V3P8O29,90,12.977262776537044,Triclinic,-2.6107545406402113,0.04161718103702938,0.0,False,True
mp-773083,Li5V3P8O29,90,13.072685559200798,Triclinic,-2.615154576751323,0.037217144925917545,0.7483,False,False
mp-773095,Li5V3P8O29,90,13.041561338065566,Triclinic,-2.618250944084656,0.034120777592584695,0.9723999999999999,False,False
mp-773108,Li5V3P8O29,90,12.927922973477608,Triclinic,-2.6171626723068795,0.03520904937036118,0.9977,False,False
mp-773232,Li5V3P8O29,90,12.912969951364794,Triclinic,-2.6169566433068785,0.035415078370362174,0.5131,False,False
mp-773422,Li5V3P8O29,90,13.009770591400184,Triclinic,-2.614350654084657,0.03802106759258361,0.7513,False,False
mp-773438,Li5Cu(PO4)2,32,10.301429639328742,Triclinic,-2.5230063325595236,0.03166959890625165,1.6448999999999998,False,False
mp-773479,Li5V3P8O29,90,12.880834228433812,Triclinic,-2.6152345879735455,0.037137133703695646,1.1453,False,False
mp-773480,Li5V3P8O29,90,12.89896931948916,Triclinic,-2.616992559862434,0.035379161814806714,0.5845999999999999,False,False
mp-773559,Li5V3P8O29,90,12.936765398685887,Triclinic,-2.6158308565291013,0.03654086514813937,0.3209000000000001,False,False
mp-773571,Li5V3P8O29,90,12.92752806378018,Triclinic,-2.618184261529101,0.034187460148140225,1.0087,False,False
mp-773580,Li5V3P8O29,90,12.957653129686669,Triclinic,-2.6177193428624346,0.03465237881480565,0.9096000000000001,False,False
mp-773801,NaLi5Fe2P2(CO7)2,52,10.883801942106349,Triclinic,-2.315368276051219,0.0493494328846138,3.4564028336477457,False,False
mp-774237,Li5Cr2Ni5O12,24,8.938893134988989,Monoclinic,-1.748726702361111,0.049607249270832376,0.0,False,True
mp-774245,Li5Mn5(NiO6)2,24,9.37923655150915,Monoclinic,-1.975029003180077,0.027876850208330417,0.5302000000000002,False,False
mp-774500,Li5NiO4,40,9.78961405508108,Orthorhombic,-1.8044793534166672,0.03167591458333252,1.6658,False,False
mp-774621,Li5MnO4,20,10.097501894689195,Orthorhombic,-2.05951151995977,0.041395214000001346,1.2669000000000001,False,False
mp-774656,Li5Ti6FeO16,28,10.74040549499259,Monoclinic,-3.0344564327380943,0.03388123696428558,2.1950000000000003,False,False
mp-774707,Li5Mn5(SeO3)8,84,14.151399208771899,Triclinic,-1.740780731906472,9.546416665973112e-05,0.7946,False,False
mp-774753,Li5GaO4,80,9.96629929793026,Orthorhombic,-2.182946323416666,0.033545322000000155,3.7251,False,False
mp-774794,Li5Sm3(SbO6)2,88,11.76969006780987,Triclinic,-2.752979859962122,0.025063011306813543,3.3766000000000003,False,False
mp-774871,Li5V6(CuO4)6,82,10.893297330412853,Monoclinic,-1.9111585549186991,0.048042442088417125,0.007299999999999862,False,False
mp-775172,Li5Sc2Fe3(SiO3)10,100,11.072006811218113,Monoclinic,-2.9876240383333332,0.009303844116661963,2.7932000000000006,False,False
mp-775382,Li5V3P8O29,90,12.895960272286528,Triclinic,-2.6179548031957673,0.034416918481473324,0.5988,False,False
mp-776558,Li5Mn6(BO3)6,35,10.699720710190315,Triclinic,-2.4720482276929405,0.03926559735714896,0.2924,False,False
mp-777338,Li5Ni2(PO4)3,88,10.526562902472007,Monoclinic,-2.457303110027056,0.04890068636363054,4.1002,False,False
mp-777373,Li5Fe8(BO3)8,45,10.753923989396435,Triclinic,-2.287911891333333,0.04777327714583812,1.3798,False,False
mp-777985,Li5Mn6(BO3)6,70,10.764842446218543,Monoclinic,-2.4687722501215115,0.042541574928577575,0.0,False,True
mp-777991,Li5Mn6(BO3)6,70,10.812569261852826,Monoclinic,-2.468956181121512,0.042357643928577104,0.0,False,True
mp-778500,Li5TiMn9O20,70,10.678132384872551,Triclinic,-2.1891385091822664,0.015265664571423976,0.0,False,True
mp-778743,Li5Cu(PO4)2,32,10.335116692433816,Monoclinic,-2.5215705428720234,0.03310538859375178,1.7069,False,False
mp-778877,Li5InO4,80,10.08426877363143,Orthorhombic,-2.0478256523333327,0.013673919499997744,2.4721,False,False
mp-779046,Li5Cu(PO4)2,32,10.335786560477802,Monoclinic,-2.520201857872024,0.03447407359375099,2.0374000000000003,False,False
mp-779337,Li5V6O5F19,35,13.028607337086829,Triclinic,-2.95529683104762,0.04747755758729433,1.1397,False,False
mp-779472,Li5Cu(PO4)2,32,10.299048768459485,Triclinic,-2.5222718406845237,0.032404090781251504,1.9918999999999998,False,False
mp-779755,Li5Mn7Fe3O20,70,10.662500653307148,Triclinic,-1.9899250856338264,0.010085790214264811,0.0,False,True
mp-780156,Li5Mn6(BO3)6,35,10.84494687064848,Triclinic,-2.481358991978654,0.02995483307143587,0.7233,False,False
mp-780192,Li5FeO4,40,10.243961308336512,Triclinic,-1.9949778201666668,0.04704792450000106,2.5873,False,False
mp-780199,Li5Mn6(BO3)6,35,10.831775961369376,Triclinic,-2.4765966099786545,0.03471721507143499,0.0717000000000001,False,False
mp-780259,Li5LaO4,80,11.645898924994354,Tetragonal,-2.465631713791667,0.04954895150000027,3.3999,False,False
mp-780308,Li5Mn6(BO3)6,35,10.867238204952994,Triclinic,-2.4824141274072256,0.028899697642865263,0.49540000000000006,False,False
mp-780392,Li5Cu(PO4)2,32,10.3213835260071,Triclinic,-2.523014057247024,0.03166187421875133,1.8461999999999996,False,False
mp-780419,Li5Mn6(BO3)6,35,10.860921132829294,Triclinic,-2.4734724582643692,0.037841366785720254,0.0,False,True
mp-780433,Li5Mn6(BO3)6,35,10.80119428881485,Triclinic,-2.4745600539786534,0.03675377107143696,0.0,False,True
mp-781617,Li5Mn6(BO3)6,35,10.877051501571367,Triclinic,-2.4778936628357964,0.033420162214293114,0.0,False,True
mp-781670,Li5Mn6(BO3)6,35,10.843275944222869,Triclinic,-2.4735869751215107,0.03772684992858011,0.0,False,True
mp-782643,Li5Mn6(BO3)6,35,10.868594803140523,Triclinic,-2.4804270528357977,0.030886772214293146,0.44179999999999997,False,False
mp-782654,Li5Mn6(BO3)6,35,10.819533561155016,Triclinic,-2.4757348979786538,0.03557892707143573,0.20520000000000005,False,False
mp-782820,Li5Mn6(BO3)6,70,10.734304544475968,Triclinic,-2.474779454978654,0.03653437007143623,0.41079999999999983,False,False
mp-831261,Li5Mn6(BO3)6,70,10.769979270888951,Monoclinic,-2.4693427185500827,0.04197110650000724,0.0,False,True
mp-831270,Li5Mn6(BO3)6,70,10.794554701375967,Monoclinic,-2.4695897726929403,0.04172405235715004,0.0,False,True
mp-849333,Li5Mn6(BO3)6,35,10.875766168184345,Triclinic,-2.473358104835797,0.03795572021429372,0.0,False,True
mp-849398,Li5Mn2(PO4)3,88,11.105161886233255,Monoclinic,-2.637814674043514,0.03917676806817649,3.9072999999999998,False,False
mp-849413,Li5Mn6(BO3)6,35,10.78328250174861,Monoclinic,-2.4699243808357974,0.04138944421429258,0.0,False,True
mp-849414,Li5Mn6(BO3)6,70,10.78027847488001,Monoclinic,-2.4704907141215116,0.04082311092857793,0.0,False,True
mp-849426,Li5V4(PO4)6,78,11.8402759658642,Monoclinic,-2.7092739280647127,0.004546468157051287,0.923,False,False
mp-849458,Li5Mn6(BO3)6,35,10.737501409068937,Triclinic,-2.471399908264368,0.039913916785721426,0.1871177329004161,False,False
mp-849492,Li5Fe4(P2O7)4,90,11.640435707277602,Triclinic,-2.4901904120846554,0.04866716837036211,1.6310000000000002,False,False
mp-849497,Li5Mn6(BO3)6,70,10.751419329806096,Triclinic,-2.475371370264369,0.03594245478572056,0.36170000000000013,False,False
mp-849498,Li5Mn6(BO3)6,70,10.795419934143565,Monoclinic,-2.46936863569294,0.041945189357150525,0.0,False,True
mp-849508,Li5Mn6(BO3)6,35,10.789090892595565,Monoclinic,-2.469050015692941,0.042263809357148574,0.0,False,True
mp-849548,Li5Mn6(BO3)6,70,10.796682747884145,Monoclinic,-2.4701822222643677,0.04113160278572181,0.0,False,True
mp-849567,Li5Mn6(BO3)6,70,10.798752812423793,Triclinic,-2.4741524195500832,0.03716140550000624,0.1251,False,False
mp-849568,Li5Mn6(BO3)6,70,10.748224929634402,Triclinic,-2.474011895550083,0.03730192950000699,0.33319999999999994,False,False
mp-849571,Li5Mn6(BO3)6,70,10.802226827599242,Monoclinic,-2.471204506264368,0.040109318785722436,0.0,False,True
mp-849580,Li5Mn6(BO3)6,70,10.758165897572846,Triclinic,-2.4750747896929397,0.03623903535715023,0.4080999999999999,False,False
mp-849585,Li5Mn6(BO3)6,70,10.760178015590604,Triclinic,-2.47273694869294,0.03857687635714946,0.14759999999999995,False,False
mp-849589,Li5Fe8(BO3)8,45,10.796040260669121,Triclinic,-2.2865111659999995,0.04917400247917225,1.5365000000000002,False,False
mp-849607,Li5Mn4(P2O7)4,90,11.726528160411261,Triclinic,-2.5482633929007483,0.04530670949998683,0.18199999999999994,False,False
mp-849613,Li5Mn6(BO3)6,70,10.745195464256897,Triclinic,-2.4746615241215117,0.036652300928578185,0.44679999999999986,False,False
mp-849625,Li5Mn6(BO3)6,70,10.801585768687463,Monoclinic,-2.469054660264369,0.04225916478572067,0.0,False,True
mp-849632,Li5Fe8(BO3)8,45,10.800306113399818,Triclinic,-2.287912426666667,0.047772741812504904,1.5931000000000002,False,False
mp-849726,Li5Mn4(P2O7)4,90,11.778652639240285,Triclinic,-2.5497795553451925,0.04379054705554264,0.00869999999999993,False,False
mp-849999,Li5V3P8O29,90,12.883420454256633,Monoclinic,-2.6160762689735453,0.03629545270369583,0.41380000000000006,False,False
mp-850001,Li5V3P8O29,90,12.9089973973684,Triclinic,-2.617468028417989,0.03490369325925169,0.9140999999999999,False,False
mp-850209,Li5Mn(Ni2O5)2,20,8.823673595217604,Triclinic,-1.658221118229885,0.016416010249999502,0.0,False,True
mp-850339,Li5CoOF5,48,11.06380971373905,Trigonal,-2.812136761388889,0.036831308124998685,1.0417999999999998,False,False
mp-850959,Li5Mn6(BO3)6,35,10.875913463077245,Triclinic,-2.4783555525500836,0.03295827250000549,0.1641999999999999,False,False
mp-851088,Li5V3P8O29,90,12.949874299215221,Monoclinic,-2.6142082165291014,0.038163505148139265,1.1888,False,False
mp-867727,Li5(BiO3)4,42,13.514960758090922,Triclinic,-1.686814682222222,0.022686547291666415,0.0,False,True
mp-886210,Li5Ni6(P2O7)4,47,10.83148843797714,Triclinic,-2.3513603539108408,0.037844027748225706,0.9115034342414408,False,False
mp-1019607,Cs2Li5(BO2)7,56,11.938255947346528,Orthorhombic,-2.710408573040845,0.003907451617076063,4.346699999999999,False,False
mp-1020018,Li5B(SO4)4,104,11.947513572931939,Monoclinic,-2.215199862339743,0.008201061346153615,6.108199999999999,False,False
mp-1020664,Rb2Li5(BO2)7,56,11.31331526659938,Orthorhombic,-2.710037167172619,0.007860332172612061,4.4284,False,False
mp-1101478,NaLi5Fe2P2(CO7)2,52,10.933998514139336,Monoclinic,-2.326326305666603,0.03839140326922941,3.657404606640882,False,False
mp-1101651,NaLi5Fe2P2(CO7)2,52,10.886504930341424,Triclinic,-2.3163938108589113,0.04832389807692117,1.0298559188104406e-05,False,True
mp-1101665,NaLi5Fe2P2(CO7)2,52,10.936709915641691,Triclinic,-2.32276422932045,0.04195347961538243,3.175802259690024,False,False
mp-1173973,Li5Mn2CoO8,16,8.738056235766617,Monoclinic,-2.0246875864080467,0.046811903750000994,1.0715999999999997,False,False
mp-1173979,Li5Mn2CoO8,16,8.722553221073282,Monoclinic,-2.0245887826580464,0.04691070750000126,1.1484999999999999,False,False
mp-1173996,Li5Co3O8,16,8.672337662718242,Monoclinic,-1.729252572916666,0.03994961062500124,0.0,False,True
mp-1174000,Li5Mn(CoO4)2,16,8.69723084513118,Monoclinic,-1.8829622709123566,0.037388565937500395,0.8935,False,False
mp-1174003,Li5Co3O8,16,8.676106802533008,Monoclinic,-1.727934627291666,0.041267556250001114,0.0,False,True
mp-1174009,Li5Mn2CoO8,16,8.676559299107199,Triclinic,-2.026166773908046,0.04533271625000168,0.9091,False,False
mp-1174011,Li5Mn(CoO4)2,16,8.818622721159915,Monoclinic,-1.876814972787356,0.043535864062500984,0.6816,False,False
mp-1174049,Li5Mn2CoO8,32,8.742688167986644,Monoclinic,-2.023333717658047,0.04816577250000087,0.7913000000000001,False,False
mp-1174134,Li5Mn2CoO8,16,8.759121143296564,Monoclinic,-2.0230363464080465,0.04846314375000116,0.9723999999999999,False,False
mp-1174153,Li5Co3O8,16,8.635495469181734,Triclinic,-1.7270229097916658,0.0421792737500013,0.2711000000000001,False,False
mp-1174329,Li5Mn2CoO8,16,8.838655038141422,Monoclinic,-2.0318578489080465,0.039641641250001136,1.3357,False,False
mp-1174375,Li5Mn2CoO8,16,8.748696543393045,Triclinic,-2.0309270551580463,0.040572435000001406,1.5785999999999998,False,False
mp-1174382,Li5Mn2CoO8,32,8.769925343120159,Triclinic,-2.0292941360955465,0.042205354062501144,0.972,False,False
mp-1174383,Li5Mn2CoO8,16,8.723398972893976,Triclinic,-2.026775090158046,0.04472440000000155,1.4664000000000001,False,False
mp-1174385,Li5Mn2CoO8,32,8.813849523796597,Monoclinic,-2.032553867658047,0.03894562250000089,1.2736,False,False
mp-1174498,Li5Mn3O8,16,8.912679401229441,Monoclinic,-2.1384450662787353,0.03660697218748954,0.6991,False,False
mp-1174519,Li5Mn3O8,16,8.87543614513808,Monoclinic,-2.1386994962787353,0.03635254218748951,0.0045999999999999375,False,False
mp-1174554,Li5Mn3O8,32,8.917975625673286,Monoclinic,-2.136651022528736,0.038401015937489014,0.9511999999999996,False,False
mp-1174646,Li5Mn3O8,16,8.9280174836785,Monoclinic,-2.1367302800287353,0.03832175843748953,0.0,False,True
mp-1174737,Li5Mn3O8,16,8.913546518469005,Triclinic,-2.143313032528736,0.031739005937488685,0.006200000000000205,False,False
mp-1174741,Li5Mn3O8,16,8.903044382475096,Triclinic,-2.1447871425287355,0.030264895937489378,0.7907000000000002,False,False
mp-1177029,Li5V6O5F19,35,12.905332141801184,Triclinic,-2.9585101264761917,0.04426426215872237,0.4375,False,False
mp-1177030,Li5V6O5F19,35,12.885469681953802,Triclinic,-2.959894939619048,0.04287944901586549,0.3494,False,False
mp-1177046,Li5V3P8O29,90,12.943264359132591,Triclinic,-2.6177340778624343,0.03463764381480683,1.1555,False,False
mp-1177051,Li5V3P8O29,90,12.955554100615382,Triclinic,-2.615462528529101,0.036909193148139785,1.1636,False,False
mp-1177053,Li5V3P8O29,90,13.123064099971607,Triclinic,-2.6168907508624346,0.035480970814806057,0.928,False,False
mp-1177055,Li5V3P8O29,90,13.048233153387137,Triclinic,-2.614144519862434,0.038227201814806655,0.848,False,False
mp-1177056,Li5V3P8O29,90,13.014933737544222,Triclinic,-2.616119027862435,0.03625269381480578,0.9708,False,False
mp-1177058,Li5V3P8O29,90,13.088475553101146,Triclinic,-2.6192415295291016,0.03313019214813906,0.8553000000000001,False,False
mp-1177059,Li5V3P8O29,90,12.953804839972493,Monoclinic,-2.61751504241799,0.03485667925925018,1.1562,False,False
mp-1177062,Li5V3P8O29,90,12.964764407024193,Triclinic,-2.6146476697513226,0.03772405192591766,0.9511999999999999,False,False
mp-1177064,Li5V3P8O29,90,12.990557820388265,Triclinic,-2.620050697084656,0.03232102459258446,1.3175000000000001,False,False
mp-1177065,Li5V3P8O29,90,13.105168914918497,Triclinic,-2.61752351641799,0.0348482052592507,1.0039,False,False
mp-1177067,Li5V3P8O29,90,13.159376956488005,Triclinic,-2.617089842306879,0.03528187937036176,1.1198,False,False
mp-1177073,Li5V3P8O29,90,13.151263671758306,Triclinic,-2.617270518084656,0.03510120359258462,1.1219000000000001,False,False
mp-1177077,Li5V3P8O29,90,13.080146321582532,Triclinic,-2.61450029041799,0.03787143125925052,0.9783999999999999,False,False
mp-1177079,Li5Ta12O32,98,12.10915642242135,Orthorhombic,-3.1912250588707485,0.028819263174147736,0.0,False,True
mp-1177080,Li5V3P8O29,90,13.037681386112672,Triclinic,-2.6175247473068786,0.034846974370362105,0.9453999999999999,False,False
mp-1177086,Li5V3P8O29,90,12.966746893567572,Triclinic,-2.618428566417989,0.03394315525925151,1.1703000000000001,False,False
mp-1177088,Li5V3P8O29,90,13.10600459505911,Triclinic,-2.617887437640212,0.03448428403702852,1.057,False,False
mp-1177091,Li5V3P8O29,90,13.050963456667072,Triclinic,-2.6165021595291003,0.03586956214814041,0.9159,False,False
mp-1177092,Li5V3P8O29,90,13.03443349788442,Triclinic,-2.6175967924179906,0.03477492925925052,1.0516,False,False
mp-1177093,Li5V3P8O29,90,13.07083095220817,Triclinic,-2.6193581178624346,0.03301360381480656,0.6322,False,False
mp-1177108,Li5Fe4(Si3O10)2,35,12.397680794234144,Triclinic,-2.627666443904762,0.048365587523819364,1.4691999999999998,False,False
mp-1177116,Li5FeO4F,44,10.233573370552831,Monoclinic,-2.11687428969697,0.04885004545454308,0.9018,False,False
mp-1177123,Li5Ti2Fe3O10,20,9.576407891696643,Triclinic,-2.454141510166667,0.020322358874999225,1.7744000000000004,False,False
mp-1177126,Li5V3P8O29,90,12.956013061449923,Monoclinic,-2.6172423739735455,0.03512934770369469,1.2208999999999999,False,False
mp-1177128,Li5Mn4(P2O7)4,90,11.687138965505484,Triclinic,-2.546878634456304,0.0466914679444308,0.24970000000000003,False,False
mp-1177130,Li5V3P8O29,90,12.9691398694529,Monoclinic,-2.614264496195768,0.03810722548147272,0.3427,False,False
mp-1177139,Li5Fe2P5O18,60,10.665162085695133,Triclinic,-2.5507500138293646,0.03566717966666744,2.1125,False,False
mp-1177146,Li5Bi(P2O7)2,48,11.707001921522894,Triclinic,-2.6059716793849206,0.046740169965284295,4.182522139743882,False,False
mp-1177149,Li5Mn4(P2O7)4,90,11.760393556117542,Triclinic,-2.55627449801186,0.03729560438887525,0.2669999999999999,False,False
mp-1177151,Li5Fe2P2(CO7)2,50,10.976565415259081,Triclinic,-2.314682503038095,0.0298098367499966,1.6246999999999998,False,False
mp-1177155,Li5Fe2P2(CO7)2,50,11.033363198293452,Monoclinic,-2.304818400038095,0.039673939749996556,1.295116775408218,False,False
mp-1177157,Li5Mn4(P2O7)4,90,11.746521221235051,Triclinic,-2.551562487234082,0.042007615166652634,0.01760000000000006,False,False
mp-1177165,Li5V3P8O29,90,13.007981060002612,Triclinic,-2.6179980790846566,0.03437364259258402,1.0487,False,False
mp-1177169,Li5V3P8O29,90,13.0650699865096,Triclinic,-2.615392019973545,0.03697970170369569,1.1117000000000001,False,False
mp-1177170,Li5V3P8O29,90,13.117689287498319,Triclinic,-2.615986192306878,0.03638552937036277,1.0213,False,False
mp-1177173,Li5Mn4(P2O7)4,90,11.7911452521318,Triclinic,-2.5514847535674146,0.0420853488333206,0.19090000000000007,False,False
mp-1177175,Li5Fe2P2(CO7)2,50,11.09490756733549,Triclinic,-2.3073451208380953,0.03714721894999595,1.2674026856152736,False,False
mp-1177180,Li5V3P8O29,90,12.988532510073016,Triclinic,-2.618202082862434,0.034169638814806724,1.0168,False,False
mp-1177181,Li5V3P8O29,90,13.021047919917795,Triclinic,-2.6159080188624335,0.03646370281480671,1.1934,False,False
mp-1177186,Li5V3P8O29,90,12.953833124488238,Triclinic,-2.609189936195768,0.043181785481473334,0.0,False,True
mp-1177217,Li5V3P8O29,90,13.084840487209453,Triclinic,-2.620304272973545,0.032067448703696044,1.2186,False,False
mp-1177238,Li5V3P8O29,90,13.00037961362865,Triclinic,-2.62035637241799,0.032015349259250314,0.9305000000000001,False,False
mp-1177248,Li5V3P8O29,90,13.041857750907216,Triclinic,-2.6145253858624344,0.03784633581480623,1.0207,False,False
mp-1177250,Li5V3P8O29,90,12.99782371332928,Triclinic,-2.6117477368624344,0.04062398481480667,0.6288000000000001,False,False
mp-1177392,Li5Mn4(P2O7)4,90,11.821680467885455,Triclinic,-2.5551691739007487,0.03840092849998644,0.4683999999999999,False,False
mp-1177416,Li5Mn4(P2O7)4,90,11.704626420889147,Triclinic,-2.5485930660118594,0.04497703638887529,0.17849999999999988,False,False
mp-1195536,CsLi5Mn(P2O7)2,100,13.164909129817472,Orthorhombic,-2.7004721526129716,0.0,4.2638,True,False
mp-1197163,Li5Ca9B7O21F2,44,11.954590864086866,Triclinic,-3.1699865776325753,0.002138624220785701,4.2013,False,False
mp-1211132,Li5OsO6,12,8.487270636841524,Monoclinic,-2.048656912222223,0.0,0.0,True,True
mp-1211142,Li5IO6,36,8.7875470512046,Trigonal,-1.8997626893055586,0.0,3.6729000000000003,True,False
mp-1211187,Li5OsO6,36,8.464671772964207,Trigonal,-2.046836045000001,0.0018208672222232991,0.0,False,True
mp-1222442,Li5AuO4,10,10.079883746362299,Monoclinic,-1.8052916706666706,0.00016608600000456164,2.5092999999999996,False,False
mp-1222486,Li5Al(SiO4)2,16,10.571267178826067,Monoclinic,-2.9251014347916664,0.015179103437501063,4.5604,False,False
mp-1222520,Li5Mn2CrO8,32,8.819174532809157,Monoclinic,-2.1892817214080464,0.047958289375000795,0.8614999999999999,False,False
mp-1222526,Li5Mn2NiO8,32,8.667384259594073,Monoclinic,-1.979486413595546,0.03009595864583403,0.8813999999999997,False,False
mp-1222561,Li5Ga(GeO4)2,32,11.26059677916516,Monoclinic,-2.3229359718229166,0.017781788749999805,3.0043,False,False
mp-1222580,Li5Cr3(PO4)4,28,11.124747802310116,Triclinic,-2.63333872197279,0.0024058910156155022,2.1681999999999997,False,False
mp-1222667,Li5Mn2Co(NiO5)2,20,8.998073026033355,Triclinic,-1.863169863126437,0.03764678900000451,1.0403000000000002,False,False
mp-1222691,Li5Fe2(IrO5)2,19,10.082301226761222,Monoclinic,-1.7298388029824565,0.01905748465789081,0.0,False,True
mp-1222696,Li5Mn5(SeO3)8,42,14.240455928336617,Triclinic,-1.7408761960731387,0.0,0.8681999999999999,True,False
mp-1223507,Li5CrFe4(P2O7)5,110,12.08622979036663,Triclinic,-2.550389814965368,0.005086535545453685,2.4695,False,False
mp-1275686,Li5Fe3(SbO5)2,40,10.550814509159022,Triclinic,-1.9292019605833333,0.04414498274999801,1.0323000000000002,False,False
mp-1277600,Li5Mn3O8,32,8.92167576888352,Monoclinic,-2.1489400778412353,0.02611196062498955,0.8373999999999997,False,False
mp-1284734,Li5Mn3O8,32,8.9366149895702,Triclinic,-2.150084919403736,0.02496711906248894,1.1759,False,False
mp-1289239,Li5Ti2V3O10,40,9.467877099720791,Triclinic,-2.6995859861666673,0.018507981875001356,0.5090000000000003,False,False
mp-1290794,Li5Mn3O8,32,8.920812269443028,Triclinic,-2.149960044716236,0.025091993749988717,0.7119,False,False
mp-1297800,Li5Mn3O8,32,8.957843261198997,Monoclinic,-2.1398956215912355,0.03515641687498938,0.9864000000000002,False,False
mp-1302313,Li5Mn2Fe3O10,40,9.44945022979814,Triclinic,-1.9879394438764364,0.04297059037499995,1.1454999999999997,False,False
mp-1303877,Li5Mn2Fe3O10,40,9.408146854388727,Triclinic,-1.9884734163764364,0.042436617875000415,0.8765999999999998,False,False
mp-1304518,Li5Mn2Fe3O10,40,9.447831666872196,Triclinic,-1.9909220458764367,0.03998798837499962,1.0133999999999999,False,False
mp-1304822,Li5Fe3(SbO5)2,40,10.642345615614039,Triclinic,-1.9238069230833332,0.049540020249997596,0.6353999999999997,False,False
mp-1305527,Li5Ti2V3O10,40,9.473996373302855,Triclinic,-2.7032959906666676,0.014797977375001103,0.9222000000000001,False,False
mp-1306566,Li5Fe3(SbO5)2,40,10.60825340389335,Triclinic,-1.9295813045833328,0.04376563874999828,1.0031000000000008,False,False
mp-1311067,Li5Ti2Mn3O10,40,9.775672032998695,Triclinic,-2.5980000256063223,0.02966056250000637,1.3729,False,False
mp-1312304,Li5Ni3(SnO5)2,40,9.77785048544531,Triclinic,-1.8674970230833332,0.010530371666664706,0.6194999999999999,False,False
mp-1314325,Li5Mn3O8,32,8.912948802101923,Monoclinic,-2.135690524403736,0.039361514062489,0.6535000000000002,False,False
mp-1315117,Li5Mn3O8,32,8.952045241064845,Triclinic,-2.1493213803412354,0.025730658124989425,0.7989999999999999,False,False
mp-1316353,Li5Mn3O8,32,8.88980597735177,Triclinic,-2.1318522375287356,0.04319980093748921,0.44650000000000034,False,False
mp-1318211,Li5Fe3(SbO5)2,40,10.614925795688432,Triclinic,-1.9274849388333337,0.04586200449999733,0.8139000000000003,False,False
mp-1320203,Li5Co2Ni3O10,40,8.646915582747287,Triclinic,-1.591000228583333,0.01844488391666843,0.48829999999999973,False,False
mp-4657,Li5GaO4,80,9.355679607603202,Orthorhombic,-2.216491645416666,0.0,3.763,True,False
mp-5061,Li5ReO6,12,8.511149315805834,Monoclinic,-2.308089079930556,0.0,2.1582999999999997,True,False
mp-7535,Li5AlO4,20,9.086810768537818,Orthorhombic,-2.492909137666666,0.0032938423749993007,4.795,False,False
mp-15960,Li5AlO4,80,9.036378278276958,Orthorhombic,-2.496202980041666,0.0,4.662000000000001,True,False
mp-19511,Li5FeO4,80,9.3998574800117,Orthorhombic,-2.0420257446666676,0.0,3.0546,True,False
mp-26247,Li5Cu(PO4)2,32,10.327811298499723,Triclinic,-2.522494556309524,0.03218137515625141,1.7933,False,False
mp-26311,Li5Cu(PO4)2,32,10.540094246108957,Monoclinic,-2.5197668206845236,0.034909110781251584,1.9666000000000001,False,False
mp-26377,Li5Bi2P5O18,60,12.015932115672348,Triclinic,-2.581246554996032,0.023778060305559734,3.9139999999999997,False,False
mp-26585,Li5Sb2P5O18,60,11.946787627110519,Triclinic,-2.554948122329365,0.026385133972228303,3.5081,False,False
mp-26595,Li5V2P5O18,60,10.787117338532997,Triclinic,-2.707321444662698,0.020359484777787706,1.9323000000000001,False,False
mp-26683,Li5Cr2P5O18,60,10.616399312337146,Triclinic,-2.6621721131626987,0.03442113266666702,0.0,False,True
mp-27483,Li5TlO4,80,10.204623768656043,Tetragonal,-1.8645345721249995,0.0,1.6600000000000001,True,False
mp-29364,Li5SbO5,11,9.606452507474858,Monoclinic,-2.198206253787879,0.0,2.914,True,False
mp-29365,Li5BiO5,11,11.07082094035459,Monoclinic,-1.9488605756060615,0.0,1.3597000000000001,True,False
mp-530177,Li5Mn7O16,56,9.464732735457046,Orthorhombic,-2.0672671941851397,0.0,0.7793000000000001,True,False
mp-531722,Li5Nb6O18,58,11.625626709074405,Triclinic,-2.828623132126438,0.03768691568965288,0.0,False,True
mp-540023,Li5Mn9(P2O7)8,86,13.10340947038474,Triclinic,-2.5134840010736244,0.019926350203481213,0.48629999999999995,False,False
mp-554540,Li5ReO6,36,8.503766448068237,Trigonal,-2.308085875486111,3.204444445792376e-06,2.2088,False,False
mp-554656,Li5VP2(O4F)2,72,10.318008066446907,Monoclinic,-2.830326954775133,0.0061142279166661595,2.4559,False,False
mp-555082,CsLi5(BO3)2,28,12.20679563043019,Monoclinic,-2.4985218996182263,0.0,3.4975,True,False
mp-558455,Na4Li5(BO3)3,42,10.463676796366144,Monoclinic,-2.4331572026039963,0.0,3.8255,True,False
mp-585269,Li5Mo2P5O18,60,11.17575068442922,Triclinic,-2.6076288939960324,0.02063571483333604,0.0,False,True
mp-683616,Li5Ti7In(PO4)12,73,12.5720841957708,Triclinic,-2.950378404005219,0.008645864486304333,2.4695,False,False
mp-685809,Li5Ti12O24,123,11.115070270723399,Trigonal,-3.2677839904065054,0.01674519097561067,0.0,False,True
mp-690572,Li5(NiO2)6,23,8.61246283676139,Triclinic,-1.3957104128985507,0.016577096177536887,0.21390000000000065,False,False
mp-705961,Li5Mn12O24,123,10.901063687634045,Monoclinic,-2.010304827687134,0.02604306608739204,0.0,False,True
mp-720533,NaLi5Ti3Cr3(PO4)9,114,12.169126097296267,Triclinic,-2.8099606016637138,0.026707260789490483,2.191,False,False
mp-752479,Li5Mn3Cr2O10,20,9.399867845558516,Triclinic,-2.223453044522988,0.03591767524999856,0.9105000000000003,False,False
mp-752704,Li5V(SiO4)2,16,11.00465683282941,Monoclinic,-2.740710475416666,0.04490597468750135,0.21829999999999972,False,False
mp-752782,Li5Ti2Mn3O10,40,9.778651409512419,Triclinic,-2.595415787356322,0.03224480075000713,1.4794999999999998,False,False
mp-752884,Li5CoOF5,24,8.301507140041249,Tetragonal,-2.814739888888889,0.034228180624999105,0.06909999999999972,False,False
mp-753204,Li5Si2NiO8,16,10.66403203107692,Monoclinic,-2.4918656960416676,0.04480331833333384,1.1171000000000002,False,False
mp-753377,Li5NiOF5,24,8.728042048398715,Tetragonal,-2.8085573872222223,0.0314530412500007,1.8952,False,False
mp-753710,Li5Fe(SiO4)2,16,10.83203522581973,Monoclinic,-2.634153863541667,0.014251512968750824,2.4664,False,False
mp-753750,Li5Mn5(FeO6)2,24,9.702150716779252,Monoclinic,-2.0247316831800775,0.04227717583333401,0.6700999999999997,False,False
mp-753783,Li5InO4,20,11.112532986860199,Orthorhombic,-2.0132016693333328,0.0482979024999981,2.6407000000000003,False,False
mp-753971,Li5Fe(Ni2O5)2,20,8.772589363536046,Trigonal,-1.5751473433333332,0.012233045541666598,0.0,False,True
mp-754280,Li5CoO4,20,9.343254046538776,Orthorhombic,-1.9182284851666658,0.0169941714999986,1.5084,False,False
mp-754301,Li5Ti2V5O12,24,9.60159345720173,Monoclinic,-2.5777702922222225,0.04577894583333464,0.17720000000000002,False,False
mp-754449,Li5Cu2Ni5O12,24,8.994307761280107,Monoclinic,-1.4223973561111112,0.013139647083331596,0.2508999999999997,False,False
mp-754486,Li5Mn2P2(CO7)2,25,11.249110240703976,Monoclinic,-2.3682069956725775,0.04687264612222375,0.0,False,True
mp-754554,Li5Fe2P2(CO7)2,25,11.023454062857434,Monoclinic,-2.3000308062380945,0.044461533549997156,1.4239,False,False
mp-754679,Li5V2Fe3O10,20,9.391995153110713,Triclinic,-2.146443483833333,0.049037584375000165,1.0231999999999997,False,False
mp-754927,Li5Mn2Ni3O10,20,8.88384610655972,Triclinic,-1.8363745146264379,0.01490844316666795,0.18159999999999998,False,False
mp-755013,Li5TaO5,11,9.633399843930642,Monoclinic,-2.653390367181819,0.0,3.7142999999999997,True,False
mp-755014,Li5Ti2Ni3O10,20,9.054770407050654,Triclinic,-2.3177042191666657,0.014683742666664834,0.5196000000000001,False,False
mp-755033,Li5Mn2P2(CO7)2,25,11.18227613128196,Triclinic,-2.3784830180725782,0.03659662372222261,0.0,False,True
mp-755090,Li5Cr2Fe5O12,24,9.164696843927468,Monoclinic,-1.9769438648611117,0.04558369017360153,0.9676,False,False
mp-755112,Li5Mn3(PO4)4,28,10.816221046544827,Monoclinic,-2.614610766036829,0.012393553571429905,0.0,False,True
mp-755243,Li5CuSO2,9,12.852903667427576,Tetragonal,-1.6485596715740745,0.045453221840276115,2.3831999999999995,False,False
mp-755306,Li5Ni3(SnO5)2,40,9.801162219373818,Triclinic,-1.866013931083333,0.01201346366666467,0.05679999999999996,False,False
mp-755397,Li5Mn3(SnO5)2,40,10.49900654759016,Triclinic,-2.145626573272989,0.027673447750003355,0.9559000000000002,False,False
mp-755409,Li5Mn2Cu3O10,40,9.22114114980344,Triclinic,-1.7400155553764372,0.046727353249996106,0.0,False,True
mp-755514,Li5Mn2Fe3O10,40,9.520271741099492,Triclinic,-2.0040605446264363,0.026849489624999556,0.18659999999999988,False,False
mp-755607,Li5Co2Ni3O10,40,8.672396238913947,Triclinic,-1.598409200333333,0.011035912166668105,0.2908000000000004,False,False
mp-755786,Li5Fe3(NiO5)2,20,8.713757347228325,Triclinic,-1.7211697853333334,0.0449887829583302,0.22719999999999985,False,False
mp-755821,Li5Cu(PO4)2,16,10.260062313587282,Monoclinic,-2.525703097247024,0.02897283421875141,1.8895,False,False
mp-755824,Li5Fe2Ni3O10,20,8.95161975047247,Triclinic,-1.6593324958333326,0.01743698275000316,0.0,False,True
mp-756021,Li5Cu2Ni3O10,20,8.861424102421797,Triclinic,-1.4477797048333323,0.031247639000000937,0.0,False,True
mp-756143,Li5Mn6O12,23,10.003973572252981,Triclinic,-2.0947462367066483,0.04237103717391477,0.0,False,True
mp-756326,Li5Fe2P2(CO7)2,50,11.033165338914255,Triclinic,-2.309688033238095,0.03480430654999722,1.1784,False,False
mp-756553,Li5Cu3(SbO5)2,20,10.213896323613229,Triclinic,-1.7837684923333335,0.04613319243750169,0.021600000000000286,False,False
mp-756645,Li5Ti3O8,16,9.204469352435405,Trigonal,-2.9588574310416664,0.02244760843749738,0.0,False,True
mp-756675,Li5Fe3(SnO5)2,20,10.195522887504957,Triclinic,-2.0008397983333333,0.019263503624999956,1.4391000000000007,False,False
mp-756740,Li5Fe2P2(CO7)2,25,11.067311870942108,Triclinic,-2.314108381838095,0.030383957949996265,1.3572,False,False
mp-756825,Li5Ti2Fe5O12,24,9.685041545241209,Monoclinic,-2.2802448976388887,0.028728224479163345,1.5239999999999996,False,False
mp-756826,Li5V3Cr2O10,40,9.404973879285956,Triclinic,-2.423343454333333,0.03637391224999753,1.7064,False,False
mp-756855,Li5Cr2Ni3O10,20,8.876170965425379,Triclinic,-1.8694645988333327,0.04491908312499859,0.0,False,True
mp-756856,Li5Fe7O12,24,9.461639343301263,Monoclinic,-1.8427738211111115,0.02492669989583085,1.221,False,False
mp-756931,Li5Ni7O12,24,8.330469804002144,Monoclinic,-1.4361923123611124,0.015147986944443304,0.0,False,True
mp-757035,Li5FeP3O11,40,10.90802944342766,Triclinic,-2.601704117029761,0.04954918024999522,4.1409,False,False
mp-757148,Li5Fe5(CuO6)2,24,9.583033194964017,Monoclinic,-1.727992281111111,0.049920832395828896,0.2864,False,False
mp-757242,Li5AuO4,20,10.059867645820992,Orthorhombic,-1.8054577566666707,0.0,2.5807,True,False
mp-757564,Li5Mn3(FeO5)2,20,9.518446072772313,Triclinic,-2.046290401022989,0.027606276499993143,1.0806,False,False
mp-757792,Li5Fe8(BO3)8,45,10.854231343131975,Triclinic,-2.287719706666666,0.04796546181250516,1.3013000000000001,False,False
mp-758044,Li5Ti8O16,29,9.944056551993722,Triclinic,-3.151682846666666,0.02091280224137826,0.0,False,True
mp-758105,Li5Fe11O16,32,9.531138512952767,Monoclinic,-1.7214579058333337,0.04969733179687541,0.5926,False,False
mp-758384,Li5VO4F,22,10.39014768882597,Monoclinic,-2.4551945010606064,0.04590801886363671,1.1479,False,False
mp-758589,Li5V3P8O29,90,12.90197356728211,Triclinic,-2.615638910084656,0.036732811592584014,0.8131999999999999,False,False
mp-758751,Li5(NiO2)8,58,9.408971664456418,Triclinic,-1.2596196179885055,0.03445576682471252,0.0,False,True
mp-758807,Li5MnP2(O4F)2,54,10.519729490639335,Trigonal,-2.701452671512041,0.04125132842591661,1.6278000000000001,False,False
mp-758864,Li5V3P8O29,90,12.896394395429502,Monoclinic,-2.618740038973545,0.033631682703695986,1.1831999999999998,False,False
mp-759175,Li5V3P8O29,90,12.908101841693027,Triclinic,-2.6149312919735452,0.03744042970369588,0.7532999999999999,False,False
mp-759272,Li5Cr3NiO8,68,8.97984739371745,Cubic,-2.157448774215687,0.049870436470588864,3.0171,False,False
mp-759298,Li5V3P8O29,90,12.997581594157133,Monoclinic,-2.6170184134179895,0.03535330825925165,1.1766,False,False
mp-759335,Li5V3P8O29,90,13.049762904536363,Triclinic,-2.618861299973545,0.03351042170369567,1.1308,False,False
mp-759548,Li5V3P8O29,90,12.972450318620293,Triclinic,-2.618107186751323,0.03426453492591808,0.9103,False,False
mp-759609,Li5VO4F,11,9.565685491367013,Monoclinic,-2.4555859956060604,0.04551652431818276,1.48,False,False
mp-759626,Li5V3P8O29,90,12.986678007628633,Triclinic,-2.616192763973545,0.0361789577036955,0.7699999999999999,False,False
mp-759762,Li5V3P8O29,90,12.899012408108767,Triclinic,-2.615292840751323,0.03707888092591727,0.614,False,False
mp-759789,Li5V3P8O29,90,12.872232754759201,Monoclinic,-2.6163718235291014,0.03599989814813931,1.2480000000000002,False,False
mp-759834,Li5V3P8O29,90,13.059189972801521,Triclinic,-2.6170146266402114,0.03535709503702922,1.2467000000000001,False,False
mp-759905,Li5V3P8O29,90,12.987124355496535,Triclinic,-2.618297021973545,0.034074699703696254,0.8421,False,False
mp-759944,Li5V3P8O29,90,12.794383864891838,Triclinic,-2.610785238195767,0.0415864834814732,0.01650000000000007,False,False
mp-759994,Li5V3P8O29,90,13.166739613051703,Monoclinic,-2.6198897139735453,0.03248200770369536,1.3305,False,False
mp-759995,Li5V3P8O29,90,12.972334843227213,Triclinic,-2.620064590529101,0.03230713114813977,0.9863,False,False
mp-760071,Li5V3P8O29,90,12.902794877705938,Triclinic,-2.6169292366402113,0.03544248503702896,0.9505999999999999,False,False
mp-760076,Li5V3P8O29,90,13.084296440717164,Triclinic,-2.6149961110846567,0.03737561059258354,0.6908000000000001,False,False
mp-760147,Li5CoO4,80,9.734509982328257,Orthorhombic,-1.9207974721666665,0.014425184499997634,1.6006000000000002,False,False
mp-760183,Li5V3P8O29,90,12.841679815014997,Triclinic,-2.614226227084657,0.03814549459258387,1.121,False,False
mp-760197,Li5V2OF11,38,11.269087675424723,Triclinic,-3.05319460745614,0.04960800710526847,1.479,False,False
mp-760268,Li5Fe8(BO3)8,45,10.723771103116176,Triclinic,-2.2868701393333337,0.04881502914583802,1.4195,False,False
mp-760590,Li5(CuO2)3,14,10.246941374424123,Triclinic,-1.6052986583333337,0.01895859758928431,0.0,False,True
mp-760779,Li5V3P8O29,90,12.836343342818951,Monoclinic,-2.614552013306879,0.037819708370361305,1.2528000000000001,False,False
mp-760954,Li5Ti2V3O10,40,9.415381021117891,Triclinic,-2.703298924166667,0.014795043875001745,0.29849999999999977,False,False
mp-761103,Li5VO4F,22,10.420925493984418,Monoclinic,-2.453494222878788,0.04760829704545522,1.9100000000000001,False,False
mp-761142,Li5Ti2Co3O10,20,9.079019859995281,Triclinic,-2.354767733666667,0.037903091750005835,0.8963999999999999,False,False
mp-761198,Li5Fe8(BO3)8,45,10.754027074355024,Triclinic,-2.2911569608888884,0.04452820759028242,1.4214000000000002,False,False
mp-761227,Li5Fe8(BO3)8,45,10.781577371378985,Triclinic,-2.287252381555555,0.04843278692361608,1.3468999999999998,False,False
mp-761250,Li5FeO3F,40,10.53118434361799,Monoclinic,-2.1538016879166677,0.04658769075000535,1.9363,False,False
mp-762692,Li5Fe11O16,32,9.76758889678566,Triclinic,-1.7287216761458337,0.04243356148437538,0.36409999999999965,False,False
mp-764554,Li5Fe8(BO3)8,45,10.843066101218273,Triclinic,-2.2857666771111105,0.04991849136806081,1.3078,False,False
mp-764654,Li5Fe8(BO3)8,45,10.822412307320976,Triclinic,-2.2872760406666663,0.04840912781250495,1.3898000000000001,False,False
mp-764733,Li5Ni5O9F,20,8.625240273480003,Triclinic,-1.5992387178333332,0.037402396916670355,0.042300000000000004,False,False
mp-764798,Li5Fe8(BO3)8,45,10.83506350542279,Triclinic,-2.285852968666666,0.04983219981250464,1.4374,False,False
mp-765045,Li5V3P8O29,90,12.988987990184926,Triclinic,-2.614197548084656,0.03817417359258446,0.7796000000000001,False,False
mp-765080,Li5V3P8O29,90,12.86263648104144,Triclinic,-2.6135439601957673,0.03882776148147382,0.3294999999999999,False,False
mp-765083,Li5V3P8O29,90,13.100850612776314,Triclinic,-2.616972621529101,0.03539910014813952,0.9784,False,False
mp-765084,Li5V3P8O29,90,12.945128157526835,Triclinic,-2.616480321195768,0.03589140048147321,0.9696,False,False
mp-765086,Li5V3P8O29,90,12.942228821816869,Triclinic,-2.611273614306878,0.041098107370362236,0.0,False,True
mp-765088,Li5V3P8O29,90,12.867884610796924,Triclinic,-2.6153755049735454,0.03699621670369524,1.1449000000000003,False,False
mp-765130,Li5V3P8O29,90,13.005432896034343,Triclinic,-2.6159146325291007,0.03645708914813994,0.9794,False,False
mp-765137,Li5V3P8O29,90,13.023341271494681,Triclinic,-2.6182843183068782,0.034087403370362424,0.8053999999999999,False,False
mp-765148,Li5V3P8O29,90,12.826310525605383,Triclinic,-2.6178031438624347,0.034568577814805934,1.2546,False,False
mp-765155,Li5V3P8O29,90,12.877047453511254,Triclinic,-2.6194902019735453,0.032881519703694906,0.6093,False,False
mp-765158,Li5V3P8O29,90,12.899877698559642,Triclinic,-2.615224332640212,0.0371473890370293,1.1622999999999999,False,False
mp-765196,Li5V3P8O29,90,12.939300715245746,Triclinic,-2.6178747163068787,0.03449700537036193,0.9659000000000001,False,False
mp-765197,Li5V3P8O29,90,12.944216171611767,Triclinic,-2.613723292862434,0.03864842881480701,0.5618,False,False
mp-765199,Li5V3P8O29,90,13.026944714679159,Triclinic,-2.615033369417989,0.037338352259251195,0.8265000000000001,False,False
mp-765219,Li5V3P8O29,90,13.011361677296279,Triclinic,-2.616250268306878,0.03612145337036221,1.1747999999999998,False,False
mp-765231,Li5V3P8O29,90,12.965978124632532,Triclinic,-2.619972907751323,0.03239881392591748,0.8481000000000001,False,False
mp-765310,Li5Ni2O2F5,28,8.851183131233487,Tetragonal,-2.5831580454761913,0.02514879321428598,2.1843000000000004,False,False
mp-765629,Li5Mn5(CoO6)2,24,9.42248950355737,Monoclinic,-1.9678620465134102,0.044001447916663494,0.5187999999999997,False,False
mp-765709,Li5Ti2Fe3O10,20,9.519962070537577,Triclinic,-2.4486877086666667,0.025776160374999968,1.4627,False,False
mp-765750,Li5Cr2Fe3O10,20,9.347918770284702,Triclinic,-2.091160693833333,0.03956849470833124,1.0364,False,False
mp-765985,Li5Ti12O24,41,10.739767216164177,Monoclinic,-3.247900535284553,0.03662864609756333,0.0,False,True
mp-766028,K4Li5Ti8(PO5)8,65,13.649147794769254,Triclinic,-2.992316805684249,0.04381534547290311,0.011400000000000077,False,False
mp-766385,Li5V12O32,49,11.652268699463418,Monoclinic,-2.3600024736054435,0.014197118877550707,0.0,False,True
mp-766500,Li5Mn3(BO3)4,48,9.932011312290049,Monoclinic,-2.4960188315469343,0.0401574827083353,0.0,False,True
mp-766507,Li5Fe3(BO3)4,48,9.89446726013549,Monoclinic,-2.377615975347222,0.03132863781249906,1.1480000000000001,False,False
mp-766508,Li5Mn2Fe(BO3)4,48,9.86745712461225,Monoclinic,-2.453822000174809,0.04844174348958141,0.0,False,True
mp-766536,Li5Mn6(BO3)6,35,10.817373720313459,Triclinic,-2.4756805396929393,0.03563328535715016,0.0,False,True
mp-766589,Li5(CoO2)8,58,9.378716855256679,Triclinic,-1.5411092366091963,0.031350225732758474,0.43100000000000005,False,False
mp-766637,Li5Fe6(BO3)6,70,10.367199201963528,Monoclinic,-2.309635864190476,0.025283452214285518,1.6005000000000003,False,False
mp-766727,Li5Fe11O16,64,9.830418350820732,Monoclinic,-1.7485514873958339,0.02260375023437522,1.1468000000000003,False,False
mp-767086,Li5MgTi12O24,42,10.935741977896656,Trigonal,-3.2219780659920643,0.022020969999999807,0.0,False,True
mp-767762,Li5Mn6(BO3)6,70,10.785593576602464,Monoclinic,-2.4767527451215106,0.034561079928579375,0.0,False,True
mp-1568601,Li6NiO4,22,9.223460526168644,Tetragonal,-1.8705483895454549,0.03768359454545411,3.2295,False,False
mp-1570562,Li6NiO4,44,9.234194217916627,Orthorhombic,-1.8868934459090914,0.021338538181817412,3.1994000000000002,False,False
mp-1639020,Li6Mn5SbO12,48,10.900692243440366,Monoclinic,-2.1132921604022994,0.043310297291668576,0.7326000000000001,False,False
mp-1641670,Li6NiO4,44,9.236601579386619,Tetragonal,-1.8844710040909094,0.0237609799999996,3.0631000000000004,False,False
mp-1643730,Li6NiO4,44,9.243676114082284,Monoclinic,-1.8864148890909098,0.021817094999999398,3.2768,False,False
mp-1648716,Li6Mn5SbO12,48,10.908880372575174,Monoclinic,-2.1164771285272987,0.040125329166669665,0.9330000000000003,False,False
mp-2763586,Li6Ti2O7,15,8.950395868067579,Monoclinic,-2.7265346983055556,0.004465396333364069,2.8577000000000004,False,False
mp-768104,Li6(NiO2)13,45,9.738766895904275,Triclinic,-1.1412805608888883,0.048902046023155066,0.0,False,True
mp-768114,Li6Ti9O20,70,10.7990712336519,Monoclinic,-3.2199438308571433,0.003677804071438473,0.0,False,True
mp-768992,Li6Bi2O7,30,11.587219103712817,Monoclinic,-1.9076711446666659,0.013484702000001292,0.0043999999999999595,False,False
mp-769109,Li6V3Ni(PO4)6,40,11.515678002484176,Triclinic,-2.6116117824464298,0.04314232826561071,0.9196,False,False
mp-769569,Li6MgNi7O16,30,9.046353678171387,Triclinic,-1.4536359738333335,0.0335970580648155,0.43530000000000024,False,False
mp-769575,Li6Co5(P2O7)4,47,10.954032123706625,Triclinic,-2.449707859939209,0.015354510620575468,2.9488,False,False
mp-770280,Li6Bi(BO3)3,76,10.606421840453875,Monoclinic,-2.4897973110526324,0.008981870789476432,4.186299999999999,False,False
mp-770456,Li6Ti2O7,15,9.300965570968426,Monoclinic,-2.7981477254444447,0.019160892666667095,2.3765,False,False
mp-770489,Li6Cr3Fe(PO4)6,40,11.49043193563888,Triclinic,-2.585449242446429,0.043275714375003105,2.3775999999999997,False,False
mp-770533,Li6MnO4,44,9.041342853262641,Tetragonal,-2.0508089466300947,0.005511122272728208,2.6186,False,False
mp-770805,Li6Hf2O7,30,10.093726286235494,Monoclinic,-2.9669320769999996,0.001067638666667925,4.2889,False,False
mp-771835,Li6V3P8O29,92,12.6744484546734,Triclinic,-2.656244622763975,0.024225347889505144,0.8370000000000001,False,False
mp-771874,Li6V3P8O29,92,12.61052093340821,Triclinic,-2.6522991149378883,0.02817085571559197,0.9501999999999999,False,False
mp-772026,Li6V3P8O29,92,12.611925027657067,Triclinic,-2.654522653307453,0.025947317346027177,1.0766999999999998,False,False
mp-772055,Li6Ti2O7,30,8.959560497916705,Monoclinic,-2.8059125437777768,0.011396074333335449,2.9524,False,False
mp-772075,Li6V3P8O29,92,12.636907046186195,Triclinic,-2.6583271908074533,0.022142779846027416,0.875,False,False
mp-772078,Li6V3P8O29,92,12.640495575218306,Triclinic,-2.65253487765528,0.027935092998200517,1.2014999999999998,False,False
mp-772081,Li6V3P8O29,92,12.6301432600843,Triclinic,-2.652924993198758,0.027544977454723174,1.3295,False,False
mp-772092,Li6V3P8O29,92,12.633077215525944,Triclinic,-2.6566859174378883,0.02378405321559196,1.5497999999999998,False,False
mp-772104,Li6V3P8O29,92,12.729334718326633,Triclinic,-2.6572551683074543,0.023214802346026353,0.49139999999999984,False,False
mp-772112,Li6V3P8O29,92,12.607210852145977,Triclinic,-2.6539506366770182,0.026519333976462,1.0057999999999998,False,False
mp-772139,Li6V3P8O29,92,12.610151464766686,Triclinic,-2.656032232329193,0.02443773832428775,1.1743999999999999,False,False
mp-772185,Li6Hf2O7,30,10.09676303987423,Monoclinic,-2.967999715666667,0.0,4.4135,True,False
mp-772196,Li6V3P8O29,92,12.682681210735572,Triclinic,-2.6587338292857146,0.021736141367766137,1.2773,False,False
mp-772227,Li6V3P8O29,92,12.610131479594227,Triclinic,-2.653767025481367,0.026702945172113246,1.3586,False,False
mp-772239,Li6V3P8O29,92,12.74326180858656,Monoclinic,-2.654835434937888,0.025634535715592044,1.4447,False,False
mp-772361,Li6V3P8O29,92,12.61001390427857,Triclinic,-2.659849752763975,0.020620217889505632,1.3512,False,False
mp-772407,Li6V3P8O29,92,12.643730321458913,Triclinic,-2.657936489611802,0.022533481041678627,1.1848999999999998,False,False
mp-772557,Li6V3P8O29,92,12.678935800175672,Triclinic,-2.6590173734161495,0.02145259723733073,1.3950999999999998,False,False
mp-772642,Li6V3P8O29,92,12.65239662700622,Triclinic,-2.6581333764596278,0.022336594193852477,1.1301999999999999,False,False
mp-772646,Li6V3P8O29,92,12.630271663798124,Triclinic,-2.656554959937888,0.023915010715592544,1.1088,False,False
mp-772675,Li6V3P8O29,92,12.703529078819562,Triclinic,-2.66111554189441,0.019354428759070785,1.216,False,False
mp-772709,Li6V3P8O29,92,12.66820853541317,Triclinic,-2.661288946677019,0.019181023976461375,1.1525,False,False
mp-772719,Li6V3P8O29,92,12.643595534377269,Triclinic,-2.659799537763975,0.02067043288950554,1.103,False,False
mp-772961,Li6V3P8O29,92,12.59613739906524,Triclinic,-2.6572133151552793,0.02325665549820144,0.7631999999999999,False,False
mp-772963,Li6V3P8O29,92,12.587745634243559,Triclinic,-2.658967176568323,0.02150279408515754,1.0571000000000002,False,False
mp-772985,Li6V3P8O29,92,12.636920414681098,Triclinic,-2.65845841189441,0.022011558759070127,1.4081,False,False
mp-773684,Li6V3P8O29,92,12.700648295588122,Monoclinic,-2.6581035134161497,0.02236645723733055,1.3481,False,False
mp-773693,Li6V3P8O29,92,12.609727526683868,Triclinic,-2.6588009600465843,0.021669010606896855,0.8649,False,False
mp-774273,Li6V3P8O29,92,12.627095395381366,Triclinic,-2.6575426585248447,0.022927312128635968,1.458,False,False
mp-774303,Li6Mn5Fe(BO3)6,72,10.485598540906512,Monoclinic,-2.4807506708237543,0.0037391110416624684,2.6115999999999997,False,False
mp-774324,Li6MnFe5(BO3)6,72,10.286832385859231,Monoclinic,-2.356841737025863,0.005768713680554427,2.8479,False,False
mp-774349,Li6MnFe5(BO3)6,36,10.265947156841442,Monoclinic,-2.3568010464703075,0.00580940423610965,2.8355999999999995,False,False
mp-774362,Li6Mn5Fe(BO3)6,36,10.48734173259443,Monoclinic,-2.4804658198515313,0.004023962013885551,2.6041999999999996,False,False
mp-774368,Li6Mn5Fe(BO3)6,36,10.491276038821796,Monoclinic,-2.4807522292959763,0.0037375525694400835,2.6076,False,False
mp-774370,Li6Mn5Fe(BO3)6,36,10.482134550035516,Monoclinic,-2.4807421042959765,0.0037476775694402775,2.6092000000000004,False,False
mp-774674,Li6Ti7Cr5O24,42,10.695338837044241,Triclinic,-2.946033167460318,0.0006060241567471536,0.0,False,True
mp-775263,Li6CoNi9O20,36,9.633907063654837,Monoclinic,-1.2666301124999992,0.043299782361116534,0.0,False,True
mp-775325,Li6MnV3(PO4)6,80,11.808680223342616,Triclinic,-2.680983277644706,0.020737435640611146,0.5724000000000002,False,False
mp-776277,Li6Mn3P8O29,92,12.425861312089195,Triclinic,-2.5095025714333907,0.012285561014492075,0.6496000000000001,False,False
mp-776423,Li6Ni2C4SO16,58,9.858318589696182,Cubic,-2.0166936928448282,0.04172341818965819,3.6761,False,False
mp-776484,Li6Sn3P8O29,92,12.982417054753302,Triclinic,-2.583963461785713,0.024979604275363165,3.1607000000000003,False,False
mp-777372,Li6MnV3(PO4)6,40,11.911239734847257,Triclinic,-2.6602913921447033,0.041429321140613595,0.0,False,True
mp-777520,Li6MnFe5(BO3)6,36,10.276824808305602,Monoclinic,-2.3562557570258633,0.006354693680554746,2.8181000000000003,False,False
mp-777582,Li6MnV3(PO4)6,80,11.594007732186931,Monoclinic,-2.676241770269704,0.02547894301561282,0.027900000000000036,False,False
mp-777761,Li6MnV3(PO4)6,40,11.86618625827896,Trigonal,-2.6767420891447053,0.024978624140612027,0.0,False,True
mp-777774,Li6MnFe5(BO3)6,36,10.282088147316376,Monoclinic,-2.3568228798036412,0.005787570902776373,2.8451999999999993,False,False
mp-777835,Li6MnV3(PO4)6,80,11.728472931101903,Monoclinic,-2.6850961367697046,0.016624576515612333,0.5203000000000002,False,False
mp-777874,Li6MnV3(PO4)6,80,11.335125064412916,Triclinic,-2.681111453769706,0.0206092595156111,0.34850000000000003,False,False
mp-778149,Li6Ti3P8O29,92,12.705641895449965,Triclinic,-2.8674357754813666,0.02658477012681182,2.3633,False,False
mp-778215,Li6MnV3(PO4)6,40,11.847485936458742,Trigonal,-2.6716196071447036,0.0301011061406129,0.13640000000000008,False,False
mp-778260,Li6Mn5Fe(BO3)6,36,10.485866126629276,Monoclinic,-2.480767223740421,0.0037225581249957784,2.6031,False,False
mp-778476,Li6Mn5Fe(BO3)6,36,10.482768078652164,Monoclinic,-2.480510712629309,0.003979069236107691,2.6043999999999996,False,False
mp-778494,Li6MnFe5(BO3)6,36,10.266469480171073,Monoclinic,-2.3560895092480854,0.006520941458331819,2.8303000000000003,False,False
mp-778872,Li6Mn5Fe(BO3)6,72,10.488794301634698,Triclinic,-2.4821645516570876,0.0023252302083287546,2.6098,False,False
mp-779011,Li6MnFe5(BO3)6,36,10.25433491971586,Monoclinic,-2.3560127034147516,0.006597747291666067,2.8588,False,False
mp-779627,Li6MnFe5(BO3)6,72,10.26714715855354,Triclinic,-2.3569861411925297,0.00562430951388837,2.8379000000000003,False,False
mp-779719,Li6Mn5O12,46,9.476459885434087,Triclinic,-2.10174843541979,0.04248003586956628,0.7221000000000002,False,False
mp-779784,Li6MnFe5(BO3)6,72,10.288458538868355,Monoclinic,-2.3567597318869735,0.005850718819443657,2.8636,False,False
mp-779877,Li6MnFe5(BO3)6,36,10.26477195500838,Monoclinic,-2.3568757078591966,0.005734742847221419,2.7977000000000003,False,False
mp-779891,Li6Mn5Fe(BO3)6,36,10.48117161200473,Monoclinic,-2.4805245704070873,0.003965211458329065,2.6001000000000003,False,False
mp-780188,Li6Fe5O12,23,9.445541789138565,Monoclinic,-1.8099457421739127,0.035164930791925286,0.0,False,True
mp-780426,Li6Co2C4SO16,58,10.04315105517921,Cubic,-2.0198474628448286,0.042529975086206484,0.0,False,True
mp-850228,Li6Mn5Fe(BO3)6,36,10.480585899986703,Monoclinic,-2.4807554198515316,0.0037343620138852174,2.6117000000000004,False,False
mp-861128,Li6Mn5CoO12,24,10.156827217216305,Triclinic,-2.041456841235633,0.04947057947916811,0.7322000000000002,False,False
mp-867666,Li6CoNi5O12,24,8.916196139185432,Triclinic,-1.505009015,0.03942137305555793,0.059499999999999886,False,False
mp-867994,Li6Mn9O20,70,10.280115785696331,Monoclinic,-2.0459943728965526,0.0214406509999856,0.0,False,True
mp-882809,Li6MnV3(PO4)6,80,11.820635833116706,Triclinic,-2.6649712077697054,0.03674950551561196,0.6058999999999999,False,False
mp-887424,Li6MnV3(PO4)6,80,11.33376751962461,Triclinic,-2.6806155220197048,0.021105191265611722,0.4981,False,False
mp-1020024,Li6B4O9,76,9.781804943614645,Monoclinic,-2.6751696035087718,0.007038242236841796,4.8958,False,False
mp-1020620,Rb5Li6(BO2)11,44,12.850543959543772,Monoclinic,-2.690033145416666,0.005257921553034173,4.3579,False,False
mp-1103940,Li6PBrO5,13,11.40124791069152,Cubic,-2.4123018588186818,0.040189854230768596,5.086506384466329,False,False
mp-1174768,Li6Mn3CoO10,20,8.90880713095111,Triclinic,-2.051565886689655,0.03771868487499752,1.0162,False,False
mp-1174770,Li6Mn3CoO10,20,8.904477529890812,Triclinic,-2.0444143086896553,0.044870262874997735,0.5697000000000001,False,False
mp-1174771,Li6Mn3CoO10,20,8.7987265709602,Triclinic,-2.0592515181896553,0.030033053374997287,0.8346,False,False
mp-1174775,Li6Mn3CoO10,20,8.96196567908962,Triclinic,-2.0472656106896556,0.04201896087499701,0.9657,False,False
mp-1174791,Li6Mn3CoO10,20,8.876829715599985,Triclinic,-2.0441138381896558,0.045170733374996885,0.9630999999999998,False,False
mp-1174811,Li6Mn3CoO10,20,8.93973751773657,Monoclinic,-2.044670603189656,0.04461396837499709,0.9897,False,False
mp-1176888,Li6VCr3(PO4)6,40,11.597179387230439,Triclinic,-2.638875661946429,0.043690441625000354,2.2569,False,False
mp-1176896,Li6V3P8O29,92,12.83867418205629,Trigonal,-2.6569931928726715,0.023476777780809144,1.6115,False,False
mp-1176900,Li6V3P8O29,92,12.63381098659239,Trigonal,-2.6433913701552796,0.037078600498200665,0.06170000000000009,False,False
mp-1176902,Li6V3P8O29,92,12.648738632774409,Monoclinic,-2.6557386514596275,0.02473131919385274,1.4619,False,False
mp-1176903,Li6V3P8O29,92,12.724577567808876,Monoclinic,-2.6586764552639757,0.021793515389505025,1.3871,False,False
mp-1176904,Li6V3P8O29,92,12.712959793153226,Monoclinic,-2.6596950711335405,0.020774899519940604,1.2517,False,False
mp-1176905,Li6V3P8O29,92,12.710472873845116,Monoclinic,-2.6586597268944105,0.021810243759070147,9.999999999998899e-05,False,False
mp-1176906,Li6V3P8O29,92,12.726024428011579,Monoclinic,-2.656978012437889,0.023491958215592135,1.4765000000000001,False,False
mp-1176908,Li6V3P8O29,92,12.776620324892242,Triclinic,-2.6607411042857145,0.01972886636776572,1.2342,False,False
mp-1176909,Li6V3P8O29,92,12.557560872878842,Monoclinic,-2.6564630798291926,0.024006890824288085,1.1723,False,False
mp-1176912,Li6V3P8O29,92,12.599092070512665,Triclinic,-2.6549031623291928,0.025566808324287926,1.3642,False,False
mp-1176913,Li6V3P8O29,92,12.653141290985305,Monoclinic,-2.6534535571118014,0.02701641354167883,1.4710999999999999,False,False
mp-1176914,Li6V3P8O29,92,12.624336375151334,Triclinic,-2.660790632111801,0.019679338541679137,1.4555999999999998,False,False
mp-1176915,Li6V3P8O29,92,12.682178637288152,Triclinic,-2.657610594611801,0.02285937604167909,1.5658,False,False
mp-1176916,Li6V3P8O29,92,12.723522195781156,Triclinic,-2.6573989348291933,0.023071035824287378,1.1059,False,False
mp-1176917,Li6V3P8O29,92,12.74191827329626,Triclinic,-2.6581863888509316,0.02228358180254908,1.0851,False,False
mp-1176918,Li6V3P8O29,92,12.761836106392588,Triclinic,-2.6610049590683236,0.01946501158515712,1.1982,False,False
mp-1176919,Li6V3P8O29,92,12.749300844022942,Triclinic,-2.658021871242236,0.02244809941124437,1.4247999999999998,False,False
mp-1176920,Li6V3P8O29,92,12.690574130951848,Triclinic,-2.656706881242236,0.023763089411244387,1.4697000000000002,False,False
mp-1176921,Li6V3P8O29,92,12.654509449045475,Triclinic,-2.651904279285715,0.02856569136776521,0.9319000000000001,False,False
mp-1176922,Li6V3P8O29,92,12.682597244277984,Triclinic,-2.656348854503106,0.02412111615037471,0.7214,False,False
mp-1176923,Li6V3P8O29,92,12.685080189046259,Triclinic,-2.6610796388509312,0.019390331802549454,1.3890000000000002,False,False
mp-1176925,Li6V3P8O29,92,12.813375800947204,Triclinic,-2.6575946436335407,0.022875327019939995,1.4459,False,False
mp-1176926,Li6V3P8O29,92,12.736942221885961,Triclinic,-2.6532643949378887,0.027205575715592012,1.1202,False,False
mp-1176927,Li6V3P8O29,92,12.74814630887065,Triclinic,-2.658823862763975,0.021646107889505828,0.9571000000000001,False,False
mp-1176928,Li6V3P8O29,92,12.727028749185706,Triclinic,-2.6581928735248446,0.02227709712863568,0.9865,False,False
mp-1176929,Li6V3P8O29,92,12.73979970744761,Triclinic,-2.6542014792857143,0.02626849136776599,1.1336,False,False
mp-1176930,Li6V3P8O29,92,12.718819360768615,Triclinic,-2.659764731459627,0.020705239193853586,1.3145,False,False
mp-1176932,Li6V3P8O29,92,12.686924952352097,Triclinic,-2.6539211730900627,0.026548797563417992,1.4437,False,False
mp-1176935,Li6V3P8O29,92,12.758087325048866,Triclinic,-2.6591155233074537,0.02135444734602654,1.1969,False,False
mp-1176936,Li6Ti2O7,30,9.332597576318012,Monoclinic,-2.7995296637777773,0.017778954333333985,2.3414,False,False
mp-1176938,Li6V3P8O29,92,12.695880720804197,Triclinic,-2.6530408525465847,0.027429118106895523,1.0791,False,False
mp-1176939,Li6V3Fe(PO4)6,40,11.771508227987214,Triclinic,-2.6280557246964285,0.04679676282811229,1.6169000000000002,False,False
mp-1176942,Li6V3P8O29,92,12.713630065712902,Triclinic,-2.6540463012422366,0.026423669411244077,1.3001999999999998,False,False
mp-1176943,Li6V3P8O29,92,12.656030685954615,Triclinic,-2.656468168742236,0.024001801911245124,1.1042,False,False
mp-1176944,Li6V3P8O29,92,12.663358721989654,Triclinic,-2.6544559210248453,0.026014049628635405,1.2745,False,False
mp-1176947,Li6V3P8O29,92,12.620403810334007,Triclinic,-2.6531445161335405,0.027325454519940173,1.4889999999999999,False,False
mp-1176948,Li6V3P8O29,92,12.714888506108684,Triclinic,-2.6565968716770194,0.023873098976460838,0.9114000000000001,False,False
mp-1176959,Li6MnV3(PO4)6,80,11.359231705977201,Monoclinic,-2.681259766394704,0.020460946890612952,0.5296000000000001,False,False
mp-1176966,Li6P8W3O29,92,13.256967008081075,Triclinic,-2.5793052487422363,0.029317119855088336,2.88,False,False
mp-1176973,Li6MnV3(PO4)6,40,11.92240931998109,Triclinic,-2.6605828896447044,0.04113782364061258,0.6435027981758843,False,False
mp-1176976,Li6MnV3(PO4)6,80,11.724326778414142,Triclinic,-2.6844822962697044,0.01723841701561213,0.44269999999999987,False,False
mp-1176977,Li6MnV3(PO4)6,80,11.653324216374916,Triclinic,-2.6835738481447047,0.018146865140612256,0.3467,False,False
mp-1176980,Li6MnV3(PO4)6,80,11.722790755928887,Monoclinic,-2.685806900269706,0.015913813015611566,0.6465999999999998,False,False
mp-1176982,Li6MnV3(PO4)6,80,11.717464979954887,Triclinic,-2.683534225019705,0.018186488265611978,0.34109999999999996,False,False
mp-1176983,Li6MnV3(PO4)6,80,11.356700387562316,Triclinic,-2.680828508769705,0.020892204515611468,0.5801999999999998,False,False
mp-1176988,Li6MnV3(PO4)6,80,11.337854599279888,Triclinic,-2.681013542394704,0.02070717089061347,0.5455999999999999,False,False
mp-1176989,Li6MnV3(PO4)6,80,11.889424987207839,Triclinic,-2.6620474433947043,0.039673269890612595,0.46809999999999996,False,False
mp-1176992,Li6MnV3(PO4)6,80,11.709279260601333,Triclinic,-2.6845675768947053,0.017153136390611223,0.33050000000000024,False,False
mp-1176998,Li6V3P8O29,92,12.672291877443584,Monoclinic,-2.6552335661335404,0.025236404519939803,1.1640000000000001,False,False
mp-1177007,Li6Mn3V(PO4)6,80,11.728188038869158,Monoclinic,-2.5982989562912566,0.02057043787499957,0.01670000000000016,False,False
mp-1177009,Li6V3P8O29,92,12.689135114614619,Triclinic,-2.656988444937888,0.023481525715593143,1.5143000000000002,False,False
mp-1177014,Li6Mn3V(PO4)6,80,11.622755213162511,Monoclinic,-2.605488480166257,0.013380913999998967,0.5710999999999999,False,False
mp-1177017,Li6Fe3P8O29,92,13.070621049232185,Monoclinic,-2.444387199720495,0.049016993894928085,0.023999999999999994,False,False
mp-1177022,Li6MnV3(PO4)6,80,11.921651466633467,Triclinic,-2.6616984500197054,0.040022263265611535,0.43699999999999983,False,False
mp-1177033,Li6Mn3V(PO4)6,80,11.61115648216121,Triclinic,-2.5902509011662573,0.02861849299999797,0.0,False,True
mp-1177035,Li6V3P8O29,92,12.73142867201756,Monoclinic,-2.659407240046584,0.02106273060689734,1.3452,False,False
mp-1177037,Li6Mn3V(PO4)6,80,11.62081752839052,Triclinic,-2.603129668666257,0.01573972549999869,0.5279999999999998,False,False
mp-1177040,Li6Mn3V(PO4)6,80,11.587685163665173,Triclinic,-2.5975692881662567,0.021300105999999097,0.009700000000000042,False,False
mp-1177041,Li6V3P8O29,92,12.716721994132001,Triclinic,-2.6606680635248448,0.0198019071286355,0.9714,False,False
mp-1177068,Li6V3P8O29,92,12.669801536563668,Triclinic,-2.654710940807454,0.02575902984602685,1.1456,False,False
mp-1177071,Li6V3P8O29,92,12.674817946748874,Monoclinic,-2.658374684611801,0.02209528604167943,1.5876000000000001,False,False
mp-1177078,Li6MnV3(PO4)6,80,11.816508913007858,Triclinic,-2.682255169644706,0.019465543640611038,0.20420000000000016,False,False
mp-1177100,Li6V3P8O29,92,12.642444816723698,Triclinic,-2.6575205983074537,0.022949372346026564,1.5882999999999998,False,False
mp-1177106,Li6V3P8O29,92,12.700574264953218,Triclinic,-2.658960413633541,0.021509557019939507,1.0171,False,False
mp-1177111,Li6V3P8O29,92,12.694176841865335,Triclinic,-2.6553520426552795,0.025117927998200784,1.3891999999999998,False,False
mp-1191302,Li6Cu(B2O5)2,21,9.943298595838904,Triclinic,-2.4995904660317465,0.01695900797619032,1.0877000000000001,False,False
mp-1195055,RbLi6B2O6F,64,11.244005180666678,Orthorhombic,-2.590422291302084,0.0047132006249990255,4.353464932204911,False,False
mp-1198049,Li6Nd(BO3)3,76,10.213402325244568,Monoclinic,-2.799694764473684,0.0,4.579306980335213,True,False
mp-1198701,Li6Cu(B2O5)2,63,9.85059655697105,Triclinic,-2.498660974444444,0.017888499563492033,0.7405999999999999,False,False
mp-1208758,Sr3Li6Ta2O11,44,12.032804749147243,Orthorhombic,-2.9383685849848473,0.0,4.1255999999999995,True,False
mp-1208770,Sr3Li6Nb2O11,44,11.717062418130867,Orthorhombic,-2.8386460363636363,0.0,3.3730854048055114,True,False
mp-1211340,Li6Tm(BO3)3,76,10.014436466713699,Monoclinic,-2.8252910592105267,0.0,4.8191,True,False
mp-1211468,Li6Er(BO3)3,76,9.648789751397889,Monoclinic,-2.82316728868421,0.0,4.7747,True,False
mp-1211541,Li6Sm(BO3)3,76,10.450073096436308,Monoclinic,-2.8084338798684207,0.0,4.657500000000001,True,False
mp-1211786,Li6Eu(BO3)3,76,10.49201277063411,Monoclinic,-2.7089594934210526,0.026935271381582027,0.029199999999999893,False,False
mp-5418,Li6Zr2O7,30,10.377939332298158,Monoclinic,-2.8654164623333336,0.0,3.9436,True,False
mp-7941,Li6TeO6,13,9.500743663234125,Trigonal,-2.1320907020512823,0.0,2.798,True,False
mp-8609,Li6UO6,13,11.320165363151679,Trigonal,-2.7372811100000005,0.0,2.1685,True,False
mp-9059,KLi6TaO6,14,10.397164247972867,Trigonal,-2.48958605889881,0.0,4.3852,True,False
mp-12160,Li6Ho(BO3)3,76,10.171104956473888,Monoclinic,-2.822621197631578,0.0,4.7449,True,False
mp-14466,KLi6IrO6,14,10.219435829828338,Trigonal,-1.8884406683749997,0.0,0.0,True,True
mp-14495,Li6ZnO4,22,8.790389719356035,Tetragonal,-2.0364381918181818,0.0,3.5116,True,False
mp-14704,Li6Y(BO3)3,76,10.254007200379576,Monoclinic,-2.814071734342105,0.0,4.7398,True,False
mp-16699,Li6Gd(BO3)3,76,10.399160349757112,Monoclinic,-2.8079940589473678,0.0029604976315793508,3.0808,False,False
mp-18925,Li6CoO4,44,8.777968686672853,Tetragonal,-1.9387670465909097,0.0,2.4,True,False
mp-23582,KLi6BiO6,14,10.579604531759504,Trigonal,-1.9852024683750007,0.0,1.4216000000000002,True,False
mp-25923,Li6Mn9(PO4)8,55,11.964590503412621,Triclinic,-2.565488777609494,0.048442334090910144,2.9786,False,False
mp-26163,Li6Cr9(PO4)8,55,11.755717401319119,Triclinic,-2.5300095386753254,0.014931764943175274,2.7226000000000004,False,False
mp-26221,Li6Fe3P8O29,92,12.985601451665383,Triclinic,-2.445059165698756,0.048345027916667505,0.0,False,True
mp-26303,Li6Cu9(PO4)8,55,11.11901780165411,Triclinic,-2.1232532035844156,0.025080087454552924,0.2721,False,False
mp-26976,Li6Cr3P8O29,92,12.71456494405789,Triclinic,-2.556496625481367,0.04350105172101504,0.032,False,False
mp-27767,Li6Si2O7,30,9.871798519112076,Tetragonal,-2.742996080333333,0.015091694999997074,4.7951999999999995,False,False
mp-27968,Li6Ge2O7,60,10.532232385993668,Monoclinic,-2.3043578349999994,0.003222822999997099,3.8132,False,False
mp-504367,Li6V3P8O29,92,12.7431062524138,Monoclinic,-2.662047474503106,0.01842249615037428,1.5598999999999998,False,False
mp-504387,Li6Mn5(P2O7)4,94,12.078159628037964,Triclinic,-2.6093161262084683,0.0409508279787234,3.7029000000000005,False,False
mp-532789,Li6Nd6Sb(TeO8)3,80,12.912535433231005,Monoclinic,-2.7075753735000005,0.01059354950833491,0.0,False,True
mp-556002,Li6Cu(B2O5)2,21,9.79769965270619,Triclinic,-2.4678097722222225,0.048739701785714296,0.7482,False,False
mp-556301,Li6CaCeO6,28,11.438022191650031,Trigonal,-2.6175182135714286,0.02352419571428488,2.4639999999999995,False,False
mp-560653,RbNaLi6(SiO4)2,36,11.062961914415533,Monoclinic,-2.6161444260488502,0.0,4.5916,True,False
mp-685797,Li6Ti9O20,140,10.829227946753226,Monoclinic,-3.207100466285715,0.01652116864286768,0.0,False,True
mp-690581,Li6Mo2O7,30,10.466760956847988,Orthorhombic,-2.1013068443333327,0.046752827999998914,1.0872000000000002,False,False
mp-704284,Li6Mn3P8O29,92,12.349052314659147,Triclinic,-2.507895539368173,0.013892593079710025,0.6539999999999999,False,False
mp-705432,Li6Ni5(P2O7)4,94,11.165939586377645,Triclinic,-2.409616170683889,0.03833205900708947,3.7753000000000005,False,False
mp-731452,Li6Ti8Ni(PO5)8,63,11.171041757942879,Triclinic,-3.004299587996977,0.0029007124603097623,2.9795999999999996,False,False
mp-753283,Li6NiOF6,28,8.701060032659331,Tetragonal,-2.8593866417857146,0.026964504642856824,1.8946,False,False
mp-753528,Li6FeNiP2(CO7)2,26,10.481460421657571,Monoclinic,-2.3151784222802196,0.041337989423077204,3.1481999999999997,False,False
mp-753701,Li6V2OF11,20,10.367078984333604,Monoclinic,-3.108878457,0.0273230372499933,1.1776,False,False
mp-754082,Li6Mn2OF11,20,10.355840979872221,Triclinic,-2.892310824793104,0.040182482486111226,1.0769,False,False
mp-754634,Li6WO6,13,9.695153226110257,Trigonal,-2.264166848461538,0.035171976923074943,3.6671,False,False
mp-756155,Li6FeO4,44,9.49819684872146,Tetragonal,-1.9617434840909092,0.025519845000000707,2.2934,False,False
mp-756411,Li6NiO4,44,9.244362834303983,Orthorhombic,-1.8873770504545462,0.020854933636362816,2.8594999999999997,False,False
mp-756691,Li6CoNiP2(CO7)2,52,10.357585320446436,Monoclinic,-2.2945677170879124,0.03817215634615234,2.7967,False,False
mp-757146,Li6MnFeP2(CO7)2,52,10.775261844917507,Monoclinic,-2.3797840291237216,0.04572571557692129,3.6201000000000003,False,False
mp-757178,Li6MnCoP2(CO7)2,52,10.679022991045997,Monoclinic,-2.354231615662182,0.04750159076923133,2.0074000000000005,False,False
mp-757184,Li6V3P8O29,92,12.636765685617597,Triclinic,-2.657042429937888,0.023427540715593054,1.4742000000000002,False,False
mp-757213,Li6V3P8O29,92,12.587267778013338,Triclinic,-2.6555613041770187,0.024908666476462393,1.2485,False,False
mp-757217,Li6V3P8O29,92,12.648553425949254,Triclinic,-2.6574961400465837,0.022973830606896506,1.4686,False,False
mp-757236,Li6MnNiP2(CO7)2,26,10.586714706743107,Monoclinic,-2.3530322779698754,0.04649228461538435,2.7338,False,False
mp-757295,Li6Cr3Ni(PO4)6,40,11.31039039986117,Triclinic,-2.540821539446429,0.04943780499998951,0.36529999999999996,False,False
mp-757400,Li6V3P8O29,92,12.633836631078397,Triclinic,-2.6569876693944097,0.02348230125907058,0.7950000000000002,False,False
mp-757469,Li6V3Cr(PO4)6,40,11.727898508572006,Triclinic,-2.6682036061964283,0.044389519124999666,1.9505000000000003,False,False
mp-757509,Li6V3P8O29,92,12.624753055728453,Monoclinic,-2.645756928742236,0.034713041911245135,1.342,False,False
mp-757517,Li6V3P8O29,92,12.671879580195474,Triclinic,-2.657222938742237,0.023247031911243887,1.3464,False,False
mp-757536,Li6V3P8O29,92,12.644555271678055,Triclinic,-2.6576061801552795,0.022863790498201197,1.0906000000000002,False,False
mp-757591,Li6V3P8O29,92,12.670402676437414,Triclinic,-2.6585141254813665,0.021955845172114685,1.2095000000000002,False,False
mp-757631,Li6V3P8O29,92,12.62234036577181,Triclinic,-2.6565872664596277,0.023882704193852966,1.0297999999999998,False,False
mp-757632,Li6V3P8O29,92,12.634251349097944,Triclinic,-2.6564135630900627,0.024056407563418425,1.3887,False,False
mp-757753,Li6VFe3(PO4)6,40,11.710574457112795,Triclinic,-2.5171020671964284,0.04970579413541909,1.7495,False,False
mp-757882,Li6V3P8O29,92,12.68846615771409,Triclinic,-2.652980097329193,0.02748987332428765,1.4905,False,False
mp-758326,Li6TiNi7O16,30,9.222709995606891,Triclinic,-1.6020610931111112,0.04264994880555317,0.3759999999999999,False,False
mp-758623,Li6FeNi9O20,36,9.498981472706438,Triclinic,-1.280562478333334,0.04934089193865532,0.0,False,True
mp-758650,Li6MnNi7O16,60,9.199972486599437,Triclinic,-1.4549275442643677,0.029415162972223463,0.17939999999999978,False,False
mp-758747,Li6(NiO2)11,39,9.59819735327672,Triclinic,-1.2072741912820508,0.03800080377136883,0.3245,False,False
mp-759256,Li6MnV3(PO4)6,40,11.770093386955013,Triclinic,-2.6544649003947036,0.047255812890613313,1.0054000000000003,False,False
mp-759369,Li6MnNi7O16,60,9.134508399701625,Triclinic,-1.4531421160977014,0.031200591138889067,0.26690000000000014,False,False
mp-759438,Li6CoOF6,28,8.805974345318466,Tetragonal,-2.864843297857143,0.02918582660714275,0.0,False,True
mp-759755,Li6V3P8O29,92,12.542999951544319,Triclinic,-2.6539349356987585,0.02653503495472176,1.2328999999999999,False,False
mp-759810,Li6Fe3Co7O20,36,9.70489589736763,Monoclinic,-1.5957960416666657,0.0334073874131926,0.0,False,True
mp-760070,Li6V3P8O29,92,12.606977307670117,Monoclinic,-2.6544201795031057,0.02604979115037498,0.9390000000000001,False,False
mp-760114,Li6V3P8O29,92,12.551512575318203,Triclinic,-2.6552182823291934,0.025251688324287258,1.4102000000000001,False,False
mp-760124,Li6V3P8O29,92,12.587274588638376,Triclinic,-2.6578083863509314,0.02266158430254883,1.3973999999999998,False,False
mp-760160,Li6V3P8O29,92,12.62859743118598,Triclinic,-2.6534119337422357,0.027058036911244976,1.4484,False,False
mp-760182,Li6V3P8O29,92,12.604459171583267,Trigonal,-2.6622224702639756,0.01824750038950551,1.3801,False,False
mp-760201,Li6V3P8O29,92,12.654003936385866,Triclinic,-2.6585806504813663,0.021889320172114424,1.347,False,False
mp-760214,Li6Mn(FeO3)2,30,9.400190240357116,Monoclinic,-1.8958562615287369,0.04983691974999793,2.6299000000000006,False,False
mp-760259,Li6V3P8O29,92,12.65427884778352,Triclinic,-2.658602572981367,0.02186739767211332,1.369,False,False
mp-760349,Li6MnV3(PO4)6,80,11.669159436167801,Triclinic,-2.679195528144704,0.02252518514061297,0.1591999999999998,False,False
mp-760815,Li6V5O12,46,9.69848261545784,Triclinic,-2.4585371136956526,0.048783219945652156,0.6962000000000002,False,False
mp-761797,Li6Mn15O32,53,10.94191445513754,Triclinic,-1.9365517373389722,0.048353985111636355,0.0,False,True
mp-763920,Li6Fe5CoO12,24,9.35632556340239,Monoclinic,-1.8658028779166678,0.045921040312498995,1.5568999999999997,False,False
mp-764743,Li6MnV3(PO4)6,80,11.872302515759456,Triclinic,-2.660093268144704,0.04162744514061245,0.33899999999999997,False,False
mp-764759,Li6Mn5O12,23,9.244691382829057,Monoclinic,-2.0983882647676166,0.04584020652174026,0.3382999999999998,False,False
mp-764771,Li6V5O12,23,9.439139936347878,Triclinic,-2.45906167,0.048258663641305155,0.6765000000000003,False,False
mp-765615,Li6Fe5SbO12,24,10.543444651931345,Monoclinic,-1.9311833799999996,0.026876614687503242,0.5689000000000002,False,False
mp-765833,Li6Fe5NiO12,24,9.446007867359574,Monoclinic,-1.8324033591666666,0.03804248045139058,0.0,False,True
mp-765834,Li6V2OF11,40,10.49203885645537,Triclinic,-3.119667119,0.016534375249992905,1.7513,False,False
mp-766014,Li6CrFe3(PO4)6,40,11.615027597291219,Triclinic,-2.5029299206964275,0.04813976437499967,2.3823,False,False
mp-766133,Li6ScFe5(SiO3)12,60,10.928653834374021,Triclinic,-2.8521077215833333,0.009985522874997876,2.7659,False,False
mp-766468,Li6Ca3MnC6(O9F)2,36,11.005586461115715,Triclinic,-2.4536692077203077,0.048179199583328725,4.701300000000001,False,False
mp-767511,Ba4Li6Ti19O44,73,11.462372044644102,Triclinic,-3.3537381389497716,0.035215294908685024,0.0,False,True
mp-767775,Li6MnCr3(PO4)6,40,11.458251229438037,Triclinic,-2.5964982613947045,0.047270313458332325,1.036,False,False
mp-1638688,Li7Co5O12,24,8.480314456296247,Monoclinic,-1.724912428055556,0.03644228458333565,0.04300000000000015,False,False
mp-1639032,Li7Mn5O12,48,9.213671532556498,Triclinic,-2.1411693872078548,0.028821959791655694,0.7261000000000002,False,False
mp-1639283,Li7Mn5O12,48,9.249010610363461,Triclinic,-2.138639327416188,0.031352019583322566,0.8685,False,False
mp-1639368,Li7Mn4CoO12,48,8.989892759477067,Triclinic,-2.069497588960728,0.031551214687496554,0.8677999999999999,False,False
mp-1639391,Li7Mn4CoO12,48,9.01921021349428,Monoclinic,-2.0698235116690618,0.031225291979163572,0.7488000000000001,False,False
mp-1639930,Li7Mn5O12,48,9.219486419338692,Triclinic,-2.139602212624521,0.030389134374988913,0.7079,False,False
mp-1639949,Li7Mn5O12,24,9.175267340091873,Triclinic,-2.1448127997078554,0.02517854729165503,1.0463,False,False
mp-1640196,Li7Mn5O12,48,9.17639295745807,Triclinic,-2.1368217686661883,0.03316957833332168,0.44369999999999976,False,False
mp-1640700,Li7Co5O12,48,8.377262866753794,Monoclinic,-1.7433181168055552,0.018036595833335944,0.5946000000000002,False,False
mp-1640750,Li7Mn5O12,24,9.211628971659486,Triclinic,-2.1393611476245216,0.030630199374988898,0.6370999999999998,False,False
mp-1640981,Li7Mn5O12,24,9.246333064572632,Triclinic,-2.1386205022078553,0.031370844791655195,0.6637,False,False
mp-1641274,Li7Mn5O12,48,9.241166179358812,Triclinic,-2.1355044788745214,0.03448686812498902,0.5373000000000001,False,False
mp-1642266,Li7Mn5O12,24,9.19494376719756,Triclinic,-2.143023195541188,0.02696815145832243,1.0453000000000001,False,False
mp-1642624,Li7Mn5O12,48,9.25214871233964,Triclinic,-2.1378839119995217,0.032107434999988804,0.7932000000000001,False,False
mp-1642906,Li7Mn5O12,48,9.231221950543373,Triclinic,-2.1405482530411883,0.029443093958321676,0.7452000000000001,False,False
mp-1642922,Li7Mn4CoO12,48,8.957882181559162,Monoclinic,-2.0667951533357276,0.03425365031249683,0.8100999999999998,False,False
mp-1643099,Li7Mn5O12,48,9.176981858531171,Triclinic,-2.142762252624521,0.027229094374988883,1.2079,False,False
mp-1643277,Li7Mn4CoO12,48,9.006759362181251,Triclinic,-2.0620846089607276,0.03896419468749723,0.8035999999999999,False,False
mp-1643524,Li7Mn4CoO12,48,8.975759876007485,Monoclinic,-2.0736292189607277,0.027419584687496723,0.7755999999999998,False,False
mp-1643648,Li7Mn5O12,48,9.246052149066852,Triclinic,-2.1405503515828546,0.029440995416655902,0.8317000000000001,False,False
mp-1643948,Li7Mn5O12,48,9.236798930393432,Triclinic,-2.140851974082855,0.02913937291665558,0.8136000000000001,False,False
mp-1643980,Li7Mn5O12,48,9.1818006403154,Triclinic,-2.143147705749522,0.026843641249988615,1.1557999999999997,False,False
mp-1644001,Li7Mn5O12,48,9.20431945587621,Triclinic,-2.142536991791189,0.02745435520832107,1.1193,False,False
mp-1644153,Li7Mn5O12,48,9.207286138053977,Triclinic,-2.142010905332855,0.027980441666655587,1.0604,False,False
mp-1644867,Li7Mn5O12,48,9.197476353877809,Triclinic,-2.1408393730411883,0.029151973958321697,0.6804999999999999,False,False
mp-1645043,Li7Mn4CoO12,48,9.007366583222101,Triclinic,-2.0695114266690617,0.0315373769791627,0.8823000000000003,False,False
mp-1646544,Li7Mn5O12,48,9.222694925429508,Triclinic,-2.1413961061661877,0.028595240833322322,0.8853999999999997,False,False
mp-1646634,Li7Mn5O12,48,9.234771274199188,Triclinic,-2.1384271276245213,0.03156421937498877,0.6907000000000001,False,False
mp-1646892,Li7Mn5O12,48,9.205547831337336,Triclinic,-2.139888934916188,0.030102412083322427,1.0099999999999998,False,False
mp-1647928,Li7Mn5O12,24,9.201307999164031,Triclinic,-2.1378809513745214,0.032110395624989074,0.6381999999999999,False,False
mp-1648171,Li7Mn5O12,48,9.248884074950778,Triclinic,-2.140584024082855,0.029407322916655154,0.7963999999999998,False,False
mp-1648494,Li7Co5O12,48,8.466136607688469,Monoclinic,-1.7387201932638885,0.022634519375002604,0.8523000000000001,False,False
mp-1648875,Li7Mn5O12,48,9.179645447419086,Triclinic,-2.141154379916188,0.02883696708332195,0.7654999999999998,False,False
mp-1650226,Li7Mn4CoO12,48,9.021043257768056,Triclinic,-2.078611234169061,0.02243756947916431,0.5362,False,False
mp-1650471,Li7Mn4CoO12,48,8.956850892075247,Monoclinic,-2.0734026654190614,0.027646138229163952,0.9348999999999998,False,False
mp-1650552,Li7Mn4CoO12,48,8.980159535474192,Monoclinic,-2.067166098752395,0.033882704895829896,0.8341000000000003,False,False
mp-1650669,Li7Mn5O12,48,9.253177513612352,Triclinic,-2.134879626999521,0.03511171999998908,0.4312,False,False
mp-1650854,Li7Mn5O12,48,9.222837711081398,Triclinic,-2.1390874757495215,0.030903871249988946,0.8220000000000001,False,False
mp-1651001,Li7Mn5O12,48,9.219628621692065,Triclinic,-2.140035071999522,0.02995627499998843,0.6402999999999999,False,False
mp-1651187,Li7Mn5O12,48,9.21515178180861,Triclinic,-2.140100937832855,0.029890409166655196,0.9919000000000002,False,False
mp-1651188,Li7Mn4CoO12,48,8.977840010346542,Triclinic,-2.077180885002395,0.02386791864582971,0.7915000000000001,False,False
mp-1651541,Li7Mn5O12,48,9.218560103044295,Triclinic,-2.136678888874521,0.033312458124989064,0.7054999999999998,False,False
mp-1652638,Li7Mn5O12,48,9.248752220906164,Triclinic,-2.1389638482495212,0.03102749874998878,0.7146999999999997,False,False
mp-1652820,Li7Mn5O12,24,9.263514022284186,Triclinic,-2.1390384505411877,0.030952896458322776,0.7082999999999999,False,False
mp-1653341,Li7Mn4CoO12,48,8.969870739666082,Monoclinic,-2.077060873127395,0.023987930520830147,0.6415000000000002,False,False
mp-1653728,Li7Co5O12,48,8.651639907986587,Monoclinic,-1.7195516313888888,0.04180308125000298,0.41270000000000007,False,False
mp-1666320,Li7Mn4CoO12,48,9.058530063345431,Triclinic,-2.0595011179190608,0.041547685729163675,0.7932999999999999,False,False
mp-1666339,Li7Mn4CoO12,24,9.005159033070393,Triclinic,-2.081560711044061,0.0194880926041634,1.0112999999999999,False,False
mp-1666476,Li7Mn4CoO12,48,9.048181622702241,Triclinic,-2.069278496877395,0.031770306770829926,0.8552999999999997,False,False
mp-1666644,Li7Mn5O12,48,9.213470243212743,Triclinic,-2.1412283688745215,0.028762978124988514,0.605,False,False
mp-1666665,Li7Mn5O12,48,9.169694496247814,Triclinic,-2.1397526303328545,0.030238716666655563,0.7822,False,False
mp-1666672,Li7Mn5O12,48,9.238817829420928,Triclinic,-2.1373778663745218,0.032613480624988256,0.5232000000000001,False,False
mp-1666768,Li7Mn5O12,48,9.29379029839456,Triclinic,-2.1393798992911885,0.03061144770832147,0.6867999999999999,False,False
mp-1667041,Li7Mn4CoO12,48,8.98827389130458,Monoclinic,-2.0831683483357275,0.017880455312496935,0.5198999999999998,False,False
mp-1667122,Li7Mn4CoO12,48,9.01920858483451,Triclinic,-2.055426228960728,0.04562257468749742,0.4569000000000001,False,False
mp-1667148,Li7Mn5O12,48,9.180426345356144,Triclinic,-2.1362345988745215,0.03375674812498897,0.7361,False,False
mp-1667712,Li7Mn4CoO12,48,9.036200941664971,Triclinic,-2.062675306877395,0.038373496770829796,0.8433000000000002,False,False
mp-1977436,Li7Mn4CoO12,48,9.032962518151715,Triclinic,-2.0623815887523946,0.03866721489583025,0.31400000000000006,False,False
mp-1977994,Li7Mn5O12,48,9.204381602077683,Triclinic,-2.135218639499522,0.03477270749998862,0.6067,False,False
mp-1978357,Li7Mn5O12,48,9.19161744729139,Triclinic,-2.135636320332855,0.03435502666665524,0.6686999999999999,False,False
mp-2468835,Li7B18O,26,9.175029616817788,Monoclinic,-0.41602970897435926,0.029330214096150442,0.0,False,True
mp-768059,Li7Ni9O16,32,8.565629956228548,Triclinic,-1.4425759313541668,0.020427117916666404,0.0,False,True
mp-768079,Li7(NiO2)11,40,9.364322865754904,Triclinic,-1.2641480725833332,0.03672450937500038,0.0,False,True
mp-769505,Li7Mn10Cr6O32,55,10.550463521928497,Triclinic,-2.1526316976844306,0.010604487259082696,0.0,False,True
mp-769539,Li7VGeO8,34,10.941380525129762,Triclinic,-2.3643067260784307,0.029984217647058387,3.5013,False,False
mp-769574,Li7V6Ni5O24,42,10.169455890497998,Triclinic,-2.1250052531746024,0.018005913154762965,0.0,False,True
mp-771050,Li7MgNi7O16,31,8.628399685570132,Triclinic,-1.5331933254301071,0.017973430318101613,0.3481000000000001,False,False
mp-771056,Li7Ti5Mn12O32,56,11.035484325270085,Triclinic,-2.4576160772352225,0.03463289438618844,0.0,False,True
mp-771155,Li7Co5O12,24,7.9047985038408095,Monoclinic,-1.7574475763888888,0.003907136250002274,0.0,False,True
mp-772995,Li7Ti12Fe5O32,56,11.062210959035625,Trigonal,-2.9294460477380957,0.037272625982142316,0.0,False,True
mp-773078,Li7Ca8Nb12O40,67,12.473332771190016,Triclinic,-3.0971355985572147,0.013228921138065175,0.0,False,True
mp-773172,Li7Mn12Cu5O32,56,10.22570198158243,Trigonal,-1.7968592287233167,0.035156102295635705,0.0,False,True
mp-774815,Na9Li7V16O48,80,13.50298640029369,Monoclinic,-2.3857671945718395,0.01282192793750081,3.0439,False,False
mp-775490,NaLi7Fe8(SiO3)16,80,10.868077991336593,Triclinic,-2.750841001058909,0.010396682677073166,2.7009000000000003,False,False
mp-775890,Li7V6(OF)12,74,11.133613583596903,Triclinic,-2.708681506576577,0.04821652810809418,0.29780000000000006,False,False
mp-776654,Li7V5O12,24,9.09032655626864,Monoclinic,-2.462045172222222,0.0347239379166604,1.1547,False,False
mp-777404,Li7Mn8(BO3)8,47,10.64308034588459,Triclinic,-2.4843133253215943,0.02793133962766081,0.44909999999999983,False,False
mp-777865,Li7Mn8(BO3)8,47,10.704311229917366,Triclinic,-2.4838685983003175,0.02837606664893766,0.1554000000000002,False,False
mp-778813,Li7Mn8(BO3)8,47,10.668380465526633,Triclinic,-2.4838097295769135,0.028434935372341208,0.3466999999999998,False,False
mp-779028,Li7Mn8(BO3)8,47,10.640055351054759,Triclinic,-2.484817552555637,0.02742711239361828,0.3126,False,False
mp-779060,Li7Mn8(BO3)8,47,10.711454375172558,Triclinic,-2.4843307155343606,0.027913949414894113,0.3579000000000001,False,False
mp-779296,Li7Mn8(BO3)8,47,10.641525525820432,Triclinic,-2.4841724042577646,0.02807226069149049,0.4436,False,False
mp-779303,Li7Mn8(BO3)8,47,10.642456154451352,Triclinic,-2.484444010215211,0.027800654734043917,0.2751999999999999,False,False
mp-779313,Li7Mn8(BO3)8,47,10.08306639289944,Triclinic,-2.4836126997896795,0.028631965159575223,0.1137999999999999,False,False
mp-779356,Li7Mn8(BO3)8,47,10.684554466264705,Triclinic,-2.4836353912790416,0.028609273670213042,0.3379000000000001,False,False
mp-779455,Li7Ti5O12,24,8.94164793637666,Monoclinic,-2.9663111137500002,0.014344561874996664,0.0,False,True
mp-781628,Li7Mn8(BO3)8,47,10.615403737452688,Triclinic,-2.48444482085351,0.027799844095745208,0.5628,False,False
mp-849679,Li7Mn4(P2O7)4,94,11.538783292916886,Triclinic,-2.6301163479191554,0.016338445265970947,0.15139999999999998,False,False
mp-849710,Li7Fe8(BO3)8,47,10.377007798462829,Triclinic,-2.315315434609929,0.018894426861701952,1.4263,False,False
mp-849806,Li7Mn4(P2O7)4,94,11.561401554053125,Triclinic,-2.6317026699404327,0.014752123244694104,0.14900000000000002,False,False
mp-849995,Li7Sc9Fe(SiO3)20,97,11.807336141956206,Triclinic,-3.227209948333334,0.04384299164260952,0.0,False,True
mp-850007,Li7V16(PO4)24,143,12.159389551465466,Triclinic,-2.627890473459874,0.017626619965035673,0.8331999999999999,False,False
mp-850667,Li7V3P8O29,94,12.498242770742348,Triclinic,-2.683641855542047,0.020543708648053105,0.7224999999999999,False,False
mp-850710,Li7V3P8O29,94,12.45516211782513,Triclinic,-2.6781889746909826,0.025996589499117206,0.3264,False,False
mp-942733,Li7La3Zr2O12,96,11.58987996387969,Tetragonal,-3.1241169363888894,0.006846009531249031,4.450799999999999,False,False
mp-1174196,Li7Co5O12,24,7.879006439798058,Monoclinic,-1.7347921088888871,0.026562603750003966,0.0,False,True
mp-1174246,Li7Co5O12,24,7.852988942041194,Triclinic,-1.7453913426388894,0.015963370000002364,0.11979999999999968,False,False
mp-1174313,Li7Co5O12,24,8.754561666576125,Triclinic,-1.713724743055555,0.047629969583335985,1.0682,False,False
mp-1174377,Li7Co5O12,24,8.522026219999733,Monoclinic,-1.7157986947222217,0.04555601791666941,0.2096,False,False
mp-1174391,Li7Co5O12,24,7.883863668374329,Monoclinic,-1.7171195984722207,0.044235114166670364,0.0,False,True
mp-1174467,Li7Mn2(CoO4)3,24,8.983441713387796,Monoclinic,-1.9302858266331413,0.03260042375000083,1.6717000000000002,False,False
mp-1174505,Li7Mn2(CoO4)3,24,8.931112438955507,Monoclinic,-1.915002960383142,0.04788329000000058,1.5918,False,False
mp-1174885,Li7Mn4CoO12,24,9.087622671726532,Triclinic,-2.0559841468773947,0.045064656770829714,0.7947000000000002,False,False
mp-1175125,Li7Mn4CoO12,48,9.01350172175517,Triclinic,-2.071072178335728,0.029976625312496452,0.7662,False,False
mp-1175141,Li7Mn4CoO12,48,9.022607367561642,Triclinic,-2.081091178752395,0.019957624895829973,0.5566,False,False
mp-1175148,Li7Mn4CoO12,48,9.01845663880281,Triclinic,-2.076149040419061,0.024899763229163874,0.7370999999999999,False,False
mp-1175149,Li7Mn4CoO12,24,8.9039124964164,Triclinic,-2.0660773960440615,0.034971407604163396,0.6741000000000001,False,False
mp-1175153,Li7Mn4CoO12,48,8.996709669612953,Triclinic,-2.0639543510440617,0.037094452604163664,0.7901000000000002,False,False
mp-1175158,Li7Mn4CoO12,24,8.95035188748134,Triclinic,-2.0667734177107278,0.03427538593749713,0.7816000000000001,False,False
mp-1175160,Li7Mn4CoO12,48,8.920933621983485,Triclinic,-2.062454360419062,0.03859444322916339,0.6069999999999998,False,False
mp-1175161,Li7Mn4CoO12,48,8.984432034246163,Triclinic,-2.0659077625023947,0.035141041145830165,0.7254,False,False
mp-1175162,Li7Mn4CoO12,24,8.937946876400098,Monoclinic,-2.0733884814607286,0.027660322187496256,0.7788000000000004,False,False
mp-1175169,Li7Mn4CoO12,24,8.965717959882067,Triclinic,-2.064047651877395,0.03700115177082974,0.6068000000000002,False,False
mp-1175176,Li7Mn4CoO12,24,9.149072707048104,Triclinic,-2.0578856906273955,0.04316311302082987,0.8634,False,False
mp-1175184,Li7Mn4CoO12,24,9.109497418207658,Triclinic,-2.0623772418773947,0.038671561770829754,0.6483000000000003,False,False
mp-1175186,Li7Mn4CoO12,24,9.054151238960817,Triclinic,-2.059869915210728,0.0411788884374964,0.7385000000000002,False,False
mp-1175187,Li7Mn4CoO12,24,8.919938008904685,Triclinic,-2.0789441335440615,0.02210467010416295,0.7872000000000003,False,False
mp-1175194,Li7Mn4CoO12,24,9.072250753012296,Triclinic,-2.055439606044061,0.04560919760416393,0.8353999999999999,False,False
mp-1175195,Li7Mn4CoO12,24,9.025059974472583,Triclinic,-2.071117731044062,0.029931072604163056,0.8375999999999997,False,False
mp-1175198,Li7Mn4CoO12,24,9.027374413093591,Triclinic,-2.0692205360440616,0.031828267604163685,0.6557999999999997,False,False
mp-1175199,Li7Mn4CoO12,24,9.048360528995303,Triclinic,-2.0632944139607283,0.037754389687496115,0.9034,False,False
mp-1175203,Li7Mn4CoO12,24,9.07825978788972,Triclinic,-2.0620504977107275,0.03899830593749698,0.8702000000000001,False,False
mp-1175206,Li7Mn4CoO12,24,9.06523426853022,Triclinic,-2.0640211697940614,0.037027633854163966,0.8239000000000001,False,False
mp-1175214,Li7Mn4CoO12,24,8.97418864025562,Triclinic,-2.069258948960728,0.03178985468749751,0.7606000000000002,False,False
mp-1175217,Li7Mn4CoO12,24,9.014137260658924,Triclinic,-2.0632923406273953,0.03775646302082958,0.8443,False,False
mp-1175219,Li7Mn4CoO12,24,8.969253937791263,Triclinic,-2.066005424377394,0.03504337927083068,0.6917,False,False
mp-1175222,Li7Mn4CoO12,24,9.099737206805795,Triclinic,-2.0615253381273946,0.03952346552082986,0.8675000000000002,False,False
mp-1175226,Li7Mn4CoO12,24,9.010857301476422,Triclinic,-2.0643617243773953,0.03668707927082959,0.7899999999999996,False,False
mp-1175230,Li7Mn4CoO12,24,9.049603886120446,Triclinic,-2.0628228139607274,0.03822598968749702,0.45389999999999997,False,False
mp-1175239,Li7Mn4CoO12,24,9.054405865162547,Triclinic,-2.056348032294062,0.04470077135416339,0.8733,False,False
mp-1175245,Li7Mn4CoO12,24,9.061106159500419,Triclinic,-2.057839870210728,0.04320893343749699,0.5,False,False
mp-1175246,Li7Mn4CoO12,24,9.068145208520747,Triclinic,-2.054324060210728,0.04672474343749666,0.8252000000000002,False,False
mp-1175265,Li7Mn4CoO12,24,9.05603657339461,Monoclinic,-2.056485021877395,0.044563781770829536,1.0080999999999998,False,False
mp-1175268,Li7Mn4CoO12,48,9.025387044170392,Monoclinic,-2.070326166252395,0.030722637395829366,0.29120000000000035,False,False
mp-1175269,Li7Mn4CoO12,24,8.951428948739276,Monoclinic,-2.0802347477107284,0.02081405593749608,0.8241,False,False
mp-1175272,Li7Mn4CoO12,24,9.082065162264746,Monoclinic,-2.0601495922940614,0.04089921135416397,0.7963,False,False
mp-1175274,Li7Mn4CoO12,24,9.060923051882092,Monoclinic,-2.0554046939607282,0.04564410968749666,0.8874,False,False
mp-1175275,Li7Mn4CoO12,48,8.914153154698534,Monoclinic,-2.0715193014607274,0.02952950218749706,0.7547999999999999,False,False
mp-1175308,Li7Mn5O12,48,9.192282343356798,Triclinic,-2.1441232649161885,0.025868082083321475,0.9870000000000001,False,False
mp-1175313,Li7Mn5O12,48,9.205626828450328,Triclinic,-2.1462998394995214,0.02369150749998905,1.2911000000000001,False,False
mp-1175314,Li7Mn5O12,24,8.624555912989372,Triclinic,-2.1567600555411883,0.013231291458321692,0.9291999999999998,False,False
mp-1175316,Li7Mn5O12,24,9.194329882095785,Triclinic,-2.130567640124522,0.039423706874988085,0.0,False,True
mp-1175317,Li7Mn5O12,48,9.196137659116145,Triclinic,-2.1412838001245222,0.028707546874987777,0.9828999999999999,False,False
mp-1175318,Li7Mn5O12,48,9.183146445224706,Triclinic,-2.1274819822078546,0.04250936479165546,1.0611000000000002,False,False
mp-1175319,Li7Mn5O12,24,9.153980985913996,Triclinic,-2.1293892255411886,0.04060212145832143,0.0,False,True
mp-1175321,Li7Mn5O12,48,9.182906996582314,Triclinic,-2.1283581819995216,0.041633164999988814,0.0,False,True
mp-1175322,Li7Mn5O12,24,9.251299193435914,Triclinic,-2.1267120038745215,0.043279343124988934,0.3810000000000002,False,False
mp-1175323,Li7Mn5O12,48,9.194546041073432,Triclinic,-2.128314915332855,0.041676431666655134,1.0337,False,False
mp-1175325,Li7Mn5O12,24,9.175534868271605,Triclinic,-2.123827276374522,0.04616407062498862,0.0,False,True
mp-1175326,Li7Mn5O12,48,9.215873055219953,Triclinic,-2.1298439859578546,0.040147361041655394,1.0536000000000003,False,False
mp-1175327,Li7Mn5O12,24,9.189867627517971,Triclinic,-2.1320519122078547,0.037939434791655735,0.6351,False,False
mp-1175331,Li7Mn5O12,24,9.215463738394105,Triclinic,-2.1344050263745213,0.03558632062498912,0.0,False,True
mp-1175332,Li7Mn5O12,24,9.19358873473132,Triclinic,-2.130248887207855,0.039742459791654916,0.0,False,True
mp-1175334,Li7Mn5O12,24,9.147261656129128,Triclinic,-2.1314391430411885,0.038552203958321485,0.0,False,True
mp-1175335,Li7Mn5O12,48,9.18957944801024,Triclinic,-2.128706011999522,0.04128533499998799,0.9300999999999999,False,False
mp-1175337,Li7Mn5O12,24,9.18072656051492,Triclinic,-2.1326039063745217,0.03738744062498878,0.0,False,True
mp-1175343,Li7Mn5O12,48,9.254520248463377,Triclinic,-2.1372929330411883,0.03269841395832174,0.4796,False,False
mp-1175344,Li7Mn5O12,24,9.266196923422049,Triclinic,-2.1219397501245214,0.04805159687498861,0.6739000000000002,False,False
mp-1175346,Li7Mn5O12,24,9.258040856880415,Triclinic,-2.139405170541188,0.03058617645832218,0.9556999999999998,False,False
mp-1175349,Li7Mn5O12,24,9.26003325925428,Triclinic,-2.145998852624522,0.02399249437498785,0.9997000000000003,False,False
mp-1175354,Li7Mn5O12,48,9.254142913379663,Monoclinic,-2.1477111319995212,0.02228021499998878,1.0655000000000001,False,False
mp-1175357,Li7Mn5O12,48,9.209361976077755,Monoclinic,-2.123594577416188,0.04639676958332206,1.0881999999999996,False,False
mp-1175359,Li7Mn5O12,48,9.225224031708548,Monoclinic,-2.1260467003328554,0.043944646666655096,1.1801,False,False
mp-1175362,Li7Mn5O12,24,9.248144214255786,Monoclinic,-2.124668633874521,0.04532271312498892,0.9306000000000001,False,False
mp-1175363,Li7Mn5O12,48,9.16666322933013,Monoclinic,-2.1442275551245213,0.025763791874989117,1.2011999999999996,False,False
mp-1175365,Li7Mn5O12,24,9.215200643761346,Monoclinic,-2.124861587624522,0.04512975937498798,1.0486999999999997,False,False
mp-1175370,Li7Mn5O12,48,9.289437552345648,Monoclinic,-2.1293855459578555,0.040605801041654566,1.2091000000000003,False,False
mp-1176845,Li7V3P8O29,94,12.499186686460025,Triclinic,-2.676970667244174,0.027214896945925382,0.008499999999999952,False,False
mp-1176849,Li7V3P8O29,94,12.52025236472325,Monoclinic,-2.678082628201621,0.02610293598847857,0.9552,False,False
mp-1176850,Li7V3P8O29,94,12.405553282780149,Triclinic,-2.6839921284143866,0.020193435775713198,0.6026000000000002,False,False
mp-1176852,Li7V3P8O29,94,12.547727587404157,Triclinic,-2.687758476925026,0.01642708726507358,0.6729,False,False
mp-1176857,Li7V3P8O29,94,12.497753286854538,Monoclinic,-2.684073508839919,0.02011205535018057,1.0983,False,False
mp-1176861,Li7V3P8O29,94,12.448814276292985,Triclinic,-2.6902394678824724,0.013946096307627442,0.9086999999999998,False,False
mp-1176863,Li7V3P8O29,94,12.376838332878858,Triclinic,-2.6846714637335363,0.019514100456563988,1.0035,False,False
mp-1176864,Li7V3P8O29,94,12.498403336679713,Triclinic,-2.6912196580952386,0.012965906094861701,0.7826,False,False
mp-1176865,Li7V3P8O29,94,12.34056795651399,Triclinic,-2.677854610329281,0.026330953860819406,0.46930000000000005,False,False
mp-1176866,Li7V3P8O29,94,12.45596649265631,Triclinic,-2.684530019690983,0.019655544499117106,0.9478,False,False
mp-1176869,Li7V3P8O29,94,12.524393556019275,Triclinic,-2.6847919112867276,0.01939365290337225,0.9407000000000001,False,False
mp-1176870,Li7V3P8O29,94,12.433101461112196,Triclinic,-2.6827507757548124,0.02143478843528701,0.3257000000000001,False,False
mp-1176871,Li7V3P8O29,94,12.450033190358338,Triclinic,-2.6820167490526847,0.022168815137415088,0.8991999999999998,False,False
mp-1176872,Li7V3P8O29,94,12.481059808576004,Triclinic,-2.682160512137791,0.022025052052309313,0.7711000000000001,False,False
mp-1176873,Li7V3P8O29,94,12.444371185408507,Monoclinic,-2.673135889052685,0.031049675137414745,0.6495999999999997,False,False
mp-1176878,Li7V3P8O29,94,12.367923807984914,Triclinic,-2.6706305625633235,0.033555001626776715,0.5316000000000001,False,False
mp-1176881,Li7V3P8O29,94,12.447061579705244,Triclinic,-2.681550115861196,0.022635448328903962,0.9613,False,False
mp-1176882,Li7Fe5O12,24,9.261309068618674,Monoclinic,-1.8806905422222229,0.030757468020826906,0.0,False,True
mp-1176885,Li7Fe6(SiO4)6,43,12.488353452714065,Triclinic,-2.5133383900775197,0.03788953430232844,1.9923,False,False
mp-1176890,Li7Fe8(BO3)8,47,10.373989716965882,Triclinic,-2.3189666397163116,0.015243221755318892,1.8478,False,False
mp-1176894,Li7Mn3P3(CO7)3,74,11.252790178001648,Monoclinic,-2.3575258663798646,0.038778172732726546,0.3777999999999999,False,False
mp-1176897,Li7V3P8O29,94,12.495135463725294,Monoclinic,-2.683143479159068,0.021042085031031554,1.0756000000000001,False,False
mp-1176907,Li7Mn4(P2O7)4,94,11.554122920199449,Monoclinic,-2.631709189195752,0.014745603989374523,0.30179999999999985,False,False
mp-1176910,Li7Mn4(P2O7)4,94,11.555640439157212,Triclinic,-2.632283635153199,0.014171158031927256,0.2165999999999999,False,False
mp-1176911,Li7Mn4(P2O7)4,94,11.633570400077842,Monoclinic,-2.6296574972808577,0.016797295904268594,0.32919999999999994,False,False
mp-1176933,Li7Fe4(P2O7)4,94,11.36427731417176,Triclinic,-2.5458382454356636,0.017543626489362474,1.6231999999999998,False,False
mp-1176940,Li7Mn4(P2O7)4,94,11.524955834307526,Triclinic,-2.6340164126000065,0.012438380585119369,0.2872000000000001,False,False
mp-1176941,Li7V3P8O29,94,12.47636249104554,Triclinic,-2.685466416393111,0.0187191477969888,0.6486999999999998,False,False
mp-1176957,Li7Mn4(P2O7)4,94,11.639930651452827,Triclinic,-2.632794216536177,0.013660576648948819,0.1302000000000001,False,False
mp-1176968,Li7Mn2Fe6(PO4)8,55,11.03511300131492,Triclinic,-2.494930922115241,0.010048687772724385,1.4371,False,False
mp-1176972,Li7V3P8O29,94,12.424175024499544,Triclinic,-2.6907855754356635,0.013399988754436265,0.7926,False,False
mp-1177028,Li7Mn4(P2O7)4,94,11.525919045458842,Triclinic,-2.6336192560042617,0.012835537180864165,0.1341000000000001,False,False
mp-1177031,Li7Fe4(P2O7)4,94,11.338130957795187,Triclinic,-2.5464034058611955,0.01697846606383102,1.5648999999999997,False,False
mp-1177038,Li7V3P8O29,94,12.37154386354,Triclinic,-2.6820347742654507,0.02215078992464914,0.6184999999999998,False,False
mp-1177043,Li7Mn4(P2O7)4,94,10.963196825069122,Monoclinic,-2.626643340259581,0.01981145292554487,0.02320000000000011,False,False
mp-1177074,Li7Mn4(P2O7)4,94,11.592697378680013,Triclinic,-2.633391969195752,0.013062823989374195,0.23550000000000004,False,False
mp-1177121,Li7Fe4(PO4)6,41,11.563533313530314,Triclinic,-2.5030024968583042,0.02722770579268019,1.6567,False,False
mp-1177127,Li7Mn4(P2O7)4,94,11.599180283028218,Triclinic,-2.6312839032383044,0.015170889946821475,0.07269999999999999,False,False
mp-1198622,Li7La3Hf2O12,96,11.123722934126441,Tetragonal,-3.1851091275347216,0.009968351718751656,4.718,False,False
mp-1198740,Li7Nd3Zr2O12,96,11.190571128943164,Tetragonal,-3.0880625911805546,0.013406111614582272,4.2749,False,False
mp-1200057,Li7La3(SnO6)2,96,11.569349678691802,Tetragonal,-2.7054869555555556,0.009687648020833883,3.8804,False,False
mp-1222860,Li7Mn(BO3)3,80,10.034020487710112,Triclinic,-2.5396275330632188,0.003669811749998253,3.5681000000000003,False,False
mp-1222932,Li7Ho3(MoO4)8,50,12.9762580497586,Triclinic,-2.437884138966666,0.030796915550021176,3.37900452630981,False,False
mp-1223302,Li7Ta24O64,95,12.500037055990024,Monoclinic,-3.2236560454666665,0.023797252131583235,0.0,False,True
mp-1232439,Li7Mn5O12,24,9.183572433412028,Triclinic,-2.137329722624522,0.03266162437498821,0.08309999999999995,False,False
mp-27067,Li7Mo4P9O32,104,12.445286969618108,Tetragonal,-2.56570972702152,0.04333002432692723,4.1123,False,False
mp-27081,Li7Fe4P9O32,104,11.83710331867631,Tetragonal,-2.518418691156135,0.04233558096154155,2.5802,False,False
mp-27087,Li7V4P9O32,104,11.799410406358648,Tetragonal,-2.6878645522138274,0.03587024592948307,2.2043,False,False
mp-27453,Li7SbO6,14,9.619810683090085,Trigonal,-2.1464069980952374,0.022526039999999803,3.4971999999999994,False,False
mp-28891,Li7TaO6,14,9.544947547292521,Trigonal,-2.494037494333333,0.03254020428571547,4.373399999999999,False,False
mp-34052,Li7Ti7O16,30,9.960416660030207,Trigonal,-3.0742877315555557,0.03063980583333681,0.0,False,True
mp-34375,Li7OsO6,14,9.151353103255264,Triclinic,-1.9979919852380956,0.013609439591837358,0.6890000000000001,False,False
mp-34461,Li7Mn11O24,42,10.361266822159566,Triclinic,-2.0264752797755885,0.041071630595237885,0.9097999999999997,False,False
mp-37399,Li7NbO6,14,9.58881100097949,Trigonal,-2.410071405952382,0.03574840723214212,3.5059,False,False
mp-37436,Li7SbO6,14,8.913567569936703,Triclinic,-2.160186725952381,0.008746312142856816,3.4465000000000003,False,False
mp-37839,Li7RuO6,14,8.626336851987,Triclinic,-1.982366741666667,0.009826722857140702,1.2851000000000004,False,False
mp-38468,Li7Ti12O24,43,9.77795227247311,Monoclinic,-3.150760669147287,0.045802570581395585,0.0,False,True
mp-38487,Li7BiO6,14,9.525048141460093,Triclinic,-1.9806555430952386,0.0,1.8635,True,False
mp-530141,Li7Ti16O32,55,11.02357745974959,Tetragonal,-3.263676677393939,0.01109863036363734,0.0,False,True
mp-531409,Li7Nb8O24,78,11.512550019264937,Triclinic,-2.8463377471367517,0.028487070897437405,0.0,False,True
mp-554752,RbLi7(SiO4)2,36,10.982720104329166,Monoclinic,-2.634503632268519,0.0,4.718,True,False
mp-675534,Li7Mn10O24,41,10.296551289319158,Monoclinic,-1.9861581783571642,0.021545537017275684,0.0,False,True
mp-675734,Li7B18O,26,9.184586748187037,Monoclinic,-0.4124928716666672,0.032867051403842495,0.0,False,True
mp-686041,Li7Nb8O24,39,11.542165432597038,Triclinic,-2.8386686390598297,0.036156178974358966,0.0,False,True
mp-690435,Li7Mn11O24,42,10.316825933550062,Monoclinic,-2.026578636918446,0.04096827345238019,0.9826000000000001,False,False
mp-690528,Li7(NiO2)8,31,8.528887241243924,Triclinic,-1.4164625781720424,0.01794203802419503,0.0,False,True
mp-694974,Li7Mn16O32,55,10.778600322619354,Triclinic,-2.026796113095088,0.018882106631817663,0.2915000000000001,False,False
mp-695434,Li7Zr3Nb(TeO6)4,78,11.401911466418444,Triclinic,-2.429331326923077,0.016732509427652253,1.915,False,False
mp-699179,Li7Mn17O32,56,10.84374146111584,Monoclinic,-2.0499962667528737,0.015897938214285645,0.0264000000000002,False,False
mp-729675,Li7V8(PO4)12,75,11.976229095618777,Triclinic,-2.687042323587302,8.330815000334724e-05,0.9000000000000001,False,False
mp-754060,Li7BiO6,14,9.74837848626567,Trigonal,-1.96540869952381,0.015246843571429025,1.8489,False,False
mp-755638,Li7Ni5O12,24,8.089099795806368,Monoclinic,-1.5344557155555563,0.0070618141666694,0.5288999999999997,False,False
mp-756388,Li7Ni5O12,24,8.455589470839408,Monoclinic,-1.5053252197222229,0.03619231000000234,0.0,False,True
mp-756600,Li7Mn5O12,24,9.010839731876906,Monoclinic,-2.1484107547078555,0.021580592291654987,0.7342,False,False
mp-756862,Li7Fe5O12,24,8.5526277383503,Monoclinic,-1.8958191193055562,0.01562889093749309,0.018299999999999983,False,False
mp-756913,Li7Ni5O12,24,8.370197246981462,Triclinic,-1.519698442638889,0.021819087083336797,0.0,False,True
mp-757087,Li7Cr5O12,24,9.00113027665659,Monoclinic,-2.298038729722222,0.03442912062499914,0.0,False,True
mp-757263,Li7V3P8O29,94,12.414564208702279,Triclinic,-2.683873075861196,0.020312488328904088,0.5714000000000001,False,False
mp-757373,Li7V3P8O29,94,12.369246097080692,Triclinic,-2.6812099229888555,0.022975641201243846,1.0528,False,False
mp-757380,Li7V3P8O29,94,12.428408064528968,Monoclinic,-2.6821493372441743,0.022036226945925996,0.7511000000000001,False,False
mp-757432,Li7V3P8O29,94,12.4330819790919,Triclinic,-2.674209748946302,0.02997581524379811,0.0,False,True
mp-757537,Li7V3P8O29,94,12.467611587480555,Monoclinic,-2.6901210241590676,0.014064540031032635,0.3909,False,False
mp-757556,Li7V3P8O29,94,12.492269867973011,Triclinic,-2.6896225089463024,0.014563055243797862,0.9115,False,False
mp-757637,Li7V3P8O29,94,12.471959221153739,Triclinic,-2.6925179082016206,0.011667655988478742,0.4691000000000001,False,False
mp-757654,Li7V3P8O29,94,12.434428336552052,Triclinic,-2.6851327854356635,0.01905277875443634,0.9422999999999999,False,False
mp-757679,Li7V3P8O29,94,12.470946277944616,Triclinic,-2.6832739332016216,0.020911630988478258,0.46340000000000003,False,False
mp-757689,Li7V3P8O29,94,12.222589907410658,Triclinic,-2.6780588995845998,0.02612666460550006,0.0030999999999998806,False,False
mp-757708,Li7V3P8O29,94,12.465369942869623,Triclinic,-2.683707798839919,0.0204777653501802,0.5752999999999999,False,False
mp-757710,Li7V3P8O29,94,12.480338220092456,Triclinic,-2.6881872843718333,0.01599827981826607,0.8068999999999997,False,False
mp-757726,Li7Mn4P9O32,104,11.718970636833141,Tetragonal,-2.549674098016216,0.04628873420673063,0.8469000000000002,False,False
mp-757736,Li7(NiO2)9,34,8.745273386029504,Triclinic,-1.3668527389215672,0.015186373651962626,0.16420000000000012,False,False
mp-757896,Li7Mn14O32,53,10.574701262798657,Trigonal,-1.9364543440446762,0.02932277706368236,0.0,False,True
mp-758382,Li7(CuO2)6,25,10.837670603204176,Triclinic,-1.4814253153333334,0.021159498000004717,0.0,False,True
mp-758593,Li7Ni13O24,44,9.209783730652815,Monoclinic,-1.2473277798484843,0.04601868556818456,0.0,False,True
mp-758820,Li7(NiO2)12,43,9.416781108386441,Monoclinic,-1.2297294686821705,0.039054019777132964,0.022699999999999942,False,False
mp-758877,Li7Mn7P6(O8F)3,94,11.340109257015074,Hexagonal,-2.6513908019512282,0.0325556052659568,3.182,False,False
mp-759300,Li7V7P6(O8F)3,94,11.085838110347963,Hexagonal,-2.67297742864235,0.021911995848115318,2.135,False,False
mp-759336,Li7Cr7P6(O8F)3,94,11.242854196298316,Triclinic,-2.589831806727457,0.02631036230053141,1.5399000000000003,False,False
mp-760033,Li7Mn4(PO4)6,41,11.673757300326114,Triclinic,-2.568036078607674,0.028855329207315705,0.2600999999999998,False,False
mp-760050,Li7Sc9Fe(SiO3)20,97,11.818552864145358,Monoclinic,-3.225464770395189,0.04558816958075518,0.0,False,True
mp-760108,Li7Fe7P6(O8F)3,94,10.930920914963917,Hexagonal,-2.4800388667274564,0.03865370452127781,3.3213000000000004,False,False
mp-760223,Li7V3P8O29,94,12.490782209437507,Triclinic,-2.6829822743718337,0.021203289818266136,1.0046000000000002,False,False
mp-760371,Li7V4(PO4)6,41,11.666820918386556,Trigonal,-2.6991232466144024,0.01643244890243256,0.0,False,True
mp-760789,Li7V3P8O29,94,12.382839877393085,Monoclinic,-2.6831824062867273,0.021003157903372482,1.0791000000000002,False,False
mp-761017,Li7Fe4(PO4)6,41,11.783181627744959,Triclinic,-2.4816646649070844,0.048565537743900045,0.6465000000000001,False,False
mp-761099,Li7VO5F,28,10.486874572311436,Triclinic,-2.36308769202381,0.043835269464286064,1.7161000000000002,False,False
mp-761127,Li7V3P8O29,94,12.26008430139226,Monoclinic,-2.674567146605876,0.029618417584224233,1.0280999999999998,False,False
mp-761220,Li7Fe8(BO3)8,47,10.30006201041804,Triclinic,-2.3102899756737587,0.02391988579787263,1.5200999999999998,False,False
mp-764763,Li7Mn4O12,23,9.098369175594046,Triclinic,-2.0710854115242383,0.04281145988405566,0.0,False,True
mp-764764,Li7Mn5O12,48,9.127476834400873,Monoclinic,-2.1564604711661883,0.013530875833321687,0.6299000000000001,False,False
mp-764896,Li7Fe8(BO3)8,47,10.384840886687408,Triclinic,-2.309780069503546,0.02442979196808448,1.1563999999999999,False,False
mp-766084,Li7Nb12O24,43,11.342640126770513,Triclinic,-2.7164435079844966,0.04362963098837369,0.0,False,True
mp-766103,Li7Zr3Nb(TeO6)4,39,11.331329797284653,Trigonal,-2.4281164941025635,0.0179473422481653,2.3669,False,False
mp-766239,Li7V5O12,24,9.27460874673525,Triclinic,-2.47563686263889,0.02113224749999265,0.9636999999999998,False,False
mp-766393,Li7Ti11O24,42,10.752723985366687,Monoclinic,-3.2271573211904765,0.0005131521428562991,0.0,False,True
mp-766543,Li7Ti11O24,42,10.455090162317942,Monoclinic,-3.1965644111904767,0.031106062142857382,0.0,False,True
mp-766574,Li7(NiO2)10,37,9.113441981823735,Monoclinic,-1.3100893460360363,0.028075966204956337,0.0,False,True
mp-766823,Li7Ti11O24,42,10.464565437258752,Monoclinic,-3.227670473333334,0.0,0.0,True,True
mp-766834,Li7Ti16O32,55,10.682221630238894,Monoclinic,-3.237525571030303,0.03724973672727394,0.0,False,True
mp-767146,Li7Ti12NbO30,50,10.787901219413769,Trigonal,-3.227854914866666,0.029950379549996242,2.6266,False,False
mp-767763,Li7Mn8O20,70,10.05561466889254,Monoclinic,-2.0148199219080456,0.020821266495225643,0.0,False,True
mp-1638660,Li8(CoO2)5,23,11.067407952074008,Triclinic,-1.7087077324637685,0.049295090407609266,0.6687999999999998,False,False
mp-768084,Li8V11O22,41,10.180818971928263,Triclinic,-2.4614855628455294,0.04983377722560878,0.8115000000000001,False,False
mp-768492,Li8TiMn3(PO4)6,42,11.870798470048081,Triclinic,-2.7059857200392927,0.04412117910714208,1.3607,False,False
mp-768511,Li8Mn3V(PO4)6,42,11.732398176141471,Triclinic,-2.632915139245642,0.0408505652380855,0.40249999999999986,False,False
mp-768533,Li8TiMn3(PO4)6,42,11.75911743019488,Triclinic,-2.7079438512297678,0.04216304791666747,1.1916000000000002,False,False
mp-768534,Li8Mn3V(PO4)6,42,11.760395688296924,Triclinic,-2.636635361864689,0.03713034261903836,0.4897,False,False
mp-768581,Li8Mn3Cr(PO4)6,42,11.68016853198427,Triclinic,-2.6229793018646874,0.027010507420633267,0.4664999999999999,False,False
mp-770529,Li8Mn15CrO32,56,10.665873652587482,Triclinic,-2.0790747584934315,0.00890878196429501,0.3151999999999999,False,False
mp-771196,Li8Mn12Ni4O31,55,9.801371756112419,Triclinic,-1.9304366837607094,0.025359580454544783,0.8603000000000001,False,False
mp-771651,Li8Mn13Fe3O32,56,10.63019675997724,Triclinic,-2.0214470391030375,0.004099636830359188,0.38000000000000034,False,False
mp-772521,Li8TiO6,30,9.371377475985453,Hexagonal,-2.445641585,0.00352443733333363,3.9915999999999996,False,False
mp-772619,Li8Te2O9,76,10.570646074451556,Triclinic,-2.049378088157895,0.04774681486841548,2.2984,False,False
mp-772976,Li8Mn15NiO32,56,10.487820180278293,Trigonal,-2.0331688156362895,0.005574276339284978,0.6734,False,False
mp-772983,Li8Fe2O9,76,8.974231381954667,Triclinic,-1.8438580644298248,0.017332112500000108,0.5312000000000001,False,False
mp-774042,Li8Mn5Fe3(BO3)8,48,10.394491552817021,Triclinic,-2.4410299339511483,0.005372556927078165,3.0615999999999994,False,False
mp-774173,Li8MnFe7(BO3)8,48,10.478121962793809,Triclinic,-2.348097521623562,0.0068954708854152,3.116,False,False
mp-774189,Li8Mn7Fe(BO3)8,48,10.499456588582941,Triclinic,-2.484849809073276,0.007257430989575653,2.9742,False,False
mp-774299,Li8Mn5Fe3(BO3)8,48,10.605599449360088,Triclinic,-2.4389314949928163,0.007470995885410225,2.979,False,False
mp-774396,Li8Mn5Fe3(BO3)8,48,10.58120801245551,Triclinic,-2.4386251235344822,0.007777367343744679,0.0,False,True
mp-774410,Li8Mn3Fe5(BO3)8,48,10.507166157156998,Triclinic,-2.3937801811206882,0.006917560572914816,0.0,False,True
mp-774835,Li8Fe7(PO4)8,55,10.926302774788715,Monoclinic,-2.4615503093419915,0.030107899727263465,0.024399999999999977,False,False
mp-774976,Li8Mn5Fe3(BO3)8,48,10.545179093936419,Triclinic,-2.439370832284483,0.0070316585937435505,0.04300000000000015,False,False
mp-775101,Li8TiFe7(PO4)12,76,12.257479321767892,Triclinic,-2.491644083496241,0.015993014161187702,0.0,False,True
mp-775158,Li8Mn13Cr3O32,56,10.538392522903075,Monoclinic,-2.127737935888753,0.0,0.2088000000000001,True,False
mp-775186,Li8Sc5Fe3(SiO3)16,80,11.2020294100662,Monoclinic,-3.1191755490208335,0.0077714486354150125,2.9477999999999995,False,False
mp-775203,Li8ScFe7(SiO3)16,80,10.519905503197304,Triclinic,-2.8281545896458353,0.00986104088541051,2.7487000000000004,False,False
mp-775252,Li8Mn3Fe5(BO3)8,48,10.31458198863668,Triclinic,-2.3973563373706894,0.0033414043229145207,3.0354,False,False
mp-775257,Li8Mn3Fe5(BO3)8,48,10.528714431283634,Triclinic,-2.3948046344540224,0.005893107239581141,3.1048,False,False
mp-775268,Li8Mn7Fe(BO3)8,48,10.451128220112382,Triclinic,-2.485102970531609,0.00700426953124289,2.9600000000000004,False,False
mp-775378,Li8Mn3Fe5(BO3)8,48,10.529937632241971,Triclinic,-2.393525275912355,0.007172465781247972,3.0338,False,False
mp-776113,Li8TiMn7(PO4)12,76,11.926308800386094,Triclinic,-2.5468251087004155,0.013249339232460855,0.24919999999999987,False,False
mp-776162,Li8Mn7Ni(PO4)12,76,11.840539935959379,Triclinic,-2.432380568261818,0.02126209218933539,0.0,False,True
mp-776163,Li8NbFe7(PO4)12,76,12.332849259430269,Triclinic,-2.4974732963471187,0.011396011381576088,0.0,False,True
mp-776549,Li8FeO5F,30,10.019682497159264,Hexagonal,-2.1670833387777786,0.028506134333332156,2.9946,False,False
mp-776668,Li8Mn7Fe(PO4)12,76,11.858129223366769,Triclinic,-2.461569071946029,0.017658005968571366,0.13260000000000005,False,False
mp-776746,Li8Fe7Sb(PO4)12,76,12.27277760325409,Triclinic,-2.4355658622681697,0.013280760899124111,0.0,False,True
mp-776829,Li8Mn7Cr(PO4)12,76,11.868765020905705,Triclinic,-2.4821937701039234,0.018539010639623044,0.09939999999999993,False,False
mp-777357,Li8Mn7Fe(BO3)8,48,10.68324409466787,Triclinic,-2.484174540323276,0.007932699739575888,2.8977000000000004,False,False
mp-777438,Li8MnFe7(BO3)8,48,10.250242895113034,Triclinic,-2.3508205062068956,0.004172486302081779,3.1051,False,False
mp-777579,Li8Fe7Sn(PO4)12,76,12.345821324624401,Triclinic,-2.432886229570803,0.01566584100329127,0.0,False,True
mp-777583,Li8Mn3Fe5(BO3)8,48,10.52225462301679,Triclinic,-2.3830289600790224,0.01766878161458063,3.0954,False,False
mp-777649,Li8Mn7Fe(BO3)8,48,10.712613412340014,Triclinic,-2.484131014073276,0.007976225989575703,2.9027999999999996,False,False
mp-777727,Li8Mn7Fe(BO3)8,48,10.472316583808492,Triclinic,-2.4848486142816086,0.007258625781243033,2.9747000000000003,False,False
mp-777729,Li8Mn7Fe(BO3)8,48,10.45525566230832,Triclinic,-2.484978251989942,0.0071289880729095145,2.9645,False,False
mp-777765,Li8Mn5Fe3(BO3)8,48,10.33724014196334,Triclinic,-2.440807832701149,0.005594658177077605,3.082,False,False
mp-777768,Li8Mn7Fe(BO3)8,48,10.701929961769745,Triclinic,-2.4841751444899423,0.00793209557290897,2.9053000000000004,False,False
mp-777788,Li8Mn7Fe(BO3)8,48,10.506864611070702,Triclinic,-2.484986958031609,0.007120282031242375,2.9791,False,False
mp-777792,Li8Mn7Fe(BO3)8,48,10.49210621696243,Triclinic,-2.4848323184482766,0.007274921614574659,2.9821000000000004,False,False
mp-777795,Li8Mn7Fe(BO3)8,48,10.033242159040125,Triclinic,-2.4841811551149426,0.007926084947908585,2.8866999999999994,False,False
mp-777802,Li8MnFe7(BO3)8,48,10.249157483118324,Triclinic,-2.3535095995402284,0.0014833929687485536,3.1564999999999994,False,False
mp-777943,Li8Mn3Fe5(BO3)8,48,10.53535797802485,Triclinic,-2.3949995213290216,0.005698220364581452,3.101,False,False
mp-777957,Li8Mn3Fe5(BO3)8,48,10.33135363029746,Triclinic,-2.396046457579022,0.0046512841145816,3.148480650591736,False,False
mp-777962,Li8Mn5Fe3(BO3)8,48,10.38808590381109,Triclinic,-2.4328846177011485,0.013517873177078421,2.9955000000000003,False,False
mp-778004,Li8MnFe7(BO3)8,48,10.267956679204861,Triclinic,-2.352861024540229,0.0021319679687481496,3.1457999999999995,False,False
mp-778045,Li8Mn3Fe5(BO3)8,48,10.501700960587776,Triclinic,-2.395092599245688,0.005605142447914879,3.1249,False,False
mp-778083,Li8MnFe7(BO3)8,48,10.224882898624976,Triclinic,-2.353324775373562,0.0016682171354149844,3.1706000000000003,False,False
mp-778135,Li8Mn7Fe(BO3)8,48,10.710125287581,Triclinic,-2.4840803840732755,0.008026855989576198,2.8964,False,False
mp-778158,Li8Mn3Fe5(BO3)8,48,10.332350745742378,Triclinic,-2.3972836350790216,0.003414106614582302,0.0,False,True
mp-778174,Li8Mn5Fe3(BO3)8,48,10.623514676629982,Triclinic,-2.439314913742816,0.007087577135410861,3.0399000000000003,False,False
mp-778203,Li8MnFe7(BO3)8,48,10.392620110884156,Triclinic,-2.3502022249568957,0.004790767552081299,3.1654,False,False
mp-778205,Li8Mn7Fe(BO3)8,48,10.632374145244775,Triclinic,-2.483670381364943,0.008436858697908889,2.8851999999999998,False,False
mp-778272,Li8Mn7Fe(BO3)8,48,10.692535643136289,Triclinic,-2.484114542198276,0.007992697864575682,2.8974,False,False
mp-778297,Li8Mn7Fe(BO3)8,48,10.496719391268313,Triclinic,-2.485045135739943,0.00706210432290888,2.9810999999999996,False,False
mp-778302,Li8Mn5Fe3(BO3)8,48,10.364871745399599,Triclinic,-2.441535863951149,0.004866626927078066,3.0728999999999997,False,False
mp-778477,Li8Mn5Fe3(BO3)8,48,10.64378843101063,Triclinic,-2.4390967170761493,0.007305773802077198,3.0374999999999996,False,False
mp-778495,Li8Mn7Fe(BO3)8,48,10.52535461838423,Triclinic,-2.4849344626149423,0.00717277744790934,2.974,False,False
mp-778721,Li8Mn7Fe(BO3)8,48,10.493912377339548,Triclinic,-2.484901530948276,0.007205709114575853,2.9745000000000004,False,False
mp-778754,Li8MnFe7(BO3)8,48,10.248562174829052,Triclinic,-2.353807886206896,0.0011851063020813513,3.1743000000000006,False,False
mp-778755,Li8MnFe7(BO3)8,48,10.459210408397292,Triclinic,-2.3495768372485624,0.0054161552604155005,3.1258,False,False
mp-778844,Li8MnFe7(BO3)8,48,10.246042257166492,Triclinic,-2.3496547907902294,0.005338201718747548,3.0650999999999997,False,False
mp-778882,Li8Mn5Fe3(BO3)8,48,10.58062330554582,Triclinic,-2.4372098104094824,0.009192680468744108,0.06500000000000039,False,False
mp-778883,Li8Mn3Fe5(BO3)8,48,10.316273542666144,Triclinic,-2.3972588850790224,0.0034388566145810984,3.1764,False,False
mp-779053,Li8Mn3Fe5(BO3)8,48,10.576125004174848,Triclinic,-2.3950808669540216,0.005616874739581945,2.8502,False,False
mp-779074,Li8Mn7Fe(BO3)8,48,10.721905477773918,Triclinic,-2.48377749553161,0.0083297445312418,2.8964,False,False
mp-779520,Li8Mn7Fe(BO3)8,48,10.728328085025579,Triclinic,-2.484105661989942,0.008001578072909687,2.901,False,False
mp-779765,Li8Mn5Fe3(BO3)8,48,10.546087369302397,Triclinic,-2.431626387909482,0.014776102968744986,2.9851,False,False
mp-780292,Li8Mn5Fe3(BO3)8,48,10.414179469937707,Triclinic,-2.4319728681178154,0.014429622760411043,3.0066,False,False
mp-780298,Li8Mn7Fe(BO3)8,48,10.503467848448103,Triclinic,-2.4850121657399433,0.007095074322908346,2.9777000000000005,False,False
mp-780436,Li8Mn5Fe3(BO3)8,48,10.598707084324634,Triclinic,-2.439039663326149,0.007362827552078066,3.0049,False,False
mp-780440,Li8MnFe7(BO3)8,48,10.39664923510241,Triclinic,-2.350852942665229,0.0041400498437482725,3.1364,False,False
mp-780470,Li8Mn3Fe5(BO3)8,48,10.547243999294407,Triclinic,-2.395150244245689,0.005547497447914829,3.1448,False,False
mp-780493,Li8CrO6,30,9.188836649543079,Hexagonal,-2.1355923887777775,0.0038918984999973816,2.1344000000000003,False,False
mp-780716,Li8Mn7V(PO4)12,76,11.977953866744262,Triclinic,-2.504426465235502,0.01736611749452699,0.08030000000000004,False,False
mp-780717,Li8Mn7Nb(PO4)12,76,12.141036195210987,Triclinic,-2.54740208563024,0.013808068316894406,0.2581000000000001,False,False
mp-780776,Li8Fe7Ni(PO4)12,76,12.373562381237937,Triclinic,-2.3685363802944863,0.03337487077302903,0.0,False,True
mp-780785,Li8Fe7Co(PO4)12,76,12.252637777192357,Triclinic,-2.3793932348997493,0.0270548828618411,0.0,False,True
mp-780787,Li8CoO5F,30,9.793844564986678,Monoclinic,-2.093245742111111,0.03114167233333287,1.6314000000000002,False,False
mp-780795,Li8CrFe7(PO4)12,76,12.219717687852182,Triclinic,-2.413278544241854,0.033223162938597284,0.0,False,True
mp-780799,Li8Mn5Fe3(BO3)8,48,10.596844650998419,Triclinic,-2.439387535201149,0.007014955677077772,0.0,False,True
mp-782001,Li8La4TiNb7O28,48,12.305865791396199,Monoclinic,-3.130875999583333,0.03603676794271671,0.0,False,True
mp-849430,Li8MnFe7(PO4)8,56,10.801775637625864,Monoclinic,-2.4972749357453674,0.0018126687946482534,3.9665,False,False
mp-849522,Li8V3P8O29,96,12.267817118204965,Monoclinic,-2.7269130079960315,0.0,1.0602000000000003,True,False
mp-850226,Li8Mn7Fe(BO3)8,48,10.668134519519882,Triclinic,-2.483961066781609,0.008146173281242675,2.9085,False,False
mp-850260,Li8MnFe7(BO3)8,48,10.454780529137926,Triclinic,-2.3493669168318956,0.005626075677081843,3.2128999999999994,False,False
mp-850743,Li8MnFe7(BO3)8,48,10.229035339225364,Triclinic,-2.353497702040229,0.0014952904687488555,3.1002,False,False
mp-850772,Li8CoNi9O20,76,9.142447175751636,Monoclinic,-1.3836659921491228,0.0399085646271935,0.0,False,True
mp-861717,Li8MnFe7(PO4)8,56,10.818512358778964,Monoclinic,-2.4973709019953674,0.0017167025446482853,4.3458000000000006,False,False
mp-882371,Li8V3P8O29,96,12.14862907021889,Monoclinic,-2.705562699246032,0.021350308749972235,1.0099,False,False
mp-1176805,Li8VO6,15,8.617791164886464,Trigonal,-2.199859522444444,0.03700209716666425,1.6063999999999998,False,False
mp-1176826,Li8V3P8O29,96,12.200994165782744,Triclinic,-2.7154812882043653,0.011431719791639594,0.8073999999999999,False,False
mp-1176831,Li8MnFe7(BO3)8,48,10.403797242353663,Triclinic,-2.349923016415229,0.005069976093747819,3.2957,False,False
mp-1176833,Li8MnFe7(BO3)8,48,10.362683690857077,Triclinic,-2.349147262456896,0.005845730052080889,3.3205000000000005,False,False
mp-1176834,Li8Fe7Te(PO4)12,76,12.197973264100078,Triclinic,-2.4135369436716796,0.02255560474999463,0.030899999999999928,False,False
mp-1176835,Li8Fe7P12WO48,76,12.260402482608349,Triclinic,-2.463712781741855,0.015592453618424429,0.0343,False,False
mp-1176836,Li8MnFe7(BO3)8,48,10.195934307070557,Triclinic,-2.3536626470402293,0.0013303454687481064,3.2986999999999993,False,False
mp-1176839,Li8MnFe7(BO3)8,48,10.18685848379609,Triclinic,-2.3539250901652284,0.0010679023437489832,3.299,False,False
mp-1176840,Li8Mn5Fe3(BO3)8,48,10.519202248643547,Triclinic,-2.4393791624928163,0.007023328385410643,2.9490000000000003,False,False
mp-1176842,Li8Mn7Sb(PO4)12,76,12.116079818294066,Triclinic,-2.4843616354986615,0.014893429468210151,0.0,False,True
mp-1176847,Li8CoO5F,30,9.8296752018442,Triclinic,-2.0949217111111107,0.029465703333332982,1.7086000000000001,False,False
mp-1176848,Li8Mn3Cr(PO4)6,42,11.673436045149185,Triclinic,-2.618190727817069,0.03179908146825117,0.5567000000000002,False,False
mp-1176859,Li8MnFe7(PO4)12,76,12.20170705834023,Triclinic,-2.413331355398842,0.02260731872258681,0.0,False,True
mp-1176867,Li8CoNi9O20,76,9.086757007479315,Monoclinic,-1.3990814251754387,0.024493131600877405,0.0,False,True
mp-1176886,Li8Mn3Fe5(BO3)8,48,10.267227229058257,Triclinic,-2.3859158975790216,0.014781844114581943,3.1234,False,False
mp-1176891,Li8Mn3Fe5(BO3)8,48,10.250945316546327,Triclinic,-2.3972604979956884,0.0034372436979150933,3.0591999999999997,False,False
mp-1176895,Li8Mn7Sn(PO4)12,76,12.071228106853978,Triclinic,-2.488459139117082,0.014281063322373555,0.3447,False,False
mp-1176950,Li8Mn7Cu(PO4)12,76,11.838790386452931,Triclinic,-2.4190052458933975,0.024992867364773907,0.09450000000000003,False,False
mp-1177097,Li8Fe7Cu(PO4)12,76,12.303574878327446,Triclinic,-2.3581724229260654,0.03384664558388106,0.0,False,True
mp-1177305,Li8Ti7Fe9(PO4)24,144,12.982056720296827,Triclinic,-2.5905322816765883,0.03908101990451307,0.0,False,True
mp-1201314,Li8Be6P7O29,100,11.06335120447771,Trigonal,-2.7453753870833335,0.0,0.1038,True,False
mp-1315015,Li8VO6,30,8.495672355504745,Triclinic,-2.208516605777778,0.028345013833330768,1.8661,False,False
mp-4527,Li8SnO6,15,8.664887551237625,Trigonal,-2.143005662111111,0.0,3.8134000000000006,True,False
mp-8469,Li8IrO6,15,8.335252158764265,Trigonal,-1.9249122617777767,0.005303040733334541,0.0,False,True
mp-8610,Li8PtO6,15,8.351892494098935,Trigonal,-1.913959471111112,0.0,2.1611,True,False
mp-8611,Li8CeO6,15,9.564438134108618,Trigonal,-2.434416167777777,0.0020737446666787562,2.5162,False,False
mp-22538,Li8PbO6,15,9.111034926447841,Trigonal,-1.9750714904444446,0.0010535976666625757,2.3403,False,False
mp-27920,Li8CoO6,30,9.175861174735969,Hexagonal,-1.9392833037777781,0.008495306333334618,1.0757999999999999,False,False
mp-28030,Li8Nb2O9,76,9.534229582998178,Triclinic,-2.6278196602192976,0.0,3.2086,True,False
mp-28548,Li8GeO6,30,9.157012274253285,Hexagonal,-2.2027338761111115,0.0006375609999986764,3.4877000000000002,False,False
mp-28549,Li8SiO6,30,8.790217106749964,Hexagonal,-2.4350391874444446,0.0,4.4497,True,False
mp-555626,Na2Li8U11(WO22)2,67,13.769592230930067,Triclinic,-3.1801096804391826,0.01534388776119755,1.2792000000000003,False,False
mp-559185,Li8Bi2(MoO4)7,90,13.824404061133654,Tetragonal,-2.1294569647037025,0.0016113872777738791,2.9688,False,False
mp-560555,Li8Bi2PdO10,21,10.86245726677389,Monoclinic,-1.843717397460318,0.0,0.8559999999999999,True,False
mp-752889,Li8VO5F,60,8.872932960051488,Triclinic,-2.27476954561111,0.04911687450000013,2.1185,False,False
mp-752922,Li8HfO6,15,8.679176530804074,Trigonal,-2.512032497111112,0.0027663176666665734,5.3818,False,False
mp-753625,Li8MnO5F,60,9.022363193627458,Triclinic,-2.2078605418065136,0.026982924166666145,1.975,False,False
mp-754586,Li8BiO6,15,9.929287762078326,Trigonal,-1.9712935144444443,0.028812937083335655,0.0,False,True
mp-755081,Li8(NiO2)5,23,8.954421921221323,Triclinic,-1.601106722898551,0.04440733876811542,0.016699999999999715,False,False
mp-755225,Li8ZrO6,15,8.805020783057925,Trigonal,-2.46284939711111,0.0006577910000018505,4.7583,False,False
mp-755616,Li8WO6,15,9.113131787244619,Trigonal,-2.117255039777777,0.03589100266666723,2.9931,False,False
mp-755817,Li8MnO6,15,8.35384539613488,Trigonal,-2.0789892603065137,0.03001457999999868,1.7904,False,False
mp-756239,Li8CrO6,30,8.407586224744362,Trigonal,-2.1038972317777778,0.03558705549999708,1.0428000000000002,False,False
mp-756255,Li8VO6,60,8.496370715336452,Triclinic,-2.209285109111111,0.027576510499997653,1.7832,False,False
mp-756356,Li8FeO6,30,8.57074681293093,Triclinic,-1.9643862257777773,0.029306551666667957,0.3605999999999999,False,False
mp-757283,Li8V3P8O29,96,12.31228696914202,Monoclinic,-2.714280625287699,0.012632382708305911,1.2028,False,False
mp-757498,Li8V3P8O29,96,12.195865264628694,Triclinic,-2.7010649847668655,0.025848023229139372,0.021199999999999886,False,False
mp-757784,Li8V3P8O29,96,12.112886343569945,Triclinic,-2.7051611646626985,0.021751843333305487,0.9400999999999999,False,False
mp-757891,Li8V3P8O29,96,12.207431436846734,Monoclinic,-2.707848480079365,0.019064527916639484,0.6427,False,False
mp-758412,Li8Mn7Co(PO4)12,76,11.752172642632932,Triclinic,-2.4322241554986603,0.026855053220036673,0.12759999999999994,False,False
mp-758577,Li8VFe7(PO4)12,76,12.149257584753455,Triclinic,-2.4537038160839586,0.01637701015625126,0.0,False,True
mp-758772,Li8(NiO2)11,82,9.06769742662423,Triclinic,-1.3296680117479676,0.024090079705279877,0.1948000000000003,False,False
mp-759197,Li8FeNi9O20,38,8.95872137220682,Triclinic,-1.4191210349122814,0.023375761726971866,0.0,False,True
mp-759370,Li8Fe3Ni7O20,38,9.337599308176193,Monoclinic,-1.516285632280701,0.022715545838821072,0.0,False,True
mp-759442,Li8Fe9CoO20,38,9.827795158379468,Monoclinic,-1.8170481864912287,0.029427389776315316,0.0,False,True
mp-759713,Li8Ti15O32,55,10.983717441541637,Trigonal,-3.248932438484849,0.011685113090916133,0.0,False,True
mp-759775,Li8Mn9O18,70,9.890828264595456,Triclinic,-2.117269598229885,0.027648597999999858,0.5634000000000001,False,False
mp-760066,Li8NiO5F,30,8.776098290193527,Triclinic,-2.0121161034444452,0.04622638522222111,1.1136,False,False
mp-760950,Li8TiNi7O16,32,8.696274976188587,Triclinic,-1.7400736128125,0.018666643437497576,0.0,False,True
mp-761013,Li8MnNi7O16,32,8.743309389685423,Triclinic,-1.5984193782686784,0.009975564218750677,0.0947,False,False
mp-763305,Li8FeO6,30,9.833134518004348,Orthorhombic,-1.968938306111111,0.02475447133333475,0.0,False,True
mp-764701,Li8Mn5O10,23,10.096998718541979,Triclinic,-2.038509285927037,0.04969765043478169,0.4652000000000003,False,False
mp-764727,Li8NiO5F,30,9.52481880974697,Hexagonal,-2.026269434444445,0.032073054222220954,2.0822,False,False
mp-764865,Li8FeCo9O20,38,8.754849909965385,Triclinic,-1.6507924738596491,0.028718458371704614,0.14789999999999992,False,False
mp-764985,Li8Fe3Co7O20,38,9.124634874061224,Monoclinic,-1.697071193596491,0.026380971825656907,0.4165000000000001,False,False
mp-765504,Li8Fe3Co5O16,32,8.696375326252127,Monoclinic,-1.8114129852083325,0.008975651953124775,0.0,False,True
mp-768443,Na8Li9(FeO4)4,37,11.925343130303991,Triclinic,-1.7729469232712025,0.044644134712837236,0.022500000000000075,False,False
mp-769450,Li9Mn15O32,56,10.496617423677938,Triclinic,-2.0617451976600987,0.005941570803557283,0.5789,False,False
mp-769454,Li9(NiO2)10,39,8.482967259190595,Triclinic,-1.439750425897435,0.007697612446581736,0.0,False,True
mp-769460,Li9Mn12Ni3O32,56,10.15880317698687,Monoclinic,-1.9619381172352217,0.0031095423630960184,0.17629999999999968,False,False
mp-769514,Li9Mn12Cu3O32,56,10.174796824379985,Trigonal,-1.8869567947352215,0.026626629129461676,0.0,False,True
mp-772364,Li9Cr12Co7O48,76,11.956290496354239,Triclinic,-1.7349754196052622,0.03959854459704548,0.651,False,False
mp-772658,Li9Mn7V12O48,76,11.576064945842674,Triclinic,-2.206807267967332,0.04742491644188629,0.12339999999999995,False,False
mp-772996,Li9Fe23O32,64,9.872319397223448,Monoclinic,-1.7033639593750003,0.03882769324218671,1.0953000000000004,False,False
mp-773157,Li9Cr12Co7O48,76,11.885676072621118,Triclinic,-1.7346599082894734,0.03991405591283392,0.2583000000000001,False,False
mp-776035,Li9Cu3P8O29,98,11.692671479111036,Trigonal,-2.41127180494169,0.02911988916667152,0.6214000000000001,False,False
mp-776279,Li9V19O48,76,11.870265127791892,Triclinic,-2.4116796590789464,0.033326132697371946,1.2392,False,False
mp-776365,Li9Mn21O40,70,10.79244599754856,Triclinic,-2.0611699208078824,0.005166711714278627,0.3656999999999999,False,False
mp-776590,Li9P8W3O29,98,12.542955026988809,Trigonal,-2.5842441070845483,0.02419612009354921,3.6849999999999996,False,False
mp-778041,Li9Mn7(PO4)12,76,11.794973100837765,Triclinic,-2.434190039095152,0.03546560862938719,0.0,False,True
mp-779467,Li9V6(P8O29)2,89,13.108279842792971,Triclinic,-2.593000191396469,0.04412755750936981,1.0139,False,False
mp-779534,Li9V6(P8O29)2,89,13.115585629955866,Triclinic,-2.5913512464526494,0.045776502453189316,0.21720000000000006,False,False
mp-780155,Li9Fe3(OF7)2,28,10.75566238732444,Triclinic,-2.8353538403571434,0.04783439978174453,1.8077999999999999,False,False
mp-780186,Li9Mn10O20,39,9.829876642702592,Triclinic,-2.101805974597701,0.044645736282051374,0.47219999999999995,False,False
mp-831248,Li9Mn7V12O48,76,11.57708298280029,Triclinic,-2.214144035335753,0.040088149073464585,0.37649999999999983,False,False
mp-850091,Li9Nb10Cr6(PO4)24,145,13.106730346273332,Triclinic,-2.7523228354581275,0.036858049677228166,0.030799999999999716,False,False
mp-850768,Li9V6(P8O29)2,89,13.08907471667226,Triclinic,-2.5898377013964695,0.04729004750936916,0.5900000000000001,False,False
mp-859799,Li9Si2Ni5O16,32,8.343674263990353,Triclinic,-1.9756195903125002,0.04171056645833371,0.5968999999999998,False,False
mp-1100477,Li9Mn7O16,32,9.312879519738212,Monoclinic,-2.1259181086099135,0.04154289265623845,1.1732,False,False
mp-1100479,Li9Mn7O16,32,8.81042962869849,Monoclinic,-2.1260454207974133,0.04141558046873861,0.8746,False,False
mp-1100481,Li9Mn7O16,32,9.262931373914867,Monoclinic,-2.141881026109914,0.025579975156238,0.8933,False,False
mp-1100482,Li9Mn7O16,32,9.337645449150578,Monoclinic,-2.1290742067349138,0.038386794531238166,1.0428000000000002,False,False
mp-1100483,Li9Mn7O16,32,9.3045316590079,Monoclinic,-2.1271638714224137,0.04029712984373823,0.8865000000000003,False,False
mp-1100484,Li9Mn7O16,32,9.324994998329213,Monoclinic,-2.1294856892349134,0.037975312031238495,1.2165,False,False
mp-1100485,Li9Mn7O16,32,9.31699966571358,Monoclinic,-2.1236436776724137,0.043817323593738244,1.0529000000000002,False,False
mp-1100486,Li9Mn7O16,32,9.299748955603848,Monoclinic,-2.121892016734914,0.045568984531238144,0.0,False,True
mp-1100487,Li9Mn7O16,32,9.38315735322085,Monoclinic,-2.1263175645474135,0.041143436718738435,1.2325,False,False
mp-1100488,Li9Mn7O16,32,9.344101418624453,Monoclinic,-2.1218710470474136,0.04558995421873835,0.0,False,True
mp-1100491,Li9Mn7O16,32,9.266130368530318,Monoclinic,-2.117625652359914,0.049835348906237975,0.0,False,True
mp-1100492,Li9Mn7O16,32,9.30189757375914,Monoclinic,-2.1428761648599135,0.02458483640623843,0.9062999999999999,False,False
mp-1100493,Li9Mn7O16,32,9.367250095220477,Monoclinic,-2.125195077672414,0.04226592359373793,1.0526,False,False
mp-1100494,Li9Mn7O16,32,9.338108024750634,Monoclinic,-2.1279246789224135,0.039536322343738384,0.8948,False,False
mp-1100495,Li9Mn7O16,32,9.295024963369608,Monoclinic,-2.1226483298599135,0.04481267140623846,0.0010999999999996568,False,False
mp-1100496,Li9Mn7O16,32,9.377616613456597,Monoclinic,-2.1275582342349137,0.039902767031238184,1.1751,False,False
mp-1100497,Li9Mn7O16,32,9.26844199526963,Monoclinic,-2.1409934829849133,0.02646751828123861,0.9811000000000001,False,False
mp-1100499,Li9Mn7O16,32,9.266833822903198,Monoclinic,-2.1401237451724135,0.027337256093738382,0.9664000000000001,False,False
mp-1100500,Li9Mn7O16,32,9.305293638876956,Monoclinic,-2.1177627920474134,0.049698209218738576,0.0,False,True
mp-1100501,Li9Mn7O16,32,9.270851426388864,Triclinic,-2.1244425411099135,0.04301846015623845,0.5887000000000002,False,False
mp-1100502,Li9Mn7O16,32,9.295130751224864,Triclinic,-2.1198144376724137,0.0476465635937382,0.5059999999999998,False,False
mp-1100505,Li9Mn7O16,32,9.268449615170066,Monoclinic,-2.1401689217349134,0.027292079531238578,0.9934000000000003,False,False
mp-1100506,Li9Mn7O16,32,9.268021576645719,Triclinic,-2.1241656457974134,0.04329535546873853,0.5594000000000001,False,False
mp-1100507,Li9Mn7O16,32,9.267002089713678,Triclinic,-2.1229996307974135,0.04446137046873844,0.4605999999999999,False,False
mp-1100508,Li9Mn7O16,32,9.286679188682456,Triclinic,-2.1245597576724133,0.04290124359373859,0.6238000000000001,False,False
mp-1100509,Li9Mn7O16,32,9.318125916767498,Triclinic,-2.120397009547413,0.04706399171873876,0.45599999999999996,False,False
mp-1100510,Li9Mn7O16,32,9.367972119301383,Triclinic,-2.1267812945474134,0.04067970671873855,0.6760999999999999,False,False
mp-1100511,Li9Mn7O16,32,9.332768902388004,Triclinic,-2.124806872672414,0.04265412859373807,0.7082999999999999,False,False
mp-1100512,Li9Mn7O16,32,9.35901161832897,Triclinic,-2.124865317047414,0.04259568421873805,0.5915999999999997,False,False
mp-1100513,Li9Mn7O16,32,9.305301842680658,Triclinic,-2.1282035045474137,0.03925749671873824,0.6052000000000004,False,False
mp-1100514,Li9Mn7O16,32,9.298287531421902,Triclinic,-2.1403529732974134,0.02710802796873857,0.7577999999999996,False,False
mp-1100515,Li9Mn7O16,32,9.293587251708006,Triclinic,-2.132998786422414,0.034462214843737904,0.0,False,True
mp-1100516,Li9Mn7O16,32,9.303627733473292,Triclinic,-2.1342501811099135,0.03321082015623844,0.0,False,True
mp-1100517,Li9Mn7O16,32,9.311816954302222,Triclinic,-2.137494336734914,0.029966664531237974,0.6463999999999999,False,False
mp-1100518,Li9Mn7O16,32,9.297731757267247,Triclinic,-2.133026591109914,0.03443441015623794,0.0,False,True
mp-1100519,Li9Mn7O16,32,9.329374299064124,Triclinic,-2.1381860023599133,0.029274998906238636,0.6008,False,False
mp-1100520,Li9Mn7O16,32,9.361603784821412,Triclinic,-2.136823401109914,0.030637600156238065,0.5878000000000001,False,False
mp-1100521,Li9Mn7O16,32,9.359808309657977,Triclinic,-2.1247227382974136,0.04273826296873828,0.5720000000000001,False,False
mp-1100522,Li9Mn7O16,32,9.27680763172628,Triclinic,-2.1371841626724137,0.030276838593738198,0.5451999999999999,False,False
mp-1100523,Li9Mn7O16,32,9.352692318277173,Triclinic,-2.1386535223599132,0.028807478906238693,0.8445999999999998,False,False
mp-1100524,Li9Mn7O16,32,9.338811102381058,Triclinic,-2.1351651442349135,0.032295857031238384,0.0,False,True
mp-1100526,Li9Mn7O16,32,9.315392866361144,Triclinic,-2.1393181267349135,0.028142874531238427,0.685,False,False
mp-1100529,Li9Mn7O16,32,9.30392750387609,Triclinic,-2.1328416329849134,0.03461936828123857,0.0,False,True
mp-1100530,Li9Mn7O16,32,9.363297745484068,Triclinic,-2.1337692079849138,0.03369179328123817,0.0,False,True
mp-1100531,Li9Mn7O16,32,9.287786574190145,Triclinic,-2.1322905523599136,0.03517044890623833,0.0,False,True
mp-1100532,Li9Mn7O16,32,9.31872660279003,Triclinic,-2.1326590648599133,0.03480193640623863,0.0,False,True
mp-1100533,Li9Mn7O16,32,9.265349316534433,Triclinic,-2.124149368297414,0.04331163296873797,0.0,False,True
mp-1100534,Li9Mn7O16,32,9.271814084224593,Triclinic,-2.1330077401724132,0.034453261093738696,0.0,False,True
mp-1100536,Li9Mn7O16,32,9.26362538899498,Triclinic,-2.1435262807974134,0.02393472046873857,0.9337,False,False
mp-1100537,Li9Mn7O16,32,9.272078525197081,Triclinic,-2.132690197984914,0.03477080328123794,0.0,False,True
mp-1100538,Li9Mn7O16,32,9.264715824476015,Triclinic,-2.133101846734913,0.03435915453123872,0.0,False,True
mp-1100539,Li9Mn7O16,32,9.281447630970307,Triclinic,-2.134473900484914,0.0329871007812379,0.0,False,True
mp-1100540,Li9Mn7O16,32,9.275949509747912,Triclinic,-2.141636500172414,0.025824501093738128,1.0164,False,False
mp-1100541,Li9Mn7O16,32,9.332973981769266,Triclinic,-2.1445720257974132,0.022888975468738693,0.9314999999999998,False,False
mp-1100542,Li9Mn7O16,32,9.324645577473209,Triclinic,-2.1324874336099136,0.03497356765623838,0.0,False,True
mp-1100543,Li9Mn7O16,32,9.337995041905778,Triclinic,-2.134344182984914,0.033116818281238025,0.0,False,True
mp-1100544,Li9Mn7O16,32,9.288651458709186,Triclinic,-2.134742942672414,0.032718058593737886,0.0,False,True
mp-1100545,Li9Mn7O16,32,9.282278663136653,Triclinic,-2.1347245523599137,0.03273644890623828,0.0,False,True
mp-1100546,Li9Mn7O16,32,9.27316292917056,Triclinic,-2.1347054992349133,0.03275550203123867,0.0,False,True
mp-1100547,Li9Mn7O16,32,9.276757197670344,Triclinic,-2.134722967359914,0.03273803390623797,0.0,False,True
mp-1100549,Li9Mn7O16,32,9.364219265034421,Triclinic,-2.1428097395474133,0.02465126171873866,0.8886000000000003,False,False
mp-1100551,Li9Mn7O16,32,9.299318751632816,Triclinic,-2.142929185172414,0.024531816093738,0.8566000000000003,False,False
mp-1100552,Li9Mn7O16,32,9.270395761902938,Triclinic,-2.1371790354849134,0.03028196578123854,0.6019999999999999,False,False
mp-1100553,Li9Mn7O16,32,9.327981760123803,Triclinic,-2.1434839536099135,0.023977047656238426,0.9223000000000003,False,False
mp-1100554,Li9Mn7O16,32,9.310952340427956,Triclinic,-2.1409523214224135,0.026508679843738392,0.9744000000000002,False,False
mp-1100555,Li9Mn7O16,32,9.278242397263957,Triclinic,-2.1386912911099136,0.028769710156238304,0.6400000000000001,False,False
mp-1100556,Li9Mn7O16,32,9.294991694876432,Triclinic,-2.142239941422414,0.025221059843738125,0.8506,False,False
mp-1100557,Li9Mn7O16,32,9.372844514817983,Triclinic,-2.1424766239224136,0.024984377343738373,0.8778999999999999,False,False
mp-1100558,Li9Mn7O16,32,9.263547994584792,Triclinic,-2.1365517195474135,0.030909281718738413,0.5974000000000004,False,False
mp-1100559,Li9Mn7O16,32,9.343338854321145,Triclinic,-2.1347301795474136,0.03273082171873831,0.0,False,True
mp-1100562,Li9Mn7O16,32,9.32530268800999,Triclinic,-2.137781094859913,0.029679906406238743,0.6376,False,False
mp-1100580,Li9Mn7O16,32,9.284895285959797,Monoclinic,-2.1279042745474133,0.039556726718738666,1.2156000000000002,False,False
mp-1100581,Li9Mn7O16,32,9.313136692153025,Monoclinic,-2.141044341422414,0.02641665984373809,0.9251999999999998,False,False
mp-1101479,NaLi9Fe10(SiO3)20,100,10.86451570000138,Monoclinic,-2.751215939713793,0.010930765024991018,2.7254,False,False
mp-1101531,Li9Co3P8O29,98,11.721157567542583,Monoclinic,-2.4700582337172006,0.040506720901361426,1.5756000000000001,False,False
mp-1175374,Li9Co7O16,32,8.528298138976288,Triclinic,-1.7139115740625002,0.04351940312500169,0.6973000000000003,False,False
mp-1175376,Li9Co7O16,32,8.701722820870707,Triclinic,-1.7181943787499998,0.039236598437502046,1.1528,False,False
mp-1175381,Li9Co7O16,32,7.890875830976759,Triclinic,-1.7470617496875,0.010369227500001799,0.020500000000000185,False,False
mp-1175401,Li9Co7O16,32,8.599455985133538,Triclinic,-1.7143377459374998,0.043093231250002084,0.6325000000000003,False,False
mp-1175405,Li9Co7O16,32,8.631862114986012,Triclinic,-1.709871319375,0.04755965781250193,0.005300000000000082,False,False
mp-1175409,Li9Co7O16,32,7.867855822357096,Triclinic,-1.7486602865625,0.008770690625001798,0.1730999999999998,False,False
mp-1175415,Li9Co7O16,32,8.58612440623397,Monoclinic,-1.7206068915625004,0.0368240856250015,0.04640000000000022,False,False
mp-1175418,Li9Co7O16,32,8.519664600049955,Monoclinic,-1.7230971618749997,0.034333815312502125,0.6335000000000002,False,False
mp-1175419,Li9Co7O16,32,7.871007718966932,Triclinic,-1.7484929296875,0.008938047500001822,0.13049999999999962,False,False
mp-1175428,Li9Co7O16,32,8.650902686034117,Triclinic,-1.7118408706250001,0.04559010656250173,0.7323999999999997,False,False
mp-1175469,Li9Co7O16,32,7.8766466251641365,Triclinic,-1.7498306231249998,0.007600354062502035,0.0,False,True
mp-1175488,Li9Co7O16,32,8.75348860524686,Triclinic,-1.7099932134375004,0.047437763750001416,0.2827000000000002,False,False
mp-1175506,Li9Co7O16,32,7.89302577550321,Monoclinic,-1.7333158834375002,0.024115093750001648,0.0,False,True
mp-1175571,Li9Co7O16,32,8.591248141663462,Monoclinic,-1.7116999193750004,0.04573105781250142,0.31919999999999993,False,False
mp-1175642,Li9Mn2Co5O16,32,8.872409389615058,Monoclinic,-1.8599410426831904,0.04863858781250041,1.5093,False,False
mp-1175684,Li9Mn2Co5O16,32,7.9863905319399775,Monoclinic,-1.8602233370581907,0.04835629343750014,1.2674000000000003,False,False
mp-1176793,Li9Mn12Ni3O32,56,10.175197552710001,Trigonal,-1.961507105092364,0.003540554505953253,0.0,False,True
mp-1176978,Li9V6(P8O29)2,89,13.169252067018316,Triclinic,-2.5933043504975926,0.04382339840824656,0.248,False,False
mp-1176987,Li9Cr4P4(CO7)4,49,11.17929387031001,Triclinic,-2.4126545083381923,0.03567890897321391,0.3859999999999997,False,False
mp-1177063,Li9Cr12Ni7O48,76,11.85978185065232,Triclinic,-1.7202106901315786,0.035811327267544435,0.0,False,True
mp-1177178,Li9Mn21O40,70,10.780373973325489,Orthorhombic,-2.0442566768078825,0.02207995571427812,0.0,False,True
mp-1203004,Li9Mg3P4O16F3,70,10.212792144950091,Hexagonal,-2.939761777102041,0.009804537892854626,5.5656,False,False
mp-26035,Li9Mn3P8O29,98,11.876254079341994,Monoclinic,-2.630352381855835,0.0,1.3497,True,False
mp-26975,Li9Cr3P8O29,98,11.739033418876323,Trigonal,-2.701587921676384,0.0,3.2574,True,False
mp-27013,Li9V3P8O29,98,11.920079046378154,Trigonal,-2.7296110267784255,0.00016376824830999226,2.1456999999999997,False,False
mp-531804,Li9Mn15O32,56,10.431398018148501,Triclinic,-2.0593572976600987,0.008329470803556838,0.5088999999999997,False,False
mp-531942,Li9Ni23O32,64,8.982693041024408,Triclinic,-1.3512060590624992,0.024326365468750666,0.0,False,True
mp-554093,Li9Fe3P8O29,98,11.830225863823708,Trigonal,-2.597483071982508,0.002551181836736305,2.5723,False,False
mp-560058,Li9Ga3P8O29,98,11.621481312177048,Trigonal,-2.6739523426457725,0.012563674880953002,3.3283000000000005,False,False
mp-560209,Li9Al3P8O29,98,11.277542560535435,Trigonal,-2.869669992798834,0.010622329778911421,5.3647,False,False
mp-583985,Li9Co3P8O29,98,11.297695768567005,Trigonal,-2.484639045962098,0.025925908656463825,2.188,False,False
mp-584450,Li9Co3P8O29,98,11.696743062363634,Monoclinic,-2.4712139294314865,0.03935102518707545,1.5143,False,False
mp-585305,Li9Bi3P8O29,98,13.348856326614744,Trigonal,-2.5687424242274046,0.04966954263605583,4.1806,False,False
mp-690161,Li9Mn20O40,69,10.775039578091096,Triclinic,-2.040790375777113,0.010431950675119595,0.5773999999999999,False,False
mp-690979,Li9Nd6Sb3TeO24,86,12.334979064432938,Triclinic,-2.725992318294574,0.021311449186038445,3.2617999999999996,False,False
mp-757769,K8Li9Mn4O16,37,13.908894281997702,Triclinic,-1.8729941421547074,0.04617884925382132,0.43579999999999997,False,False
mp-758645,Li9Co13O28,50,9.217945626884703,Triclinic,-1.511822746800001,0.03895447187159373,0.0484,False,False
mp-758732,Li9Co13O28,50,9.20978760148262,Triclinic,-1.5113180153999997,0.039459203271594134,0.01059999999999972,False,False
mp-759044,Li9Mg(Ni6O13)2,48,9.326857324456578,Triclinic,-1.3770519730208335,0.032082610266200184,0.38639999999999963,False,False
mp-759153,Li9Ni15O28,52,8.97893818645036,Triclinic,-1.2895868271153847,0.0352434588782069,0.0,False,True
mp-759352,K8Li9(FeO4)4,37,14.264194515485235,Triclinic,-1.7660116815675675,0.03472256525338402,0.0,False,True
mp-759741,Li9V3P8O29,98,11.777093142649928,Triclinic,-2.7041721873906717,0.025602607636064256,0.937,False,False
mp-760818,Li9V3P8O29,98,12.010071623676312,Triclinic,-2.7105891713702626,0.01918562365647336,1.7446,False,False
mp-760842,Li9V3P8O29,98,11.934156434258018,Triclinic,-2.6978657923906706,0.03190900263606444,0.5619000000000001,False,False
mp-760985,Li9V4(PO4)6,43,11.508609059917212,Triclinic,-2.6464762522757472,0.04665908848837219,0.009199999999999875,False,False
mp-761049,Li9V3P8O29,98,11.960665023535187,Triclinic,-2.7125082729008745,0.017266522125860995,1.6257000000000001,False,False
mp-761055,Li9V3P8O29,98,11.954000358344443,Triclinic,-2.7021176684110793,0.027657126615656225,0.6098000000000003,False,False
mp-761083,Li9V3P8O29,98,11.924161436391225,Triclinic,-2.71018665228863,0.019588142738105496,1.4812000000000003,False,False
mp-761091,Li9V3P8O29,98,11.98305797101782,Triclinic,-2.7110045719825084,0.018770223044227485,1.6943,False,False
mp-766679,Li9V21O40,70,10.899528637527588,Tetragonal,-2.507324756571427,0.015283853428570637,0.6539999999999999,False,False
mp-766830,Li9Mn14O32,55,10.374581925636791,Monoclinic,-2.0187421691097183,0.016728047333330665,0.0,False,True
mp-767490,Li9Ti12NbO30,52,10.384070784704836,Trigonal,-3.1810040134615396,0.02102999134615402,0.0,False,True
mp-767704,Li9Mn15O32,56,9.870593037886684,Monoclinic,-2.0179552042672415,0.049731564196414446,0.0,False,True
mp-768947,Li10Zn3(GeO4)4,33,11.142809571783296,Triclinic,-2.232187988282828,0.013148021212119332,3.1107,False,False
mp-769507,Li10CoNi9O20,40,8.493364317735814,Monoclinic,-1.5175472803333327,0.00830747216666694,0.0,False,True
mp-769545,Li10FeNi9O20,40,8.705086872432538,Triclinic,-1.5320347100833338,0.010651133937497725,0.0,False,True
mp-769555,Li10Co3Ni7O20,40,8.187821548349273,Triclinic,-1.5353624755833337,0.0462191835833341,0.0,False,True
mp-769567,Li10Ti11Cr9O40,70,10.70205711122154,Triclinic,-2.9218297829999997,0.0007203993511897266,0.0,False,True
mp-770651,Li10Fe9CoO20,40,9.364179369407912,Monoclinic,-1.9199254180833336,0.005083631937498723,0.22940000000000005,False,False
mp-771052,Li10Fe3Ni7O20,40,8.833722894481918,Monoclinic,-1.6233153788333339,0.008759554895831911,0.2056,False,False
mp-849374,Li10Mg12Fe(PO4)12,83,10.51387998234536,Triclinic,-2.921611987458405,0.0030926920783089784,4.4803,False,False
mp-1178101,Li10Sc9Fe(SiO3)20,100,11.391112040080765,Monoclinic,-3.280708605383333,0.005150644191664,3.0448999999999997,False,False
mp-1185179,Li10Co4O9,46,9.139699589516031,Tetragonal,-1.7747034253623184,0.031534399660325896,1.4378593432243965,False,False
mp-3297,Li10Zn4O9,46,9.379640632169423,Tetragonal,-1.991919412536232,0.0,2.329,True,False
mp-23122,Li10B14Cl2O25,51,8.979567954603601,Cubic,-2.720558200915032,0.026781515465681416,6.4018999999999995,False,False
mp-530277,Li10Co11O21,84,8.322318933538268,Triclinic,-1.6970177326984128,0.026078770297618625,0.5341000000000005,False,False
mp-553950,Li10Si2PbO10,46,10.193698629152227,Monoclinic,-2.488128431014492,0.003769797241846895,2.9602999999999997,False,False
mp-759912,Li10CoNi9O20,40,8.442400863371947,Triclinic,-1.5191597118333326,0.00669504066666704,0.47800000000000065,False,False
mp-760848,Li10Fe3Co7O20,40,8.56455455653322,Monoclinic,-1.7919419003333346,0.013500963562495194,0.0,False,True
mp-764262,Li10FeCo9O20,40,8.718361775838552,Triclinic,-1.7219807865833332,0.043606681937499836,0.11459999999999981,False,False
mp-767498,Li10Ti11Nb6O42,69,11.105739509830483,Trigonal,-3.1159175434782624,0.03606042163043632,2.1917999999999997,False,False
mp-769463,Li11Ti8Fe5O32,56,10.60445643584328,Triclinic,-2.5737923186309524,0.03657579441581138,0.19589999999999996,False,False
mp-769470,Li11Fe(WO4)7,47,12.310992875162757,Monoclinic,-2.251534366312056,0.04589430174201681,2.8156,False,False
mp-769472,Li11(NiO4)2,42,9.592992869788045,Monoclinic,-1.8280032469841272,0.04590649134920266,0.0,False,True
mp-769483,Li11(CoO4)2,42,9.631191310406578,Orthorhombic,-1.9131152212698421,0.02396402059524494,0.2894000000000001,False,False
mp-772943,Li11U4(WO5)8,63,12.368487887517123,Monoclinic,-2.614635892962962,0.027289010112435008,0.0,False,True
mp-774528,Li11Ti24O48,83,10.956186125476831,Monoclinic,-3.2576707476706837,0.007468203012042096,0.0,False,True
mp-774644,Li11V12(CuO4)12,83,10.779788976160095,Monoclinic,-1.9364229957429726,0.04525749820030356,0.0,False,True
mp-849384,Li11V8(PO4)12,79,11.882165969886037,Triclinic,-2.7143578559795056,0.0064429149129816565,0.7162999999999999,False,False
mp-1178085,Li11Fe5(OF11)2,40,10.817117015390949,Triclinic,-2.843001090666666,0.03406566401388744,2.3187,False,False
mp-38676,Li11(NiO2)12,47,8.831283343061044,Monoclinic,-1.4409607546099288,0.015090391959220462,0.0,False,True
mp-531021,Li11Mn13O32,56,10.153542775163885,Monoclinic,-2.0305525953530386,0.01194123530951341,0.0,False,True
mp-554531,Li11La12Fe3O28,108,12.344633464184392,Tetragonal,-3.0274540345679015,0.026215029675924484,2.3348000000000004,False,False
mp-676591,Li11Nb12O36,59,11.441048601135392,Triclinic,-2.8410155502824868,0.042179719830512497,0.0,False,True
mp-694909,Li11Fe3B24(PbO24)2,88,9.502220106641476,Triclinic,-2.6540728206439397,0.007825163979632954,1.2095,False,False
mp-758440,Li11V16O32,59,10.407546990129726,Triclinic,-2.476581457909605,0.03751230218220236,0.9520000000000004,False,False
mp-758517,Li11Ni13O24,48,8.57610159793271,Monoclinic,-1.4577366743055553,0.01692912493055765,0.0,False,True
mp-766484,Li11Mn12(BO3)12,71,10.760401844521185,Triclinic,-2.490201891011819,0.02296050341549627,0.0,False,True
mp-766525,Li11Mn12(BO3)12,71,10.649533839732289,Triclinic,-2.4909709779132263,0.022191416514088402,0.04360000000000008,False,False
mp-766526,Li11Mn12(BO3)12,71,10.649243347821878,Triclinic,-2.491166317209002,0.021996077218313204,0.0,False,True
mp-766660,Li11Fe12(BO3)12,71,10.311665761828642,Triclinic,-2.310182231784038,0.0233281670774792,1.5745,False,False
mp-766960,Li11Fe12(BO3)12,71,10.302172290228812,Triclinic,-2.3183690820657277,0.01514131679578945,1.0162999999999998,False,False
mp-770660,Li12CrGa11O24,48,11.243844806026436,Triclinic,-2.3321086027604174,0.04924509734374638,1.3460999999999999,False,False
mp-774749,RbNa3Li12Ti4O16,36,11.252209485255078,Tetragonal,-2.643367490971423,0.0,4.3103,True,False
mp-775195,Li12Mn11Fe(PO4)12,84,11.130473105696359,Monoclinic,-2.6187593036066157,0.0018750365178554773,3.4699000000000004,False,False
mp-779301,Li12Mn3V5(PO4)12,80,11.666097545539698,Triclinic,-2.663738435993843,0.025039315835929443,0.25170000000000026,False,False
mp-779342,Li12MnV7(PO4)12,80,11.621263912609539,Triclinic,-2.704201557295567,0.010462117445295682,0.23229999999999973,False,False
mp-779437,Li12Mn3V5(PO4)12,80,11.583402374235183,Triclinic,-2.655349462493843,0.03342828933592923,0.0,False,True
mp-850892,Li12Mn5V3(PO4)12,80,11.609261913085172,Triclinic,-2.621845448567118,0.022430970406251305,0.21079999999999988,False,False
mp-887443,Li12Mn3V5(PO4)12,80,11.648453851229087,Triclinic,-2.665499699243842,0.023278052585929743,0.5555000000000003,False,False
mp-1120802,Li12MnCo(Ni5O12)2,48,8.672771276253709,Monoclinic,-1.5752999443318967,0.019513328159719734,0.0,False,True
mp-1178090,Li12Mn7V(PO4)12,80,11.596288253032053,Triclinic,-2.5809447570153936,0.012250637687492016,0.6222000000000001,False,False
mp-1178117,Li12Fe3CoP4(CO7)4,52,10.582360744577159,Monoclinic,-2.326530082857143,0.04408324182692169,2.1717120484248564,False,False
mp-1178138,Li12Mn7V(PO4)12,160,11.605238345507836,Triclinic,-2.577282103765394,0.015913290937492164,0.5488,False,False
mp-1199885,Li12Mo5O17,68,9.749350822664756,Triclinic,-2.1690912322058824,0.01656034676470508,1.2811,False,False
mp-17125,CsNa3Li12(GeO4)4,36,11.701400994511348,Tetragonal,-2.223422387883142,0.0005680809722212743,3.7822999999999998,False,False
mp-17240,RbNa3Li12(SiO4)4,36,10.6529446273781,Tetragonal,-2.6236429144899427,0.0,4.589,True,False
mp-17718,CsKNa2Li12(SiO4)4,36,11.085797539303421,Tetragonal,-2.617462862212883,0.0,4.722099999999999,True,False
mp-759244,Li12Nb14ZnO42,69,11.329298140784394,Triclinic,-2.8748236081159435,0.0071204156884263625,3.2302,False,False
mp-766510,Li12MnFe3P4(CO7)4,52,10.698138541416652,Monoclinic,-2.3557874322404326,0.04821823701922945,3.6399999999999997,False,False
mp-766513,Li12MnNi3P4(CO7)4,52,10.349602709579731,Monoclinic,-2.3194158260865856,0.04561206999999978,2.7359999999999998,False,False
mp-766539,Li12FeNi3P4(CO7)4,52,10.292962390932605,Monoclinic,-2.300224954587912,0.04329886605769229,3.0772000000000004,False,False
mp-766564,Li12Fe3NiP4(CO7)4,52,10.451383665179618,Monoclinic,-2.3232838597802203,0.046225142980769185,3.1360999999999994,False,False
mp-766567,Li12Co3NiP4(CO7)4,52,10.342763978650074,Monoclinic,-2.2896651676648343,0.04417902769230597,2.84,False,False
mp-766677,Li12VNi3P4(CO7)4,52,10.409809242603611,Monoclinic,-2.323820032087912,0.04922397558894165,1.5977000000000001,False,False
mp-767604,Li12Nb14ZnO42,69,11.331471613434395,Triclinic,-2.8750379171014506,0.006906106702919246,3.2580000000000005,False,False
mp-768142,Li13Nb14ZnO42,70,11.16345200792326,Triclinic,-2.8584868854761925,0.01210720258928255,0.0,False,True
mp-769473,Li13Ni9O22,44,8.365103465970913,Triclinic,-1.5270887262121207,0.018385733560607243,0.0,False,True
mp-769522,Li13Mg(Ni6O13)2,52,8.486919641486121,Triclinic,-1.5584436984294865,0.009155799316236113,0.0,False,True
mp-774263,Li13Ti28O56,97,10.941619264272855,Trigonal,-3.2558026154295536,0.006604378350509421,0.0,False,True
mp-530165,Li13Ti22O48,83,10.888890279778641,Monoclinic,-3.2384291922489963,0.007802733222886715,0.0,False,True
mp-530398,Li13Mn21O48,82,10.40996390828183,Monoclinic,-2.013090367315672,0.011522344532531648,0.0,False,True
mp-531078,Li13Co11O24,96,8.244621165912784,Monoclinic,-1.738988151111111,0.014519090624998121,0.20459999999999967,False,False
mp-757347,Li13Ni15O28,56,8.64036344050989,Triclinic,-1.4654675089880946,0.012530504523811103,0.0,False,True
mp-759819,Li13Mn17O40,70,10.078883685609995,Monoclinic,-2.045641956116584,0.013613862214258532,0.0,False,True
mp-766878,Li13Ni15O28,56,8.650369106862463,Triclinic,-1.4666961666666667,0.011301846845238828,0.0,False,True
mp-769537,Li14MgCo13O28,56,8.241530145809088,Triclinic,-1.787312525029762,0.007876497589288434,0.0,False,True
mp-770530,Li14Mn2O9,50,9.862418966832585,Trigonal,-2.0095594511011505,0.04739395919999989,2.5938999999999997,False,False
mp-777836,Li14Co13O28,55,8.341554904155501,Triclinic,-1.7056926895757567,0.016374516795456096,0.3116000000000003,False,False
mp-1210986,Li14Be6(BO3)9,112,9.070947477930348,Hexagonal,-2.744742851949405,0.0,0.008400000000000019,True,False
mp-1213711,Cs2Li14Pb3O14,33,12.105556799992423,Orthorhombic,-1.9013359419993028,0.0,1.8713000000000002,True,False
mp-8711,Cs2Li14Tb3O14,33,12.427056164265325,Orthorhombic,-2.3310820583629392,0.04633227931818151,0.0,False,True
mp-17208,K2Li14Zr3O14,33,11.145478057864763,Orthorhombic,-2.569991883671717,0.0,4.2801,True,False
mp-504263,Li14Co9(P2O7)8,95,11.450282008794208,Triclinic,-2.4510713959047608,0.046054876061401906,2.1437,False,False
mp-504806,K2Li14Pb3O14,33,11.734700734069513,Orthorhombic,-1.9075615027626258,0.0,1.9157000000000002,True,False
mp-504810,Rb2Li14Pb3O14,33,11.822810715661396,Orthorhombic,-1.9081369388383833,0.0,1.9342000000000001,True,False
mp-530600,Li14Ti21O48,83,10.893615703473605,Monoclinic,-3.221947902610442,0.014039973885546786,0.0,False,True
mp-540237,Li14Ni9(P2O7)8,95,11.302830395672558,Triclinic,-2.4568565410626566,0.023449304263158943,3.9337,False,False
mp-556675,Rb2Li14Tb3O14,33,12.25096908363082,Orthorhombic,-2.3339671818686862,0.04250556636363623,0.0,False,True
mp-705402,Li14Mn9(P2O7)8,95,12.120497056894338,Triclinic,-2.6250888682350704,0.035777262947390476,3.7787000000000006,False,False
mp-735790,Li14Mn22Cr3Cu3O56,98,10.436943273291641,Monoclinic,-1.9951959687872385,0.027650471784435027,0.0,False,True
mp-765044,Li14V9(P2O7)8,95,11.928920118549074,Triclinic,-2.6342639486416046,0.04710955174670417,2.5301000000000005,False,False
mp-867892,Li15Mn15SiO32,63,9.455919157837481,Triclinic,-2.181127022523263,0.037765222896829265,0.21960000000000024,False,False
mp-1101663,NaLi15V16O48,80,12.550655764513778,Monoclinic,-2.4030001118922426,0.021693518312500437,3.0463000000000005,False,False
mp-1178192,Li15V6(P8O29)2,95,12.252882647523261,Triclinic,-2.701165706150376,0.014503198067955303,1.0735,False,False
mp-25257,Li15Bi4(PdO10)2,41,11.238329426111852,Triclinic,-1.7990823665853668,0.026216205243903445,0.03420000000000001,False,False
mp-530846,Li15Nb16O48,79,11.303259636697188,Trigonal,-2.872560712911392,0.014766805696195817,0.0,False,True
mp-705910,Li15(NiO2)14,57,8.759942207655607,Monoclinic,-1.4690996282456141,0.04873391383040637,0.0,False,True
mp-759732,Li15Mn8P8(O4F)8,71,10.991378074784581,Triclinic,-2.7072909784590307,0.03249790679576847,0.22030000000000016,False,False
mp-767393,Li15Ti11Nb5O42,73,10.387688904857018,Trigonal,-3.056304059817351,0.027142125479446833,2.2795,False,False
mp-774850,Li16V3Ga13O32,64,11.384739904684608,Triclinic,-2.3696679359505213,0.030751765820305366,1.5151,False,False
mp-849382,Li16Mn15Fe(PO4)16,112,11.136626233270588,Monoclinic,-2.6219911791659345,0.00184175926339325,3.4694000000000003,False,False
mp-543091,Li16(CoO4)3,62,9.681641753346023,Triclinic,-1.9117113147849454,0.024769028629040513,0.0,False,True
mp-1172980,Li17(CoO4)3,64,9.543433754469554,Triclinic,-1.9222114014583331,0.015448023281251722,0.3449000000000002,False,False
mp-530514,Li17Nb18O54,89,11.287959324671107,Triclinic,-2.8757676750187273,0.012929521460669946,0.0,False,True
mp-543090,Li17(CoO4)3,64,9.451213010063894,Monoclinic,-1.9185744233333333,0.019085001406251578,0.0,False,True
mp-686160,Li17Nb20O60,97,11.608871887712203,Triclinic,-2.835461855635739,0.034271656494846425,0.0,False,True
mp-757655,Li17Ni11O28,56,8.278066582405776,Triclinic,-1.5367205988690478,0.01723299672619305,0.4691000000000001,False,False
mp-761629,Li17V16O32,65,9.486168880659662,Monoclinic,-2.444152372871796,0.023542106076924085,0.6445999999999996,False,False
mp-698842,Li19Ni23O42,84,8.726562855767746,Triclinic,-1.465116302896826,0.006217282063493812,0.0,False,True
mp-532301,Li20(CoO2)21,83,8.380620723618465,Triclinic,-1.7192153468273086,0.006272500527108704,0.0,False,True
mp-685320,Li20B54O,75,9.73466155491251,Triclinic,-0.2653166134222215,0.044718160533332885,0.0,False,True
mp-705640,Li20Co21O40,81,8.38463245663858,Triclinic,-1.6871497929218104,0.03695862271604966,1.4030999999999998,False,False
mp-769519,Li21(FeO4)4,41,9.917160488688584,Monoclinic,-1.9987800448780486,0.028553344390245705,1.4195,False,False
mp-850954,Li21(CoO4)4,82,9.800213307761776,Monoclinic,-1.8926166597560987,0.04355693079268885,0.0,False,True
mp-530102,Li21Mo11O32,64,10.100228655238368,Monoclinic,-2.11004925421875,0.033848456855468,0.008500000000000618,False,False
mp-531342,Li21V20O40,81,8.982277110228354,Tetragonal,-2.4342775590123464,0.038569821296295714,0.1407999999999996,False,False
mp-705828,Li23Ni17O40,80,8.376807084080207,Triclinic,-1.515544620708333,0.021620285958336538,0.0,False,True
mp-768391,Li24Ti7Cr5O36,72,8.9728217130518,Triclinic,-2.667086627407407,0.012517544270822967,1.2749000000000001,False,False
mp-768392,Li24Ti7Cr5O36,72,8.977786109855142,Triclinic,-2.667241576712964,0.012362594965266815,1.3016,False,False
mp-768397,Li24Ti5Cr7O36,72,8.91255369228648,Triclinic,-2.5430178060648143,0.015646272951388873,1.2071999999999998,False,False
mp-768398,Li24Ti5Cr7O36,72,8.933345260323728,Triclinic,-2.54315272037037,0.015511358645833084,1.166,False,False
mp-768405,Li24Ti7Cr5O36,72,8.988209656121875,Triclinic,-2.6665177483796305,0.013086423298600103,1.2939000000000003,False,False
mp-768406,Li24Ti7Cr5O36,72,8.979202529871863,Triclinic,-2.664092388935186,0.015511782743044655,1.2200000000000002,False,False
mp-768407,Li24Ti5Cr7O36,72,8.915814278849478,Triclinic,-2.5424826231481483,0.016181455868053973,1.2211000000000003,False,False
mp-768408,Li24Ti5Cr7O36,72,8.922744562296907,Triclinic,-2.542407836481482,0.016256242534720577,1.1905999999999999,False,False
mp-768420,Li24Ti7Cr5O36,72,8.98560235815665,Triclinic,-2.659950681435186,0.01965349024304519,1.2496,False,False
mp-768421,Li24Ti5Cr7O36,72,8.915162325474364,Triclinic,-2.5406385399537035,0.018025539062499263,1.1717999999999997,False,False
mp-768430,Li24Ti7Cr5O36,72,8.952562558914908,Triclinic,-2.664360139907407,0.01524403177082334,1.3141000000000003,False,False
mp-768431,Li24Ti5Cr7O36,72,8.91569715258562,Triclinic,-2.542877913981481,0.0157861650347213,1.2212,False,False
mp-768433,Li24Ti5Cr7O36,72,8.919772859085093,Triclinic,-2.5422382156481476,0.016425863368055182,1.1976,False,False
mp-768449,Li24Ti7Cr5O36,72,8.969695378405003,Triclinic,-2.6667793507407405,0.012824820937489712,1.3152999999999997,False,False
mp-768475,Li24Ti7Cr5O36,72,8.970768020517044,Triclinic,-2.6661379339351856,0.013466237743045006,1.2928000000000002,False,False
mp-768480,Li24Ti5Cr7O36,72,8.937042288242559,Triclinic,-2.5429082130092593,0.015755866006943897,1.2258999999999998,False,False
mp-768532,Li24Ti5Cr7O36,72,8.898433336142652,Triclinic,-2.537492866620371,0.021171212395831418,0.0,False,True
mp-768724,Li24Mn7Cr5O36,72,8.733264395590243,Triclinic,-2.2007657447988507,0.03205068562500024,1.2022000000000002,False,False
mp-768726,Li24Mn5Cr7O36,72,8.733424504412,Triclinic,-2.209597178606322,0.03591943805555342,1.1774,False,False
mp-768759,Li24Mn7Cr5O36,72,8.716626758954861,Triclinic,-2.1993759772988506,0.03344045312500121,1.0957,False,False
mp-768784,Li24Mn5Cr7O36,72,8.74907285270781,Triclinic,-2.209744166522989,0.03577245013888675,1.1560000000000001,False,False
mp-768825,Li24Mn5Cr7O36,72,8.7434290253459,Triclinic,-2.2094443202729894,0.03607229638888576,1.1349,False,False
mp-768841,Li24Mn7Cr5O36,72,8.742533384403359,Triclinic,-2.200560935493295,0.03225549493055624,1.2372999999999998,False,False
mp-768842,Li24Mn5Cr7O36,72,8.77573585233472,Triclinic,-2.2101614361063224,0.035355180555552757,1.1559000000000001,False,False
mp-768843,Li24Mn5Cr7O36,72,8.74590427514368,Triclinic,-2.2094248915229895,0.0360917251388857,1.1509999999999998,False,False
mp-768905,Li24Mn5Cr7O36,72,8.783927949366173,Triclinic,-2.2096777626341,0.035838854027775646,1.0070000000000001,False,False
mp-768924,Li24Mn5Cr7O36,72,8.73610289194618,Triclinic,-2.209721488328545,0.035795128333329984,1.1406999999999998,False,False
mp-768925,Li24Mn7Cr5O36,72,8.719216383091213,Triclinic,-2.1967198768821836,0.0360965535416673,0.12149999999999972,False,False
mp-768929,Li24Mn7Cr5O36,72,8.722996806838186,Triclinic,-2.2007427225766287,0.032073707847223076,1.2222,False,False
mp-769012,Li24Mn7Cr5O36,72,8.741726148803771,Triclinic,-2.2010799014655174,0.031736528958333565,1.2096,False,False
mp-769037,Li24Mn5Cr7O36,72,8.790464449232392,Triclinic,-2.2092616763841004,0.03625494027777432,1.1738,False,False
mp-770232,Li24Mn7Cr5O36,72,8.737285406792386,Triclinic,-2.2009508141044063,0.03186561631944507,1.1761,False,False
mp-770492,Li24Mn11CrO36,72,8.654158442881767,Triclinic,-2.184056704267242,0.006596765763890566,1.2313,False,False
mp-770504,Li24MnCr11O36,72,8.794316494752202,Triclinic,-2.2303592885823766,0.023795112638884675,0.8510999999999997,False,False
mp-770619,Li24Mn11CrO36,72,8.643412947758902,Monoclinic,-2.182771846350575,0.007881623680557226,1.2342000000000002,False,False
mp-770622,Li24Mn11CrO36,72,8.64787108114081,Monoclinic,-2.1835368931561305,0.00711657687500189,1.3271000000000002,False,False
mp-770667,Li24MnCr11O36,72,8.850506826251552,Monoclinic,-2.2283563053879316,0.025798095833329704,0.0,False,True
mp-770668,Li24Mn11CrO36,72,8.644759419746915,Monoclinic,-2.184047827878353,0.006605642152779367,1.24,False,False
mp-770669,Li24Mn11CrO36,72,8.658147060316693,Monoclinic,-2.183746639961686,0.006906830069445924,1.2616999999999998,False,False
mp-770973,Li24MnCr11O36,72,8.839828475274526,Monoclinic,-2.2238593883045987,0.030295012916663033,1.0015999999999998,False,False
mp-770985,Li24MnCr11O36,72,8.816231282402466,Triclinic,-2.2273507569157096,0.026803644305552154,1.1265999999999998,False,False
mp-771282,Li24Ti7Cr5O36,72,8.979538702074128,Triclinic,-2.6663822654629623,0.013221906215267865,1.2134,False,False
mp-771365,Li24Ti5Cr7O36,72,8.923101474644135,Triclinic,-2.542436684120371,0.01622739489583136,1.1757999999999997,False,False
mp-777351,Li24TiCr11O36,72,8.835662144123127,Monoclinic,-2.2945699485185194,0.022213945173605865,0.0,False,True
mp-777641,Li24Mn7Cr5O36,72,8.74099281712254,Triclinic,-2.201594126465517,0.031222303958334585,1.1921000000000002,False,False
mp-777643,Li24Mn7Cr5O36,72,8.691747022983982,Triclinic,-2.2011995961877395,0.031616834236111835,1.1569000000000003,False,False
mp-777958,Li24Mn5Cr7O36,72,8.780999471940346,Triclinic,-2.2090995965229894,0.03641702013888626,0.883,False,False
mp-778112,Li24Mn5Cr7O36,72,8.73759859985584,Triclinic,-2.210063665411878,0.035452951249997255,1.1303,False,False
mp-778889,Li24Ti11CrO36,72,9.122481926563147,Monoclinic,-2.9183564680092604,0.003127888993044614,1.586,False,False
mp-779077,Li24TiCr11O36,72,8.841031267206064,Triclinic,-2.2972074435185186,0.019576450173606652,0.8887,False,False
mp-779092,Li24Ti11CrO36,72,9.096674672930925,Monoclinic,-2.918359551342594,0.00312480565971196,1.4654999999999998,False,False
mp-779227,Li24Ti11CrO36,72,9.082667190172707,Monoclinic,-2.918234809537038,0.0032495474652680656,1.4433999999999998,False,False
mp-779361,Li24Ti11CrO36,72,9.095143268138175,Triclinic,-2.9184783667592606,0.0030059902430448204,1.5560999999999998,False,False
mp-779775,Li24Ti11CrO36,72,9.069486853806172,Monoclinic,-2.917955947037038,0.003528409965267265,1.3312999999999997,False,False
mp-780441,Li24Mn7Cr5O36,72,8.726558774194698,Triclinic,-2.20057452354885,0.032241906875000836,1.004,False,False
mp-780842,Li24TiCr11O36,72,8.841314741526185,Monoclinic,-2.2939541596296302,0.022829734062495,1.0276,False,False
mp-1178068,Li24TiCr11O36,72,8.752457885288347,Monoclinic,-2.295121132685186,0.021662761006939313,0.9709000000000003,False,False
mp-1178077,Li24MnCr11O36,72,8.7749740856381,Monoclinic,-2.2303784560823763,0.023775945138885035,1.004,False,False
mp-686736,Sr5Li25La7(BiO6)8,93,12.8786545114031,Triclinic,-2.375102076218639,0.030745972379026654,1.9255,False,False
mp-1185277,K8Li31Al8O32,79,11.55512724448683,Triclinic,-2.3903970955864975,0.014991266206488163,0.0,False,True
mp-776967,Li32Ti13Cr3O48,96,9.034388289811243,Triclinic,-2.838707244583334,0.007189554505197648,1.4473,False,False
mp-776968,Li32Ti3Cr13O48,96,8.827230824982967,Triclinic,-2.373531736215277,0.01883971539062479,1.0685000000000002,False,False
mp-776969,Li32Ti3Cr13O48,96,8.878547526115023,Triclinic,-2.3739167559027776,0.018454695703123747,1.2218,False,False
mp-777044,Li32Ti3Cr13O48,96,8.85012408144899,Triclinic,-2.3736226407986103,0.018748810807291072,1.2337000000000002,False,False
mp-777110,Li32Ti13Cr3O48,96,9.056665083020842,Triclinic,-2.8390163578125005,0.00688044127603149,1.5241,False,False
mp-777154,Li32Ti11Cr5O48,96,9.001651363516759,Monoclinic,-2.7378779598263896,0.017313769765620712,1.1974,False,False
mp-777345,Li32Ti3Cr13O48,96,8.848143258314362,Triclinic,-2.373660337777777,0.018711113828124404,1.1844999999999999,False,False
mp-777374,Li32Ti13Cr3O48,96,9.032238924643023,Triclinic,-2.8389053564583335,0.006991442630198463,1.5553,False,False
mp-777376,Li32Ti13Cr3O48,96,9.032835729422082,Triclinic,-2.8385483487500003,0.007348450338531265,1.4426,False,False
mp-777397,Li32Ti3Cr13O48,96,8.875488638506818,Triclinic,-2.3730295219444435,0.01934192966145787,1.1164,False,False
mp-777482,Li32Ti3Cr13O48,96,8.848263485118052,Triclinic,-2.37340055923611,0.01897089236979177,1.1528999999999998,False,False
mp-777532,Li32Ti5Cr11O48,96,8.871683269799275,Monoclinic,-2.453995502430556,0.029081018671869074,0.7584999999999997,False,False
mp-777558,Li32Ti3Cr13O48,96,8.877645931157728,Triclinic,-2.3740362102777772,0.01833524132812414,1.1255000000000002,False,False
mp-777576,Li32Mn3Cr13O48,96,8.799095688944233,Triclinic,-2.223212405733955,0.028242687812499945,1.1199,False,False
mp-777593,Li32Ti3Cr13O48,96,8.825473360593053,Triclinic,-2.373073382152777,0.019298069453124178,1.0953,False,False
mp-777689,Li32Mn5Cr11O48,96,8.75605952592141,Monoclinic,-2.20159985798252,0.046616066354164154,0.4636,False,False
mp-777691,Li32Mn3Cr13O48,96,8.805287124835926,Triclinic,-2.2218432589631223,0.029611834583333163,1.1507,False,False
mp-777734,Li32Mn11Cr5O48,96,8.717126847272166,Triclinic,-2.195589767853209,0.02405073744791686,1.2296,False,False
mp-777735,Li32Ti5Cr11O48,96,8.919603323820757,Triclinic,-2.4530075348263893,0.030068986276035936,0.8674,False,False
mp-777750,Li32Mn13Cr3O48,96,8.686691102237214,Triclinic,-2.1892036184351054,0.014625776718750316,1.2715999999999998,False,False
mp-777770,Li32Mn13Cr3O48,96,8.707925898754926,Triclinic,-2.1892761141642727,0.014553280989582973,1.2790000000000001,False,False
mp-777797,Li32Mn3Cr13O48,96,8.771244390590033,Triclinic,-2.223351066983956,0.028104026562498774,1.1235999999999997,False,False
mp-777826,Li32Mn3Cr13O48,96,8.809961529986529,Triclinic,-2.2225849056297893,0.028870187916665735,1.172,False,False
mp-777827,Li32Mn3Cr13O48,96,8.772542016635345,Triclinic,-2.223011640733956,0.028443452812498826,1.1206999999999998,False,False
mp-777837,Li32Mn13Cr3O48,96,8.668431343904809,Triclinic,-2.1890073061434396,0.014822089010416484,1.3448999999999998,False,False
mp-777838,Li32Mn13Cr3O48,96,8.664606761157904,Triclinic,-2.1893469347892722,0.014482460364583893,1.3582,False,False
mp-777842,Li32Mn3Cr13O48,96,8.808041998542096,Triclinic,-2.2236393072964558,0.02781578624999881,1.0061,False,False
mp-777884,Li32Mn13Cr3O48,96,8.67405610327931,Triclinic,-2.1893617758309394,0.014467619322916292,1.3658000000000001,False,False
mp-777886,Li32Mn3Cr13O48,96,8.743907252022968,Triclinic,-2.222580692504789,0.02887440104166572,1.1143,False,False
mp-777936,Li32Ti11Cr5O48,96,8.998326642044393,Triclinic,-2.738731290243056,0.016460439348954914,1.2147999999999999,False,False
mp-777959,Li32Mn3Cr13O48,96,8.77088160559593,Triclinic,-2.2228173383381216,0.028637755208333004,1.1328,False,False
mp-777960,Li32Mn11Cr5O48,96,8.703062002145975,Triclinic,-2.195313288894875,0.024327216406250685,1.0191999999999999,False,False
mp-778088,Li32Mn13Cr3O48,96,8.67900740287888,Triclinic,-2.189107781351773,0.0147216138020827,1.3219,False,False
mp-778090,Li32Mn11Cr5O48,96,8.687233587759268,Monoclinic,-2.1930317667073758,0.026608738593750125,1.1614,False,False
mp-778110,Li32Mn13Cr3O48,96,8.675065016041184,Triclinic,-2.1889325158309387,0.014896879322916945,1.1045,False,False
mp-778189,Li32Mn13Cr3O48,96,8.710585911541292,Triclinic,-2.1892244287476057,0.01460496640625042,1.2672,False,False
mp-778190,Li32Mn3Cr13O48,96,8.780810300176798,Triclinic,-2.222917818442289,0.02853727510416615,1.1591,False,False
mp-778359,Li32Mn3Cr13O48,96,8.809447890093573,Triclinic,-2.223186986879789,0.02826810666666546,1.1585999999999999,False,False
mp-778376,Li32Mn5Cr11O48,96,8.746941712229459,Monoclinic,-2.2152482031908534,0.03296772114583035,0.7617000000000003,False,False
mp-778621,Li32Ti3Cr13O48,96,8.87677200379435,Triclinic,-2.3736074273611103,0.018764024244791067,1.1997,False,False
mp-781106,Li32Mn5Cr11O48,96,8.770514196757702,Monoclinic,-2.1992142701700197,0.04900165416666358,0.0,False,True
mp-1177737,Li32Ti13Cr3O48,96,9.058187614575393,Triclinic,-2.838736237083333,0.007160562005198656,1.4324999999999999,False,False
mp-1177743,Li32Ti3Cr13O48,96,8.87976759157654,Triclinic,-2.373585775381944,0.018785676223957992,1.1293000000000002,False,False
mp-1177747,Li32Mn13Cr3O48,96,8.684218455575808,Triclinic,-2.189135022601773,0.014694372552082946,1.3745,False,False
mp-1177783,Li32Mn11Cr5O48,96,8.696590536464939,Triclinic,-2.1832468279573747,0.03639367734375121,1.0065,False,False
mp-1177789,Li32Mn13Cr3O48,96,8.716852348423076,Triclinic,-2.1892495270809396,0.014579868072916113,1.3133000000000001,False,False
mp-1177811,Li32Ti13Cr3O48,96,9.08594456643034,Triclinic,-2.8391193029166666,0.006777496171864961,1.5290000000000001,False,False
mp-1177824,Li32Ti13Cr3O48,96,9.079692936927781,Triclinic,-2.83934014625,0.006556652838531463,1.5932000000000002,False,False
mp-1177917,Li32Mn11Cr5O48,96,8.748584533034716,Monoclinic,-2.1954084826448756,0.024232022656250685,1.1768,False,False
mp-1177991,Li32Mn5Cr11O48,96,8.771106244125814,Triclinic,-2.213642764545019,0.0345731597916652,0.698,False,False
mp-850218,Li35(FeO4)8,75,10.715004562506046,Triclinic,-1.9352236890222214,0.04786506073333818,0.06539999999999999,False,False
mp-757535,Li35(RuO4)12,95,9.398824390682334,Monoclinic,-1.9234325439649123,0.003406417820174923,0.0,False,True
mp-850945,Li47(NiO4)8,87,9.328797957820763,Triclinic,-1.8625232629501918,0.037424041130270425,1.1132,False,False
mp-1177487,Li47(CoO4)8,87,9.426782154364206,Triclinic,-1.9154200837547897,0.02293956169540401,0.8284,False,False
mp-1185524,Li95Mn16O64,175,9.734287121102193,Orthorhombic,-2.0459734841917903,0.012894394142858978,0.03160000000000007,False,False
